customer_id,billing_month,plan_price,discount_applied,final_billed_price,expected_revenue,actual_revenue,payment_delay_days,refund_amount,content_hours_available,content_hours_consumed,active_days,login_count,device_count,customer_tenure_months,support_tickets,auto_renew,churn_flag,marketing_channel,region
100001,Jan-2024,1299,11.77842888219189,1287.221571117808,1290.8118170530756,1117.704315416171,1.0,154.51725570163683,149,79.030727422791,19,7,1,39,0,No,0,Paid Search,West
100002,Jan-2024,1499,260.70762202177707,1238.292377978223,1459.1475546982808,1200.5974267242138,,22.694951254009055,140,43.51303098823083,0,12,2,57,4,No,1,Organic,West
100003,Jan-2024,999,226.36388733035164,772.6361126696484,990.4903445345345,750.8929470718294,1.0,6.743165597818972,93,90.91992682084908,24,14,1,28,1,Yes,1,Referral,West
100004,Jan-2024,1499,110.72157644701724,1388.2784235529828,1512.8517790536685,1310.3170770536124,4.0,17.961346499370478,249,93.74395491125026,15,11,3,30,1,Yes,0,Paid Search,East
100005,Jan-2024,1499,11.739674457597744,1487.2603255424024,1564.4152083335766,1449.9877571004654,2.0,7.272568441936926,236,121.0536635046822,15,11,5,22,0,No,0,Referral,West
100006,Jan-2024,699,171.3636881615247,527.6363118384753,698.9611909673696,388.31209577110474,3.0,,177,44.16454338587278,28,9,1,50,0,Yes,0,Organic,South
100007,Jan-2024,999,164.7727301505131,834.2272698494869,1037.747513293398,706.251495409108,1.0,112.97577444037898,72,55.69444123178313,9,11,5,54,0,Yes,0,Referral,North
100008,Jan-2024,999,260.9201139590138,738.0798860409861,1047.4071414310913,495.5438316308325,,167.53605441015364,239,19.14236927772095,23,13,1,23,1,Yes,0,Paid Search,West
100009,Jan-2024,999,96.75173821674117,902.2482617832588,1004.895941156466,751.8379096580964,8.0,30.410352125162433,72,131.60481277057278,16,9,1,18,1,No,1,Paid Search,North
100010,Jan-2024,1499,293.39065618379954,1205.6093438162004,1446.0956290620309,1025.8941821633289,5.0,104.71516165287156,283,38.303012008562106,28,11,4,17,2,Yes,1,Organic,West
100011,Jan-2024,1299,85.16963959970792,1213.8303604002922,1347.7531513199492,1080.8008249726834,1.0,118.02953542760882,235,14.520294289039619,9,8,5,54,1,Yes,0,Referral,East
100012,Jan-2024,999,11.499814145090625,987.5001858549094,1035.1993948006452,760.2364779512952,3.0,182.2637079036142,104,123.44835634380416,5,9,5,31,0,No,0,Paid Search,South
100013,Jan-2024,1499,14.126069342726254,1484.8739306572738,1554.247230486614,1370.4348958942494,6.0,24.439034763024537,210,42.864305692303,13,16,1,28,1,Yes,0,Organic,North
100014,Jan-2024,699,142.51061530372613,556.4893846962739,730.4933800226969,416.2029947065324,2.0,110.28638998974145,126,166.61558357592176,25,9,3,8,1,No,0,Referral,East
100015,Jan-2024,1299,142.13825891295213,1156.861741087048,1269.958966034186,1039.0526023847515,6.0,27.80913870229652,112,50.362888983914544,27,14,3,32,1,Yes,0,Paid Search,West
100016,Jan-2024,699,189.3433368900931,509.6566631099069,687.356795841638,204.96166707483349,2.0,274.6949960350734,152,,27,8,5,43,1,No,0,Organic,South
100017,Jan-2024,1299,139.15511626578706,1159.844883734213,1323.3038991725214,972.2238610419856,10.0,37.62102269222734,293,88.41961394447145,14,10,4,6,1,No,0,Affiliate,South
100018,Jan-2024,1499,267.2782219277195,1231.7217780722804,1508.579111824642,1112.76778229533,2.0,88.95399577695036,109,40.79298309135951,3,13,4,8,2,Yes,0,Organic,East
100019,Jan-2024,499,118.66870818449085,380.33129181550913,517.3816182728011,208.00900408950892,3.0,127.32228772600021,276,76.98572759341712,30,6,3,54,0,Yes,0,Organic,South
100020,Jan-2024,1299,89.55315178456993,1209.44684821543,1267.1103676706618,924.2596547818739,6.0,195.18719343355616,238,27.50718163472248,30,11,4,22,2,Yes,0,Organic,North
100021,Jan-2024,699,135.46839738410472,563.5316026158953,710.0728191027162,298.2752395916096,11.0,100.25636302428569,129,,26,9,1,40,1,Yes,0,Organic,West
100022,Jan-2024,1499,90.81344253197776,1408.1865574680223,1565.0174371347566,1206.896189778975,4.0,141.29036768904726,253,35.678837286433115,1,4,1,51,1,No,0,Referral,South
100023,Jan-2024,1299,182.56691771972373,1116.4330822802763,1262.0917529097396,908.5235551497294,10.0,57.90952713054681,238,84.4083830844134,18,11,5,47,2,No,0,Affiliate,West
100024,Jan-2024,499,276.8631598781899,222.1368401218101,489.36329394289817,147.66727643127444,1.0,59.46956369053568,144,45.93333891758006,27,10,2,31,1,Yes,0,Paid Search,South
100025,Jan-2024,499,31.653061646097697,467.3469383539023,494.3801470133107,273.80378234328424,2.0,163.54315601061808,118,55.62802444804106,12,13,3,51,2,No,0,Referral,North
100026,Jan-2024,999,320.22680236702206,678.7731976329779,957.7507488699905,485.8162917137322,5.0,117.95690591924571,163,,11,10,3,6,2,Yes,0,Organic,West
100027,Jan-2024,999,251.13974936741172,747.8602506325883,966.7192839948765,607.814164363559,2.0,110.04608626902927,153,47.458304562610664,24,13,2,4,1,Yes,0,Paid Search,North
100028,Jan-2024,699,294.7776186498065,404.2223813501935,690.7583447197891,261.3719444537876,,37.850436896405874,157,83.34624885003389,20,4,4,55,2,Yes,0,Organic,South
100029,Jan-2024,1299,172.74766277215573,1126.2523372278442,1243.7136999740055,1090.4851964936006,2.0,5.767140734243661,138,18.778579364842336,22,6,1,59,0,Yes,0,Affiliate,East
100030,Jan-2024,1299,30.868178909781534,1268.1318210902184,1281.1575409746106,1046.327635494896,,56.80418559532235,70,60.763288114516435,30,12,1,7,0,Yes,0,Organic,West
100031,Jan-2024,999,243.69785133769653,755.3021486623035,973.4397645312699,580.6083422157197,6.0,84.69380644658368,180,224.2062608635314,12,10,3,57,3,Yes,0,Paid Search,West
100032,Feb-2024,1299,75.04789118779918,1223.9521088122008,1346.3499283441456,1045.51363181448,3.0,133.4384769977208,225,111.75850254285456,14,11,3,34,1,Yes,0,Referral,North
100033,Feb-2024,1299,164.1461407324026,1134.8538592675973,1313.0933110531605,955.4301942550937,11.0,14.423665012503577,59,43.52091003469916,1,9,4,27,2,Yes,0,Affiliate,North
100034,Feb-2024,499,129.43788086356577,369.56211913643426,518.884652457507,226.19014033657777,8.0,23.37197879985647,136,53.31638631237408,7,14,4,2,0,Yes,0,Affiliate,East
100035,Feb-2024,999,284.9635028156275,714.0364971843725,969.3184090371028,625.3313957692017,4.0,28.70510141517081,258,33.73460282245972,2,10,3,54,0,Yes,1,Paid Search,North
100036,Feb-2024,1499,237.6392407107995,1261.3607592892006,1436.2904655228247,1168.4739489569001,6.0,2.886810332300513,219,75.11343291909748,0,5,4,14,0,Yes,0,Affiliate,East
100037,Feb-2024,999,140.3321042025155,858.6678957974846,984.4193152257374,842.8586186500497,0.0,15.80927714743489,276,14.790132433174305,28,11,2,41,1,No,1,Referral,North
100038,Feb-2024,1499,84.19286322481835,1414.8071367751816,1432.5081384908096,1291.8690695862126,8.0,2.938067188969015,266,35.63107437930184,23,7,1,29,4,No,0,Affiliate,South
100039,Feb-2024,499,73.77270401649587,425.2272959835041,518.1373513523424,320.2565598239508,3.0,59.97073615955334,243,26.133216059473536,10,12,3,39,0,No,0,Affiliate,South
100040,Feb-2024,699,234.50667473813004,464.4933252618699,677.2018269445804,461.4087427138939,,3.0845825479760265,140,34.79747304064346,26,8,2,22,0,Yes,0,Organic,East
100041,Feb-2024,1299,183.61323132559014,1115.38676867441,1252.3753179056152,1001.219371813431,2.0,84.1673968609789,223,58.51585363088277,8,13,2,5,1,No,0,Organic,South
100042,Feb-2024,499,30.386632129543386,468.6133678704566,513.3603184863252,390.82204036107584,5.0,2.7913275093807925,186,3.770963399750241,23,13,5,56,3,Yes,0,Referral,East
100043,Feb-2024,1299,66.79055669626669,1232.2094433037332,1326.591690215353,1025.4701970079182,7.0,101.73924629581501,172,38.845029293274614,16,8,3,44,2,Yes,0,Organic,South
100044,Feb-2024,699,173.4610980188948,525.5389019811053,668.0312263628643,419.473668421688,7.0,1.0652335594172229,226,32.375014769759325,27,11,5,18,1,No,0,Affiliate,East
100045,Feb-2024,699,23.15313987410687,675.8468601258932,699.6686105721934,562.3879575743571,1.0,98.45890255153606,53,96.59396771797287,6,17,2,51,2,Yes,1,Referral,West
100046,Feb-2024,499,34.70442469949076,464.29557530050926,496.44760947369366,386.408273994994,4.0,17.887301305515265,237,22.026154283593605,22,8,3,16,1,Yes,0,Referral,East
100047,Feb-2024,699,230.71292745391847,468.2870725460815,691.0913449988985,332.458069137179,1.0,120.8290034089025,139,59.21251742510925,3,7,5,44,1,Yes,1,Paid Search,South
100048,Feb-2024,1499,294.2686536498809,1204.731346350119,1443.0423536948622,1097.4893490828345,,92.24199726728469,145,43.611386731289485,28,9,1,6,3,Yes,0,Organic,North
100049,Feb-2024,699,59.915756755644196,639.0842432443558,719.0859062445668,514.5519476483437,5.0,49.53229559601212,78,101.50441103266972,28,13,3,1,0,Yes,0,Paid Search,West
100050,Feb-2024,1299,144.62876308653918,1154.3712369134607,1265.2202577480423,1029.7433161239903,8.0,4.627920789470494,135,92.09743154783382,12,8,5,12,1,Yes,0,Paid Search,North
100051,Feb-2024,1299,141.09040008187674,1157.9095999181231,1293.5747666456787,1006.6041055935295,7.0,46.30549432459361,96,146.7080115566903,27,10,4,24,2,Yes,0,Organic,West
100052,Feb-2024,1299,130.295507436418,1168.7044925635819,1348.5002533191068,1078.8253896362453,3.0,44.879102927336675,126,103.99994112372887,23,2,3,11,0,Yes,0,Paid Search,West
100053,Feb-2024,1299,154.87181713875583,1144.128182861244,1275.3896947765666,959.6959377732899,10.0,34.43224508795424,136,62.397184923417655,4,6,4,43,1,No,0,Affiliate,East
100054,Feb-2024,1499,240.77987134081877,1258.2201286591812,1429.4062580983457,1159.4718364054975,4.0,38.74829225368373,240,87.74381862691203,28,16,3,41,1,No,1,Organic,East
100055,Feb-2024,999,69.12907839244855,929.8709216075515,1037.8743310106336,853.924554136792,3.0,30.946367470759483,80,40.466569182495405,11,9,5,34,1,No,0,Organic,West
100056,Feb-2024,499,33.03330414192797,465.96669585807206,498.6951436374027,442.45885087997283,0.0,23.507844978099243,100,,19,6,5,29,2,Yes,0,Paid Search,South
100057,Feb-2024,1299,352.80119203245124,946.1988079675488,1298.6184726225276,734.804983424807,9.0,76.39382454274178,218,55.952546331537555,28,11,3,32,2,No,0,Organic,West
100058,Feb-2024,699,280.73063093880603,418.26936906119397,702.5939611053332,363.00462398787033,0.0,55.26474507332364,85,23.09797507067298,4,13,2,57,0,Yes,1,Organic,South
100059,Feb-2024,1299,17.56345545007224,1281.4365445499277,1257.4234246528038,1051.1723530615313,2.0,200.26419148839625,294,99.04333854634501,10,10,5,21,0,Yes,0,Organic,West
100060,Feb-2024,699,166.2758410531144,532.7241589468856,714.0205399127132,523.5189393800856,,9.205219566799968,217,125.45081147172337,1,7,3,40,0,Yes,0,Affiliate,South
100061,Mar-2024,699,271.28425975033326,427.71574024966674,680.2235554451462,343.3260316713499,3.0,39.38970857831686,144,44.11815286485665,3,12,3,33,0,No,0,Organic,East
100062,Mar-2024,1299,239.8852733431247,1059.1147266568753,1273.1691476584547,604.3702011681193,10.0,304.74452548875604,237,46.800554917847414,9,12,1,33,0,No,0,Paid Search,West
100063,Mar-2024,1499,205.44159719151418,1293.5584028084859,1518.665228283025,1246.44255719222,1.0,32.11584561626583,64,28.740921812546162,23,14,4,28,0,No,0,Referral,West
100064,Mar-2024,699,129.57277300899074,569.4272269910093,716.4579584051547,398.1695174776272,3.0,126.2577095133821,127,,6,15,1,44,1,No,0,Paid Search,South
100065,Mar-2024,699,357.2764710074349,341.7235289925651,715.1201198572348,185.599540076352,4.0,96.12398891621308,276,81.12194312130964,11,13,4,36,1,Yes,0,Affiliate,South
100066,Mar-2024,1299,176.5030646951352,1122.4969353048648,1244.8511009203453,870.7145736815665,,236.78236162329827,265,18.146835496823563,7,11,4,1,3,Yes,0,Referral,West
100067,Mar-2024,699,88.20488888151716,610.7951111184829,716.7949392931113,516.3434537074721,2.0,64.45165741101076,207,,29,8,1,12,2,Yes,0,Referral,South
100068,Mar-2024,699,254.52908746147145,444.4709125385285,710.3745079211542,190.90445519568664,12.0,73.56645734284189,207,77.56897447247009,22,16,2,46,1,Yes,0,Referral,East
100069,Mar-2024,1299,161.52703703417046,1137.4729629658295,1312.6519673153712,1023.0425932544229,5.0,39.43036971140674,204,56.56700793649124,22,6,3,33,1,Yes,0,Affiliate,East
100070,Mar-2024,1299,191.97572727043467,1107.0242727295654,1359.6469653934478,1043.201944007925,0.0,63.82232872164041,290,81.44969270244304,26,11,5,44,1,No,0,Organic,West
100071,Mar-2024,499,174.3779041909449,324.6220958090551,491.356601044759,234.34991074233534,4.0,30.272185066719786,89,25.772072271661646,22,10,3,5,1,Yes,0,Referral,West
100072,Mar-2024,1499,209.6130688520292,1289.3869311479707,1526.4446239479607,1153.7115823821666,1.0,120.67534876580402,255,159.3219757501399,15,17,1,2,1,Yes,0,Affiliate,South
100073,Mar-2024,1499,32.58524959209517,1466.4147504079049,1509.9777633007175,1187.4661396011606,17.0,23.948610806744327,94,22.441417900472054,1,13,2,36,5,Yes,0,Organic,East
100074,Mar-2024,699,24.132766460401,674.867233539599,691.1683992450614,520.3805663013517,5.0,79.48666723824738,288,32.35403055058584,2,9,5,24,0,Yes,0,Affiliate,North
100075,Mar-2024,1499,322.09592678803006,1176.90407321197,1542.2071180419387,1124.6164300903981,2.0,22.287643121571918,252,26.73260565334722,16,9,5,43,1,Yes,0,Affiliate,East
100076,Mar-2024,699,179.9501474147003,519.0498525852997,692.2300264786567,257.65688178012584,8.0,141.3929708051739,224,156.25180413583584,14,5,2,54,1,Yes,0,Affiliate,South
100077,Mar-2024,499,242.50167328902944,256.49832671097056,501.92192944820295,156.4675476118897,4.0,40.03077909908086,285,36.0842562547015,17,9,5,50,0,Yes,0,Organic,South
100078,Mar-2024,1299,61.17110642131513,1237.828893578685,1306.8754765028145,1186.697377896677,0.0,51.13151568200804,139,20.803957928182054,9,14,5,51,0,Yes,0,Organic,West
100079,Mar-2024,1299,278.0019730457403,1020.9980269542597,1300.4714607368462,867.272034746591,9.0,18.725992207668693,105,214.7493487062657,21,10,2,50,3,Yes,0,Paid Search,East
100080,Mar-2024,1299,87.42172255730789,1211.578277442692,1293.4665482740475,1131.499864763292,1.0,65.07841267940003,103,139.69594773217457,1,11,1,52,3,No,0,Referral,West
100081,Mar-2024,1499,53.25381998291466,1445.7461800170854,1449.2000890136212,1372.6378481023146,0.0,73.10833191477087,134,113.16941275530104,16,15,1,47,1,Yes,0,Paid Search,South
100082,Mar-2024,499,142.39521988416163,356.60478011583837,486.06820356849914,179.7890724846132,0.0,,58,,30,9,5,21,3,Yes,0,Affiliate,West
100083,Mar-2024,1499,32.64237473489702,1466.357625265103,1442.5630897360275,1256.1699481595685,7.0,105.18767710553442,167,21.578711310718283,15,12,1,30,0,No,0,Organic,West
100084,Mar-2024,1499,149.79219621292717,1349.2078037870729,1532.5013268032353,1257.8691077400904,5.0,16.33869604698237,288,,23,8,1,15,1,Yes,0,Paid Search,West
100085,Mar-2024,499,133.63939835826162,365.3606016417384,511.19030291866943,101.33158242187108,11.0,99.02901921986734,114,41.778366454603635,24,11,5,9,1,Yes,0,Organic,West
100086,Mar-2024,499,277.24750862806593,221.75249137193407,505.9125957220816,96.73262710106182,1.0,110.01986427087225,157,64.2483304127179,6,14,5,55,2,No,0,Paid Search,North
100087,Mar-2024,499,331.60134025673636,167.39865974326364,519.8403927563768,-151.19861055604895,7.0,213.59727029931258,247,48.68297894065234,18,11,1,32,3,Yes,0,Organic,South
100088,Mar-2024,499,327.78189514098995,171.21810485901005,487.2717101504176,28.788764556760526,7.0,37.42934030224953,178,124.68975529393268,15,11,4,8,1,Yes,0,Organic,East
100089,Mar-2024,1299,121.74179752753395,1177.258202472466,1340.701005285812,1043.891406712203,,43.36679576026308,263,3.2600217046487407,0,10,2,23,2,Yes,0,Paid Search,West
100090,Mar-2024,999,37.77998041880578,961.2200195811943,967.6147843905252,806.2360758786176,0.0,,292,18.784950461895225,3,10,1,27,1,Yes,0,Organic,East
100091,Mar-2024,999,122.98641165868344,876.0135883413166,955.8254835954302,691.1319342399931,5.0,109.88165410132336,295,134.2447434642749,12,8,1,42,1,No,0,Affiliate,East
100092,Apr-2024,499,6.7749270677963125,492.2250729322037,474.0564283541912,428.59611146602396,2.0,33.628961466179774,190,29.142591758390704,9,9,4,8,3,Yes,0,Referral,East
100093,Apr-2024,999,72.05781469154023,926.9421853084598,1007.0552730857363,791.3955314137353,2.0,105.54665389472453,87,121.57795991584763,30,5,3,29,0,Yes,0,Paid Search,South
100094,Apr-2024,999,199.26739382723324,799.7326061727667,1026.846156490127,650.9555801763062,1.0,133.77702599646057,290,27.895396297437024,10,13,3,11,0,No,0,Affiliate,West
100095,Apr-2024,499,87.60801186089515,411.39198813910485,515.1170202893219,179.64386931862634,7.0,126.74811882047848,222,40.52255903890873,18,19,2,21,2,Yes,0,Paid Search,East
100096,Apr-2024,999,90.9515914861625,908.0484085138376,996.068386726642,715.9870027987502,9.0,57.06140571508743,154,167.76038984568444,14,15,5,51,0,Yes,1,Organic,West
100097,Apr-2024,1499,171.8117619839716,1327.1882380160284,1432.8522049100511,1102.7730203093083,5.0,149.41521770672023,89,87.19986674007902,10,11,1,44,0,No,0,Paid Search,West
100098,Apr-2024,699,55.11715742493732,643.8828425750627,666.5497889672223,479.0477217330208,3.0,119.83512084204186,272,57.34017513042284,2,9,4,39,1,No,0,Referral,East
100099,Apr-2024,699,49.36882164433635,649.6311783556637,728.1728753082659,493.2746433115758,6.0,66.35653504408785,192,73.01579903766793,1,10,5,30,0,No,0,Paid Search,North
100100,Apr-2024,499,89.57320490191529,409.4267950980847,478.6877240223892,110.90568932547882,9.0,163.5211057726059,227,,10,10,5,33,0,Yes,0,Affiliate,South
100101,Apr-2024,1299,125.7117613642387,1173.2882386357612,1335.9779542231072,1030.954843464226,6.0,52.33339517153512,179,54.85690429616871,9,8,3,3,2,Yes,0,Affiliate,West
100102,Apr-2024,499,159.23447882706543,339.76552117293454,477.5213975521826,95.48679696140005,1.0,229.2787242115345,230,77.3687045568385,2,6,1,55,1,Yes,0,Referral,West
100103,Apr-2024,1299,330.077974767965,968.922025232035,1257.8669492892236,943.4795975845915,0.0,25.44242764744358,272,217.61715715523613,26,11,2,13,3,Yes,0,Paid Search,North
100104,Apr-2024,699,259.00033932973133,439.99966067026867,675.4343807661205,419.37079155920287,0.0,20.62886911106578,203,20.086130271531122,4,10,4,36,1,Yes,0,Referral,South
100105,Apr-2024,499,57.68279706096783,441.3172029390322,487.8776498874377,253.29076728331523,7.0,83.02643565571698,243,56.89616973016124,14,7,1,23,2,No,0,Paid Search,East
100106,Apr-2024,1499,118.64051286582387,1380.359487134176,1484.8539294883356,1298.3391839575454,5.0,7.020303176630733,124,33.61978254286407,3,12,5,26,1,Yes,0,Referral,South
100107,Apr-2024,999,110.46730354894518,888.5326964510548,961.5101262648427,565.1594140652277,16.0,83.37328238582707,82,23.537191873226917,16,11,5,10,2,Yes,0,Organic,East
100108,Apr-2024,1299,88.30169801751076,1210.6983019824893,1360.4633293838212,1094.550516618693,5.0,41.14778536379613,259,56.41583533906823,0,12,2,38,0,Yes,0,Paid Search,East
100109,Apr-2024,999,182.7018990985092,816.2981009014908,949.2501310887027,749.8118826264254,2.0,36.48621827506538,134,23.97165799282502,0,7,3,36,1,Yes,1,Paid Search,North
100110,Apr-2024,999,73.17354635650898,925.826453643491,1026.184634761377,795.8490870763561,6.0,39.97736656713489,108,20.89778858479911,11,12,2,23,0,Yes,0,Referral,West
100111,Apr-2024,499,255.68572656077805,243.31427343922195,500.3227520901797,61.88227104130232,5.0,106.43200239791962,144,46.151281050795795,9,14,2,8,1,Yes,1,Affiliate,South
100112,Apr-2024,999,353.2260948858426,645.7739051141574,957.5990926691611,503.205135643115,8.0,22.568769471042405,75,75.7306609033752,8,4,1,14,2,Yes,0,Paid Search,South
100113,Apr-2024,1499,117.61913511938198,1381.380864880618,1442.0427778575681,1191.7851159345041,10.0,39.59574894611386,271,71.49252861451748,8,12,3,24,0,Yes,0,Referral,East
100114,Apr-2024,999,115.27626898586055,883.7237310141395,1007.9909223858594,783.3502113153894,3.0,55.37351969875015,152,46.90758982338642,24,12,5,55,1,Yes,0,Affiliate,North
100115,Apr-2024,499,168.8453096650406,330.1546903349594,489.78114421272636,239.44142261043083,6.0,0.7132677245285919,70,14.708055899642975,30,7,3,18,1,Yes,0,Organic,North
100116,Apr-2024,1499,272.32631723522525,1226.6736827647746,1491.5333915711005,1166.736741597349,2.0,29.936941167425616,226,13.8658827223561,25,10,1,40,1,No,0,Affiliate,East
100117,Apr-2024,699,111.08475398193093,587.9152460180691,702.4383188382998,424.43635696898025,5.0,88.47888904908882,129,65.77543608968365,19,10,1,37,4,Yes,0,Affiliate,North
100118,Apr-2024,999,262.07341993220837,736.9265800677916,1006.3274785326108,582.4360019007753,,124.49057816701635,120,29.852912934721417,19,14,2,46,0,Yes,1,Affiliate,West
100119,Apr-2024,499,208.61936069438912,290.3806393056109,503.1222722083142,172.38072872179401,1.0,,263,59.34975781402843,29,7,1,25,1,Yes,0,Affiliate,North
100120,Apr-2024,699,433.39337328056286,265.60662671943714,668.9465397105178,58.01359328224319,3.0,162.59303343719395,248,53.65337806101863,13,14,3,54,3,Yes,0,Referral,North
100121,Apr-2024,699,110.56055818052448,588.4394418194755,715.8094495260885,538.2174378329137,0.0,50.222003986561845,115,7.551846995408406,25,8,2,47,3,Yes,0,Paid Search,West
100122,May-2024,1299,87.12005372650003,1211.8799462735,1272.176190801879,970.5958065679247,7.0,136.2841397055753,86,135.93919460793373,22,11,2,20,0,No,0,Organic,East
100123,May-2024,1499,21.952694482261677,1477.0473055177383,1441.2031895840305,1361.5538803194042,6.0,25.49342519833401,63,13.673693541604809,28,8,2,25,2,Yes,0,Affiliate,North
100124,May-2024,999,151.43138848801885,847.5686115119811,959.2598693101379,699.9196201800364,3.0,102.64899133194467,249,,18,10,3,17,2,Yes,0,Referral,East
100125,May-2024,499,273.3458512824902,225.65414871750983,485.8770798880244,215.5216775086784,,10.132471208831433,270,16.485028210041122,9,14,2,4,2,Yes,0,Affiliate,East
100126,May-2024,1299,71.69890314951314,1227.3010968504868,1315.715520785197,1148.776589787308,3.0,,157,29.267559860880475,2,11,4,59,4,Yes,0,Referral,East
100127,May-2024,1499,122.28810601496039,1376.7118939850395,1494.7912509754724,1237.8754397905752,,78.83645419446437,184,32.300673456762404,19,15,4,21,1,Yes,0,Organic,West
100128,May-2024,1299,232.1811284797891,1066.818871520211,1247.9589268421898,914.3505832719774,,152.46828824823353,215,,26,13,3,20,0,Yes,0,Affiliate,South
100129,May-2024,1499,34.17208789458509,1464.827912105415,1428.8996661776835,1314.0614817549365,5.0,75.76643035047852,222,42.40294917242311,21,13,5,45,2,Yes,0,Paid Search,East
100130,May-2024,1499,76.64767209662185,1422.3523279033782,1427.7473864779874,1161.760587256811,2.0,230.59174064656705,199,155.8002157889112,16,11,5,47,2,Yes,1,Paid Search,South
100131,May-2024,999,9.872797486768718,989.1272025132313,991.1170724757734,794.5416006227354,9.0,59.58560189049591,221,22.70782167187543,26,10,2,41,1,Yes,0,Affiliate,South
100132,May-2024,1499,291.3873711459074,1207.6126288540927,1542.192025361645,1149.5537928457734,,58.05883600831932,130,77.6537903014609,29,9,3,17,1,Yes,1,Affiliate,South
100133,May-2024,1299,335.00073741556406,963.9992625844359,1308.56447853697,886.9430514747366,0.0,77.05621110969926,129,112.57561741970366,2,6,2,35,2,No,0,Paid Search,East
100134,May-2024,1499,39.529798739167234,1459.4702012608327,1545.4207874450399,1289.1540024513058,6.0,80.3161988095269,274,71.96221671593305,11,9,2,41,1,Yes,1,Organic,West
100135,May-2024,999,132.9377401214132,866.0622598785868,980.9569199185764,696.8951795212516,6.0,79.16708035733518,152,,14,12,4,23,1,Yes,0,Affiliate,North
100136,May-2024,999,318.87107700779336,680.1289229922066,963.0700721949552,556.5487633862144,5.0,48.58015960599225,84,72.45067382093919,30,6,1,21,3,Yes,0,Affiliate,South
100137,May-2024,1299,197.84342203466855,1101.1565779653315,1338.359908740444,907.9811580856501,5.0,118.17541987968137,151,70.91172511957397,4,11,3,43,0,Yes,0,Referral,South
100138,May-2024,699,91.29129204010864,607.7087079598914,714.9261366197502,327.25388254369284,2.0,250.45482541619856,237,,26,7,1,54,0,Yes,0,Affiliate,North
100139,May-2024,699,35.53945435330786,663.4605456466921,705.2285965399806,597.8218271260832,3.0,20.63871852060886,273,63.81911873112175,14,8,4,52,2,Yes,0,Affiliate,West
100140,May-2024,1499,288.3533462187437,1210.6466537812562,1557.1252186434497,1163.9457350322311,0.0,46.700918749025114,294,112.98076019586662,19,9,1,21,2,Yes,0,Organic,West
100141,May-2024,499,193.2618257933397,305.7381742066603,505.52093728091637,215.91490689631752,2.0,59.82326731034276,180,,23,8,4,24,1,Yes,0,Referral,South
100142,May-2024,1499,26.758366529010658,1472.2416334709894,1502.8697441614997,1242.0879287186983,8.0,110.1537047522911,167,111.60716651214435,15,9,5,37,1,Yes,1,Organic,South
100143,May-2024,1299,292.7869264649989,1006.2130735350011,1299.300075653486,851.1362286750908,3.0,110.07684485991021,244,145.97523709595785,8,10,4,58,1,No,0,Affiliate,South
100144,May-2024,1299,42.048427410944385,1256.9515725890556,1314.2470176051722,1156.628903372195,2.0,70.32266921686056,249,37.35434498482832,7,5,3,18,0,Yes,0,Affiliate,West
100145,May-2024,1299,123.54166149991062,1175.4583385000894,1301.1596304584532,1120.4621670756687,0.0,,287,33.022533355978766,10,6,5,56,1,Yes,0,Referral,East
100146,May-2024,1299,118.2462355953445,1180.7537644046556,1269.4739049377388,944.2206020987624,8.0,116.53316230589326,144,128.42347873261266,26,7,2,44,1,No,0,Referral,South
100147,May-2024,1299,344.20575946174023,954.7942405382598,1357.9580391178326,734.1638745715952,3.0,175.63036596666467,104,110.11147993750927,8,14,3,19,1,No,0,Organic,North
100148,May-2024,999,118.67445697438168,880.3255430256183,1044.7603529039882,848.2282164003395,1.0,17.097326625278825,58,8.977687484773748,15,8,3,5,2,Yes,0,Affiliate,North
100149,May-2024,699,118.242877643913,580.7571223560869,675.7125380382411,496.49401847042384,3.0,39.26310388566313,118,59.90327213458871,13,7,3,44,2,Yes,0,Affiliate,South
100150,May-2024,1299,13.569401387723246,1285.4305986122768,1302.9742670410774,1204.762922828084,4.0,20.667675784192827,77,166.8758297199398,14,7,1,27,2,Yes,0,Organic,East
100151,May-2024,499,73.15227851296731,425.8477214870327,513.4518323243223,176.77187973936276,8.0,129.07584174766993,192,18.702469154649368,29,9,1,6,2,Yes,0,Organic,South
100152,May-2024,499,51.924544694322904,447.0754553056771,476.7833113690008,329.2576602338012,1.0,102.8177950718759,162,16.283379253600664,13,10,2,49,1,Yes,0,Referral,North
100153,Jun-2024,499,58.17331607943687,440.82668392056314,480.2157797089135,312.28100994450875,2.0,98.54567397605439,268,28.432917285207687,23,13,1,14,0,Yes,0,Affiliate,North
100154,Jun-2024,499,150.75414298702478,348.2458570129752,501.2401604249382,168.2813616627883,11.0,14.964495350186894,283,35.38103140406752,9,6,3,3,2,Yes,1,Affiliate,North
100155,Jun-2024,999,142.1011663011111,856.8988336988889,951.8811064039561,677.4003316241398,5.0,104.49850207474915,80,10.81887379896576,12,13,4,1,1,Yes,1,Organic,East
100156,Jun-2024,499,31.227629450027706,467.77237054997227,515.616289036252,283.49737927416743,4.0,124.27499127580482,108,18.929026978789903,0,10,2,31,0,No,0,Affiliate,South
100157,Jun-2024,1299,136.67773516714144,1162.3222648328585,1347.4742456492577,1030.186502050403,2.0,102.13576278245546,281,9.807107360456865,22,10,2,55,1,No,0,Affiliate,West
100158,Jun-2024,1499,164.5505619724718,1334.4494380275282,1534.4229510547061,1191.324467497285,6.0,,131,58.45841208630745,29,14,3,45,4,Yes,0,Referral,South
100159,Jun-2024,499,121.98806416273254,377.01193583726746,515.0857963513016,276.63244257876454,4.0,40.37949325850289,279,57.557276924885215,8,8,5,50,3,Yes,0,Affiliate,East
100160,Jun-2024,999,145.10466122580468,853.8953387741954,1016.154106359838,664.9254302262726,0.0,188.96990854792273,290,129.19690338202727,16,6,1,10,1,No,0,Referral,South
100161,Jun-2024,999,100.90600636136983,898.0939936386302,963.2224812839636,677.5783218785896,1.0,205.5156717600406,103,62.031449285123195,25,6,5,55,1,No,0,Affiliate,South
100162,Jun-2024,499,147.77944761244046,351.22055238755956,475.53974083256617,276.81872601520945,2.0,44.401826372350094,245,76.632940473908,16,12,3,31,2,Yes,0,Affiliate,West
100163,Jun-2024,1499,202.09706643146592,1296.902933568534,1551.1778569467047,1222.6046321564152,2.0,44.29830141211882,262,82.51184166528988,9,12,5,51,1,Yes,0,Affiliate,West
100164,Jun-2024,499,201.25604744251928,297.7439525574807,509.33732479188166,220.15076803484988,1.0,62.59318452263085,224,21.870329746354173,12,9,3,51,2,Yes,1,Organic,West
100165,Jun-2024,999,67.32499062498052,931.6750093750195,988.8563023772973,715.3546866566076,8.0,96.32032271841189,91,,17,12,1,17,0,Yes,0,Affiliate,North
100166,Jun-2024,699,259.811368749954,439.188631250046,719.7489116897626,343.7883829041645,2.0,65.40024834588151,72,16.84924652003447,12,13,1,39,0,Yes,0,Affiliate,South
100167,Jun-2024,1299,168.85304334039836,1130.1469566596015,1240.9710714113135,956.7134499105082,7.0,68.43350674909341,158,35.28784829078812,20,9,2,40,0,Yes,0,Paid Search,South
100168,Jun-2024,999,297.8656747607723,701.1343252392277,980.9266679355015,668.6742056626691,0.0,32.4601195765586,135,32.90099485116229,28,11,5,48,2,Yes,0,Paid Search,North
100169,Jun-2024,499,321.94469175204983,177.05530824795017,491.10830293829235,53.67462622302929,5.0,48.38068202492089,114,52.825894148933386,27,13,5,16,1,Yes,1,Referral,West
100170,Jun-2024,1299,23.127206564789503,1275.8727934352105,1247.6732789509836,1180.1663716089013,5.0,20.706421826309167,138,87.08574784382944,23,11,5,27,0,Yes,0,Affiliate,South
100171,Jun-2024,499,46.91669533575491,452.0833046642451,511.06065894600937,285.22060792000065,11.0,1.8626967442444524,103,,12,10,5,16,0,Yes,1,Referral,South
100172,Jun-2024,499,247.62576479646606,251.37423520353394,512.8485918739746,171.8472423469079,1.0,64.52699285662604,167,32.652372898667785,23,11,4,52,1,No,1,Paid Search,South
100173,Jun-2024,699,49.7870904154737,649.2129095845263,704.8136166261141,588.5972031860316,4.0,0.6157063984946518,154,27.947865688161322,9,14,2,41,1,Yes,0,Referral,East
100174,Jun-2024,1299,320.4212355232048,978.5787644767952,1288.3297209525772,865.6707995967405,5.0,37.907964880054706,269,31.03699835017238,19,8,2,45,1,No,0,Affiliate,West
100175,Jun-2024,1299,108.73413662248049,1190.2658633775195,1312.906113550389,1008.9851192211174,1.0,166.28074415640208,299,34.56998781724431,6,16,4,4,1,Yes,0,Paid Search,West
100176,Jun-2024,699,219.00396421308218,479.9960357869178,726.8469344292607,368.23261362760536,5.0,36.76342215931241,278,12.81888812981949,6,6,5,42,2,Yes,1,Affiliate,East
100177,Jun-2024,999,136.03312045670685,862.9668795432931,984.7894260333844,608.13034043488,8.0,134.8365391084131,60,62.67790517292658,8,9,4,53,1,Yes,0,Referral,East
100178,Jun-2024,499,17.08674333404244,481.91325666595753,490.72893431770274,326.4120729659768,4.0,95.50118369998071,112,,15,11,5,27,0,Yes,0,Referral,North
100179,Jun-2024,1499,276.66535225583704,1222.334647744163,1517.3970081664474,1090.5090405417918,7.0,26.8256072023712,71,50.68558025472918,14,10,4,54,0,Yes,0,Organic,West
100180,Jun-2024,499,480.0867636644796,18.913236335520423,508.163545516582,-133.73975524157083,7.0,47.65299157709127,231,52.46613168531459,24,13,2,9,1,Yes,0,Paid Search,North
100181,Jun-2024,499,88.19900683731699,410.800993162683,496.8916636005258,243.14635293892871,7.0,62.654640223754335,296,69.48204665057034,2,7,4,25,1,Yes,1,Referral,West
100182,Jun-2024,999,111.3169738985709,887.683026101429,1034.920478189496,691.0306358860366,3.0,151.65239021539247,266,18.451476287662018,12,17,3,24,0,Yes,0,Paid Search,South
100183,Jul-2024,499,167.89194519204716,331.10805480795284,491.6291878182,42.00419881579637,6.0,199.10385599215647,166,28.71782101540018,30,6,5,58,3,Yes,0,Organic,East
100184,Jul-2024,699,312.1803484147345,386.8196515852655,708.8501169761957,271.5440796581864,3.0,70.27557192707913,262,31.359234631992067,10,12,4,28,1,Yes,0,Paid Search,West
100185,Jul-2024,699,259.41183874104036,439.58816125895964,710.7289311030673,335.52999632276345,4.0,,213,17.665983321607023,7,10,5,18,3,No,0,Referral,North
100186,Jul-2024,1299,58.00606344658971,1240.9939365534103,1272.347065723386,909.316855879995,18.0,61.67708067341536,107,144.87044486358695,20,16,1,44,1,Yes,0,Paid Search,West
100187,Jul-2024,1499,97.78625544562635,1401.2137445543735,1426.8758255704943,1244.0791725247527,4.0,97.13457202962081,69,85.33721289411143,30,10,5,26,0,Yes,0,Organic,West
100188,Jul-2024,499,83.90775397983182,415.0922460201682,515.2979515988571,224.8013945426573,4.0,130.2908514775109,193,89.70576524910872,20,9,4,10,1,Yes,1,Paid Search,West
100189,Jul-2024,499,227.42029504473817,271.57970495526183,498.12266568018447,180.59619492731608,,60.983510027945755,269,38.02509615647958,23,14,5,49,2,Yes,0,Paid Search,South
100190,Jul-2024,999,239.39897035368986,759.6010296463102,958.5859631941887,739.444316056532,1.0,5.156713589778128,233,55.658421665952474,30,9,3,44,0,Yes,1,Paid Search,South
100191,Jul-2024,699,39.19992667574542,659.8000733242545,730.9834226768936,622.257053007698,1.0,22.54302031655648,142,,5,3,3,34,1,Yes,0,Paid Search,North
100192,Jul-2024,1499,209.9112037659358,1289.0887962340641,1468.4844087885976,1143.41312307695,7.0,40.67567315711437,99,,9,10,4,46,1,Yes,0,Referral,West
100193,Jul-2024,1299,169.06525451893827,1129.9347454810618,1295.6832974407366,939.854389649176,8.0,,139,52.686840601231324,25,8,4,38,5,Yes,0,Affiliate,South
100194,Jul-2024,699,105.92763517749377,593.0723648225062,697.8862788528852,481.5218959761894,2.0,81.55046884631676,153,43.99061912238585,16,8,5,11,3,Yes,0,Paid Search,West
100195,Jul-2024,1299,266.423619202236,1032.576380797764,1282.216916326819,923.3910891598907,3.0,64.18529163787323,243,52.18199914482298,19,7,2,14,4,No,0,Organic,East
100196,Jul-2024,999,5.407727852635361,993.5922721473646,964.1931091199934,884.8045739789893,3.0,63.78769816837525,176,11.226540587235146,8,9,3,55,0,Yes,0,Paid Search,South
100197,Jul-2024,999,287.7047056312674,711.2952943687326,1019.4087224939366,603.8851489433205,0.0,,162,18.80423166747721,20,11,3,46,2,Yes,0,Organic,West
100198,Jul-2024,499,62.57741351827768,436.4225864817223,483.8047609671352,210.3449097825295,4.0,166.0776766991928,123,35.30835411942068,13,6,1,38,2,Yes,0,Affiliate,North
100199,Jul-2024,1499,363.7844018360454,1135.2155981639546,1526.3306164921514,1060.8500963275842,2.0,44.365501836370335,62,40.47328294164728,19,10,1,1,0,Yes,0,Organic,East
100200,Jul-2024,1299,29.36327718222401,1269.636722817776,1338.243826256072,1078.4820607554018,9.0,56.15466206237415,64,40.46635930795833,26,9,2,17,2,Yes,0,Affiliate,East
100201,Jul-2024,699,107.81135056798476,591.1886494320153,665.6669337493498,510.76187727008266,4.0,20.426772161932586,122,74.8712655676569,12,7,3,49,2,Yes,0,Organic,East
100202,Jul-2024,999,157.03045650508238,841.9695434949176,1022.1552857169402,747.8486443068999,0.0,94.12089918801766,76,60.15066907989072,25,8,4,17,2,Yes,1,Organic,North
100203,Jul-2024,499,156.27822573869798,342.721774261302,505.88785507741136,248.3310809876129,3.0,49.390693273689116,185,66.9712280105695,0,5,3,10,0,Yes,0,Referral,North
100204,Jul-2024,499,208.89942007417147,290.1005799258285,483.8190846069679,117.6958065083214,2.0,142.40477341750713,247,30.937721018352708,24,12,4,30,2,Yes,0,Affiliate,South
100205,Jul-2024,1299,4.281890189601285,1294.7181098103988,1314.613088438022,1123.9943556078513,,140.72375420254758,277,21.675087272278567,23,12,4,42,2,No,0,Paid Search,West
100206,Jul-2024,999,145.5225110104038,853.4774889895962,991.0850868744487,763.1914884502485,1.0,75.28600053934767,227,43.19094225813995,18,6,2,46,1,No,0,Paid Search,South
100207,Jul-2024,1499,166.57580476832652,1332.4241952316734,1436.7303354585995,1198.7931103804447,6.0,,137,81.11535550663427,8,8,3,33,0,Yes,0,Referral,West
100208,Jul-2024,999,86.67141311662479,912.3285868833752,1001.3664528153206,839.1883826811869,3.0,28.14020420218835,244,140.7907720466012,16,17,5,2,2,Yes,0,Paid Search,South
100209,Jul-2024,1299,198.48703409513013,1100.5129659048698,1360.4797790794075,1012.0836439752077,0.0,88.42932192966211,203,31.736664060598606,14,8,3,50,1,Yes,0,Referral,South
100210,Jul-2024,1299,11.56438961853371,1287.4356103814662,1318.3304464532027,1153.7934776568645,3.0,88.64213272460177,85,140.56051740479012,19,10,3,20,1,Yes,0,Organic,North
100211,Jul-2024,999,110.82553331391797,888.174466686082,982.0714155743843,860.0650858735552,0.0,28.1093808125269,198,19.608098628249778,4,5,1,32,1,No,0,Paid Search,South
100212,Jul-2024,1299,59.617905071560074,1239.38209492844,1307.248863520331,1151.3066368702002,1.0,73.07545805823972,254,12.267841520232102,3,6,2,3,2,No,0,Affiliate,North
100213,Jul-2024,999,111.18828845411772,887.8117115458823,1022.756346528906,845.8739561734911,2.0,11.937755372391202,101,39.50967399511951,3,17,5,36,0,No,0,Organic,South
100214,Aug-2024,699,323.6442551905444,375.3557448094556,674.9713145547005,199.2814152458186,6.0,,188,21.76430173588426,24,6,5,5,0,Yes,0,Affiliate,East
100215,Aug-2024,999,325.97468713888804,673.025312861112,1001.8799833723322,637.8101085497665,2.0,5.215204311345445,57,27.71210299717193,14,8,5,20,3,Yes,0,Affiliate,West
100216,Aug-2024,999,302.44997526974646,696.5500247302535,999.6858035883134,494.7871729363799,6.0,111.76285179387361,106,95.44758117082358,4,5,4,3,4,Yes,0,Paid Search,South
100217,Aug-2024,1299,94.52912639029782,1204.4708736097023,1282.9649176230837,1179.808020100859,0.0,24.66285350884329,159,89.22223915531889,16,12,2,3,2,Yes,0,Paid Search,South
100218,Aug-2024,1299,258.91419321602484,1040.0858067839752,1331.0938209146243,781.1782660025322,5.0,183.90754078144295,223,60.274157134353004,29,14,1,36,2,No,0,Paid Search,North
100219,Aug-2024,499,163.48345523109649,335.5165447689035,502.2440363906404,192.3887051208713,6.0,53.12783964803217,289,56.811940769663785,6,5,4,6,0,Yes,0,Organic,South
100220,Aug-2024,499,155.47076442036104,343.52923557963896,508.9249112506846,169.4920442276479,7.0,69.03719135199104,255,27.329696423020888,5,14,5,39,1,Yes,0,Affiliate,North
100221,Aug-2024,699,140.7166382856997,558.2833617143003,705.7076920160821,376.3904093044707,8.0,61.89295240982959,274,43.649102957491486,14,10,4,36,1,Yes,0,Referral,North
100222,Aug-2024,499,361.01014288549504,137.98985711450496,513.0188936455074,-69.53359465962905,3.0,162.523451774134,179,38.10623779510084,24,8,4,24,0,No,0,Organic,South
100223,Aug-2024,999,313.90063266677566,685.0993673332243,1012.3797181446164,578.1341429834343,4.0,46.96522434979004,113,15.198875888532804,19,8,5,47,2,Yes,0,Referral,North
100224,Aug-2024,1299,239.38757021365168,1059.6124297863482,1322.0886108411635,840.4520620633032,2.0,189.16036772304508,229,157.47441255807618,13,10,5,38,0,Yes,0,Paid Search,West
100225,Aug-2024,499,129.56388413872483,369.4361158612752,485.30235786785664,210.5766208145373,7.0,53.85949504673787,242,38.939543084441524,9,9,1,37,1,Yes,0,Affiliate,South
100226,Aug-2024,499,154.74729099054744,344.2527090094526,516.258845214206,251.3828624709576,,32.869846538495,60,20.233421186593148,5,10,2,8,0,Yes,0,Paid Search,North
100227,Aug-2024,699,213.66799254452812,485.33200745547185,674.9106117448928,476.2498999574196,0.0,9.082107498052281,183,13.74851326753526,9,12,3,38,5,No,0,Paid Search,West
100228,Aug-2024,699,87.40693057751731,611.5930694224827,687.8031603469949,465.21844581452035,3.0,101.37462360796238,145,70.02708057723615,22,7,3,49,4,Yes,0,Paid Search,North
100229,Aug-2024,999,262.59788591574045,736.4021140842596,1037.9016474495259,629.7415722137426,1.0,,256,,19,13,3,16,1,No,0,Organic,East
100230,Aug-2024,1299,39.45058662685122,1259.5494133731488,1248.1552490524189,1202.826643067668,0.0,56.72277030548081,125,180.95076750857874,27,13,1,43,1,Yes,0,Referral,East
100231,Aug-2024,699,197.02124255968863,501.97875744031137,724.6308538661788,392.48999021017335,7.0,4.4887672301380235,113,45.882644255311256,8,9,4,1,3,Yes,0,Referral,North
100232,Aug-2024,499,124.76586597511556,374.23413402488444,497.770727747129,251.43539453959897,1.0,107.79873948528544,150,38.95992255054999,12,11,5,14,1,No,0,Referral,North
100233,Aug-2024,1299,83.9257768077444,1215.0742231922557,1257.8979090703783,1168.516161575025,3.0,1.5580616172306208,142,53.23938799613907,13,10,2,45,0,No,0,Paid Search,North
100234,Aug-2024,1299,399.32125595033324,899.6787440496668,1329.811440009961,884.315789571043,0.0,15.362954478623834,232,52.346473400635944,0,8,3,10,1,No,0,Organic,North
100235,Aug-2024,499,274.3429793270293,224.6570206729707,488.21570332297426,128.95751265413907,2.0,65.69950801883164,93,7.509251151665154,0,12,2,10,1,Yes,0,Paid Search,South
100236,Aug-2024,699,334.2562139921429,364.7437860078571,711.435852793342,307.77218579052953,,56.97160021732758,263,35.225916953227696,18,3,2,22,0,Yes,1,Referral,West
100237,Aug-2024,499,69.92307991747417,429.0769200825258,513.515689153201,311.1959028610195,7.0,12.881017221506312,287,63.055948819615054,8,8,5,40,0,No,0,Affiliate,South
100238,Aug-2024,1299,162.45274041605234,1136.5472595839476,1308.0058129070362,855.1563529711889,6.0,191.39090661275876,191,72.59558640945974,4,8,1,41,0,No,0,Organic,West
100239,Aug-2024,1499,303.83907037131655,1195.1609296286833,1541.8711966424771,1007.0817789341713,10.0,38.079150694511924,132,76.45813316910467,16,13,5,31,0,No,0,Affiliate,South
100240,Aug-2024,1499,225.97139216464524,1273.0286078353547,1564.2134349065389,1206.8290753344716,1.0,,182,51.79247188448502,15,9,1,4,0,No,0,Organic,East
100241,Aug-2024,999,211.02790528299832,787.9720947170017,1004.0351351630301,663.4591589592002,3.0,79.51293575780156,148,19.406286995317302,11,4,4,43,2,Yes,0,Affiliate,South
100242,Aug-2024,499,345.66983643960754,153.33016356039246,481.65319077657057,6.532073353507371,1.0,131.7980902068851,74,,4,9,2,23,2,Yes,0,Paid Search,West
100243,Aug-2024,499,25.14540412632863,473.85459587367137,509.4591238064048,421.06317608895245,1.0,37.79141978471891,227,115.98491377434424,5,11,3,41,1,No,0,Organic,North
100244,Aug-2024,999,127.89143526653963,871.1085647334604,990.0163510415942,728.6732399792087,6.0,52.43532475425177,151,66.46703021957444,19,13,2,12,1,Yes,0,Organic,West
100245,Sep-2024,999,60.49026752032253,938.5097324796775,1002.1271493229129,858.5915298982275,4.0,19.918202581449975,122,40.254602741306414,22,16,5,45,1,No,0,Organic,West
100246,Sep-2024,999,18.58727376772785,980.4127262322721,1011.6688546024773,773.5816516016081,11.0,41.83107463066404,171,191.89383887019403,10,10,1,8,1,Yes,0,Affiliate,East
100247,Sep-2024,1299,278.9022470614765,1020.0977529385235,1327.2522965319306,912.2588003146337,2.0,77.83895262388974,120,53.853322656854345,18,11,4,45,2,Yes,0,Paid Search,West
100248,Sep-2024,499,39.918088056945194,459.0819119430548,505.9756523260641,294.83856350539224,7.0,59.243348437662604,166,44.41397937890525,20,9,4,24,2,Yes,0,Paid Search,North
100249,Sep-2024,1299,238.26291049501168,1060.7370895049883,1264.299846450786,897.1932182228913,10.0,13.543871282096909,131,,5,11,1,1,3,Yes,0,Organic,South
100250,Sep-2024,999,349.01820503616966,649.9817949638303,1023.7917747914258,616.0945719686903,2.0,3.887222995140064,179,17.662383960751573,22,12,1,26,1,No,0,Paid Search,West
100251,Sep-2024,499,128.64741900096737,370.3525809990326,514.336370453833,283.1230236958434,4.0,27.22955730318921,165,38.90161252313302,9,16,1,22,2,No,0,Affiliate,East
100252,Sep-2024,1299,212.38361277597753,1086.6163872240224,1238.9437760611352,1051.6696767596763,1.0,19.94671046434615,59,45.20276310996255,14,11,4,43,0,Yes,1,Affiliate,West
100253,Sep-2024,1299,239.19745554515038,1059.8025444548496,1274.077817703783,939.7065678200022,8.0,0.09597663484733943,285,10.454945552457854,17,8,2,25,0,Yes,1,Organic,West
100254,Sep-2024,999,3.420592432012171,995.5794075679878,1046.7320552867227,770.7403686953237,,119.83903887266409,179,57.64460725336586,20,11,2,31,1,Yes,0,Referral,North
100255,Sep-2024,499,76.02571856387435,422.97428143612564,482.9185882269819,400.7121139309933,1.0,7.262167505132311,109,72.34408781058758,28,9,4,56,1,Yes,0,Referral,North
100256,Sep-2024,999,29.56065459938374,969.4393454006163,967.3137413878028,718.3734831232821,11.0,86.06586227733422,94,32.47831534259189,6,8,3,34,2,Yes,1,Organic,North
100257,Sep-2024,499,85.59322679003657,413.40677320996343,503.55709236993675,285.1406145607786,3.0,83.26615864918485,185,84.06070398178716,22,10,5,37,1,No,0,Affiliate,South
100258,Sep-2024,1499,235.93328376973193,1263.066716230268,1474.7404559050865,1132.978156899867,4.0,70.08855933040101,235,104.41285019874903,27,14,4,11,3,No,1,Referral,West
100259,Sep-2024,699,78.57639228692501,620.423607713075,709.9827664180486,565.8795689489825,3.0,9.54403876409237,168,113.38448399201751,2,10,3,4,1,Yes,0,Referral,South
100260,Sep-2024,699,145.78161276818196,553.218387231818,682.4088933116964,437.02335937138605,5.0,41.19502786043205,56,20.00366284608362,23,12,5,8,1,Yes,0,Referral,North
100261,Sep-2024,699,24.904605968251744,674.0953940317482,693.8274529258429,572.8624458619402,2.0,71.23294816980805,276,56.02017682448276,15,7,2,57,0,No,1,Organic,West
100262,Sep-2024,999,297.17065974404426,701.8293402559557,1048.793407245377,670.7388861121713,0.0,31.090454143784417,264,77.94124424154504,12,6,1,44,2,Yes,0,Affiliate,South
100263,Sep-2024,1499,84.58680117319955,1414.4131988268005,1480.0287680245797,1116.0600527931374,11.0,133.35314603366314,121,55.88461357282889,16,8,5,35,0,Yes,0,Paid Search,North
100264,Sep-2024,499,332.7576662291945,166.2423337708055,478.349674937249,77.86265551099346,2.0,58.379678259812025,70,99.42814865025166,3,13,1,25,3,No,0,Organic,North
100265,Sep-2024,1299,157.3114912619232,1141.6885087380767,1330.4924570847934,906.0473457729422,,85.64116296513461,146,59.3353155628555,18,14,3,31,3,Yes,1,Organic,West
100266,Sep-2024,499,18.8399493555695,480.1600506444305,503.4199566575885,312.533926919251,11.0,2.626123725179532,96,19.427074028010786,3,11,4,49,3,Yes,0,Affiliate,South
100267,Sep-2024,1299,129.47679041452508,1169.523209585475,1291.8008409214358,1037.7168295040728,3.0,86.80638008140197,50,100.66247412044441,26,10,4,23,2,Yes,0,Affiliate,North
100268,Sep-2024,499,22.46678070406027,476.5332192959397,519.3951747579481,256.6220508236466,1.0,204.91116847229313,189,54.58390608479536,24,9,1,40,2,Yes,0,Paid Search,North
100269,Sep-2024,1499,220.72192528537835,1278.2780747146217,1446.0294359705215,1171.1512456834694,1.0,92.12682903115228,252,143.70642249410375,26,10,5,38,2,No,0,Organic,North
100270,Sep-2024,1299,118.63646612077603,1180.363533879224,1297.6662974523128,907.1222959056581,9.0,138.24123797356583,225,19.540280143238565,11,11,5,4,1,Yes,0,Organic,North
100271,Sep-2024,999,169.5852306032825,829.4147693967175,968.2093937522404,652.7387279572333,10.0,26.676041439484194,177,55.342229866703065,30,19,3,36,1,Yes,0,Organic,North
100272,Sep-2024,499,105.67762679441246,393.32237320558755,478.2163808877848,224.38269288307578,,123.93968032251179,143,136.6144309904647,23,10,4,7,2,No,0,Referral,North
100273,Sep-2024,499,83.35892353640095,415.64107646359906,496.12345071121086,149.71558655640558,9.0,130.92548990719348,181,60.30805408961362,26,11,1,10,3,Yes,0,Affiliate,West
100274,Sep-2024,1299,33.16535884612475,1265.8346411538753,1357.1103732453707,1061.1987514855086,9.0,69.6358896683666,83,87.5447049936296,3,11,2,6,2,Yes,0,Organic,East
100275,Oct-2024,999,250.34675241858352,748.6532475814165,1021.1844904573928,659.6333225484424,3.0,44.01992503297412,136,107.01279382510927,28,11,4,31,0,Yes,0,Organic,East
100276,Oct-2024,999,129.22162778403626,869.7783722159637,972.4776099795799,695.171392058609,7.0,69.60698015735471,81,52.9065926059233,23,10,4,4,1,Yes,1,Paid Search,North
100277,Oct-2024,1499,112.23709275619392,1386.762907243806,1493.3971825720657,1219.3536651449874,8.0,47.409242098818595,52,25.356739491128234,16,12,3,21,0,No,0,Referral,North
100278,Oct-2024,999,126.21433218694077,872.7856678130593,1028.715430095323,762.5677899791644,1.0,,269,95.37740153537868,27,10,4,42,0,Yes,1,Referral,West
100279,Oct-2024,999,68.53658478170705,930.463415218293,968.5718162896325,889.243978207408,2.0,11.219437010885002,117,45.72709591918078,23,13,3,20,0,Yes,0,Organic,West
100280,Oct-2024,999,112.63782878687695,886.362171213123,969.3992860169794,759.7555364954542,5.0,51.60663471766887,106,6.977825170404451,25,11,3,17,1,No,1,Referral,North
100281,Oct-2024,699,174.6755777632185,524.3244222367815,676.7040249617555,391.1682879248457,5.0,58.15613431193586,163,120.00606484837729,17,8,2,52,1,Yes,0,Referral,South
100282,Oct-2024,1499,25.903560113188192,1473.0964398868118,1515.1057173329982,1389.6431662921275,1.0,68.45327359468439,253,,21,6,5,6,4,Yes,0,Paid Search,South
100283,Oct-2024,499,43.27776083049507,455.7222391695049,475.49465175549614,352.93253987033097,3.0,57.789699299173975,201,31.21674085301216,5,16,4,11,1,No,0,Paid Search,East
100284,Oct-2024,1299,315.3940912347208,983.6059087652792,1310.3820096305842,780.3441734431692,10.0,53.26173532211001,82,51.148608368532166,18,12,3,18,0,Yes,1,Referral,West
100285,Oct-2024,499,106.46921606405327,392.5307839359467,515.2359506283623,304.3365792472448,1.0,73.19420468870189,180,164.52106269605386,28,20,3,55,0,No,0,Paid Search,East
100286,Oct-2024,1499,83.81270292911881,1415.1872970708812,1541.3695584721975,1199.4830011347383,4.0,155.70429593614298,181,138.46605732303144,4,9,5,9,0,Yes,0,Organic,East
100287,Oct-2024,1299,11.26459266711305,1287.735407332887,1320.6713851962625,1260.8569381519744,1.0,11.878469180912532,79,78.10725445499766,1,13,5,12,2,Yes,0,Paid Search,South
100288,Oct-2024,1499,252.0813164969087,1246.9186835030914,1456.9519037825494,1015.0049462980594,1.0,216.91373720503208,119,129.76421411694108,10,7,3,31,2,Yes,0,Affiliate,East
100289,Oct-2024,999,23.288902378698793,975.7110976213012,1030.6100801299065,861.4002799546109,4.0,54.310817666690255,98,43.410355623218884,23,13,4,31,0,Yes,0,Organic,North
100290,Oct-2024,1299,148.16488068462502,1150.8351193153749,1358.424751192002,1104.6797167363131,0.0,46.155402579061644,79,14.825594067180251,23,15,4,43,0,No,0,Paid Search,East
100291,Oct-2024,999,54.98220831799085,944.0177916820091,967.4098546843993,890.4326365805313,2.0,23.585155101477845,249,112.62069090919363,12,11,4,58,0,Yes,0,Referral,East
100292,Oct-2024,499,248.18073604369397,250.81926395630603,519.4753799746896,196.79155435199655,1.0,39.02770960430948,131,49.904481496996546,4,11,5,50,1,Yes,0,Organic,North
100293,Oct-2024,499,291.2227492342297,207.7772507657703,516.6141454644443,171.1562821486032,0.0,36.62096861716711,193,11.410388819044227,22,10,4,55,3,Yes,0,Paid Search,North
100294,Oct-2024,1299,208.14244145736183,1090.8575585426381,1361.258487733401,943.3802451817447,4.0,87.47731336089339,230,32.17966622854481,7,15,4,34,1,Yes,0,Affiliate,East
100295,Oct-2024,1299,34.13761576863561,1264.8623842313643,1275.5239175008628,1193.4072991142382,0.0,71.45508511712613,183,42.03311835164792,10,11,4,16,2,No,0,Paid Search,South
100296,Oct-2024,1499,250.6514572691077,1248.3485427308924,1564.0673245411383,1042.9385232066331,11.0,40.41001952425937,73,46.055230392866235,3,8,5,41,3,Yes,0,Organic,East
100297,Oct-2024,1499,50.7181200431577,1448.2818799568422,1450.959743332321,1307.9224357538624,6.0,50.35944420297977,164,27.952156255991163,17,14,1,48,3,Yes,1,Paid Search,South
100298,Oct-2024,999,9.48337455340652,989.5166254465935,966.5501734679642,860.9655021242735,3.0,83.55112332231998,141,21.10088592610839,29,10,1,12,1,Yes,0,Affiliate,South
100299,Oct-2024,1299,103.9846745090816,1195.0153254909185,1247.947818422063,1018.4874070933761,5.0,101.52791839754241,273,9.9430381630607,14,5,4,49,2,Yes,0,Affiliate,North
100300,Oct-2024,499,101.59587919842127,397.40412080157876,495.39582756028193,386.5185604338592,0.0,10.885560367719592,266,9.536025859371172,4,6,1,13,0,Yes,0,Referral,South
100301,Oct-2024,1499,89.39416185836527,1409.6058381416346,1425.8761382648106,1211.5920635777043,3.0,153.0137745639305,205,49.07440274860558,22,11,4,36,0,Yes,0,Organic,West
100302,Oct-2024,1499,302.84090974856326,1196.1590902514367,1481.2134592623638,1153.4871680993376,0.0,42.67192215209917,70,61.698172286981,30,10,5,13,1,Yes,0,Affiliate,East
100303,Oct-2024,499,391.41911957311515,107.58088042688485,505.2837146208031,-126.3231490660495,7.0,128.90402949293434,57,20.632370489025178,11,6,4,44,2,Yes,0,Affiliate,South
100304,Oct-2024,1499,14.296384481935746,1484.7036155180642,1435.7813896158991,1445.6211925112332,,,85,127.77968257344956,3,9,2,2,0,Yes,0,Affiliate,South
100305,Oct-2024,999,67.34011268104916,931.6598873189508,1030.8156449047767,849.4384493111318,4.0,,173,36.49968203007198,3,7,3,49,1,Yes,0,Referral,East
100306,Nov-2024,1299,167.1298003253948,1131.8701996746051,1272.0743476388543,962.6030274043942,5.0,94.26717227021086,58,46.17987077530475,19,12,5,15,2,Yes,0,Organic,North
100307,Nov-2024,499,103.3540210875327,395.6459789124673,476.36813150785287,325.14757961702907,3.0,25.498399295438222,89,44.01052776188317,8,18,2,13,0,No,0,Affiliate,West
100308,Nov-2024,1299,197.92784991342194,1101.072150086578,1282.7120780222194,939.2783212207277,0.0,161.79382886585026,262,7.9957782581088495,8,6,2,34,2,No,1,Organic,South
100309,Nov-2024,1499,259.9182427134954,1239.0817572865046,1444.8016630538327,1038.956679238572,12.0,20.125078047932593,228,100.12806623398704,13,6,3,26,0,Yes,0,Affiliate,West
100310,Nov-2024,1499,239.92391307240496,1259.076086927595,1543.2625228185923,1195.2238086758598,3.0,18.8522782517353,178,76.90303529912575,26,15,2,6,1,No,1,Affiliate,East
100311,Nov-2024,499,223.16802814197985,275.83197185802015,490.71696429021046,131.25019561661432,0.0,144.58177624140583,240,130.60641012863744,25,9,3,21,0,Yes,0,Organic,South
100312,Nov-2024,999,349.0914625103668,649.9085374896332,960.739825796563,566.0840500189566,2.0,53.82448747067658,294,124.925453840153,23,10,4,44,0,No,0,Organic,South
100313,Nov-2024,699,40.673673949933146,658.3263260500669,695.7608244329186,427.0544981671061,13.0,36.271827882960764,166,70.19568592695197,26,7,5,33,2,Yes,0,Referral,South
100314,Nov-2024,499,327.61305503455384,171.38694496544616,496.60363505661235,-51.35900484938294,9.0,87.7459498148291,117,80.75928051262747,7,5,5,15,0,Yes,0,Referral,West
100315,Nov-2024,699,100.44100390923076,598.5589960907693,683.3151042400478,512.1051691695299,4.0,26.453826921239383,251,19.339072099301905,22,11,5,35,1,No,0,Organic,West
100316,Nov-2024,699,244.21502648107523,454.78497351892474,686.9070504964147,398.1158569510611,1.0,41.669116567863654,203,36.70434454190761,0,7,3,28,0,No,0,Organic,South
100317,Nov-2024,999,26.44005260646678,972.5599473935332,1025.8570030441738,914.9506855551858,0.0,57.609261838347436,217,43.777380012399846,23,11,3,42,3,No,0,Referral,East
100318,Nov-2024,699,40.98043297280668,658.0195670271933,708.6968443288686,620.6672872161942,0.0,37.35227981099908,52,32.72006067120218,10,9,2,6,4,Yes,1,Organic,South
100319,Nov-2024,699,229.45407497784328,469.5459250221567,679.0545594886589,354.55241463185934,2.0,84.99351039029739,157,122.93011838693539,26,12,5,37,0,No,1,Organic,East
100320,Nov-2024,999,81.44760272998147,917.5523972700186,1043.7736164966263,882.8064776587606,0.0,34.74591961125793,171,57.2588729959531,3,8,2,54,2,Yes,0,Referral,North
100321,Nov-2024,699,268.7330493945975,430.2669506054025,685.350221016174,111.03929728850275,8.0,199.22765331689973,58,25.845901232298687,28,12,4,40,2,Yes,0,Referral,North
100322,Nov-2024,699,301.19562028099057,397.80437971900943,701.3374122355192,161.29961393044533,12.0,56.5047657885641,209,117.5999624634969,16,7,2,6,2,Yes,0,Referral,North
100323,Nov-2024,699,171.33418245947522,527.6658175405248,703.9713296694835,309.9321794288661,4.0,157.73363811165873,244,58.68241837994287,16,8,5,11,0,Yes,1,Affiliate,East
100324,Nov-2024,499,167.01132426942686,331.98867573057316,484.7119447093485,227.2832197171685,2.0,74.70545601340467,53,97.26904070314669,18,8,3,14,3,Yes,0,Paid Search,West
100325,Nov-2024,499,49.96366261098575,449.03633738901425,488.5821465126984,240.06545865029113,4.0,148.9708787387231,55,18.987663927542012,12,9,2,21,0,Yes,0,Affiliate,East
100326,Nov-2024,499,230.9339282884402,268.0660717115598,498.0366180547216,113.60618098274247,4.0,94.45989072881733,122,62.08322340935671,18,14,2,59,3,Yes,0,Organic,East
100327,Nov-2024,999,191.7198295688911,807.2801704311089,974.6565246028317,721.5738525441238,4.0,25.706317886985033,75,24.807077268899256,25,9,3,20,2,No,0,Referral,North
100328,Nov-2024,1499,39.419352477141246,1459.5806475228587,1469.8637012243917,1286.0346385275516,5.0,98.54600899530706,179,59.64619712736559,16,7,3,5,3,No,0,Affiliate,South
100329,Nov-2024,699,103.02240598941697,595.9775940105831,706.909173714975,479.7554215302257,,26.222172480357358,243,77.07975036461438,23,14,5,45,2,No,1,Affiliate,East
100330,Nov-2024,699,130.8797490365036,568.1202509634963,715.3394379211413,368.7707281235522,5.0,124.34952283994414,163,17.27974144723772,19,10,4,59,3,No,0,Organic,North
100331,Nov-2024,999,102.86373641769757,896.1362635823025,1029.0679586468482,828.7183394415608,0.0,67.41792414074169,134,48.56017456301768,11,6,5,9,0,No,0,Affiliate,East
100332,Nov-2024,699,13.549369601997,685.450630398003,672.5582143605059,603.9488284908921,2.0,51.501801907110895,135,18.86262130630562,19,11,2,30,0,No,0,Paid Search,West
100333,Nov-2024,499,233.88243703006745,265.1175629699326,510.82617465374835,220.20004541951238,2.0,14.9175175504202,180,100.84538038394504,13,7,5,42,1,Yes,0,Referral,East
100334,Nov-2024,1499,120.77874529177264,1378.2212547082274,1564.411216782496,1189.3457905187645,5.0,113.875464189463,84,52.38938162829867,21,12,5,43,0,Yes,0,Referral,North
100335,Nov-2024,1299,151.84377310719714,1147.1562268928028,1309.4873043120404,944.7684412194799,11.0,37.38778567332293,163,25.775151113645453,8,8,3,38,0,Yes,0,Organic,East
100336,Dec-2024,699,80.6080095123088,618.3919904876911,706.3171480011468,440.6003770200899,5.0,102.79161346760122,108,31.790105535623397,24,10,4,53,2,No,0,Organic,East
100337,Dec-2024,499,207.03257687663879,291.9674231233612,521.7206445278091,204.8273097731764,0.0,87.14011335018478,87,35.79397806701928,11,13,4,59,0,Yes,0,Referral,East
100338,Dec-2024,1299,173.8435421257684,1125.1564578742316,1346.9892511315045,968.6146723853929,7.0,51.541785488838826,82,129.29128808200284,23,12,5,27,2,No,0,Referral,North
100339,Dec-2024,1499,295.53412669565023,1203.4658733043498,1507.6446119869743,880.7314564740163,14.0,,170,47.267791018994046,30,8,3,56,0,Yes,0,Affiliate,North
100340,Dec-2024,1299,207.67184555267812,1091.3281544473218,1333.533855079348,912.5081075258815,4.0,118.82004692144028,192,89.31517909032594,16,15,3,5,0,Yes,0,Organic,East
100341,Dec-2024,499,125.6778717795467,373.3221282204533,483.07686043028394,222.32231019432953,5.0,75.99981802612376,252,49.022265152352794,15,7,2,5,0,Yes,0,Organic,North
100342,Dec-2024,1299,61.233981899692765,1237.7660181003073,1287.7134905632365,1072.6133144853388,6.0,75.1527036149685,251,19.38028310142207,11,9,1,48,2,No,0,Referral,East
100343,Dec-2024,999,253.9143220699974,745.0856779300026,1020.5193850287548,504.39490695479674,5.0,165.69077097520585,149,31.539565656909797,9,15,2,56,2,Yes,0,Paid Search,East
100344,Dec-2024,1299,116.09086814562507,1182.909131854375,1271.5368927334441,1105.481260487975,0.0,77.42787136639973,191,64.19115064905036,25,9,2,57,0,Yes,0,Organic,East
100345,Dec-2024,699,129.39389200845352,569.6061079915464,695.7774445332382,468.55734275136194,0.0,101.0487652401845,243,8.101123155158408,1,17,2,40,2,Yes,0,Organic,East
100346,Dec-2024,699,129.36340724487903,569.636592755121,676.1236832101348,415.49637968992363,7.0,49.140213065197344,94,72.20883910023406,2,13,1,15,2,No,0,Organic,South
100347,Dec-2024,999,101.80707472114447,897.1929252788556,1038.7405360028085,794.0773263984364,6.0,13.115598880419164,97,28.12573026697421,26,4,3,47,1,Yes,0,Referral,South
100348,Dec-2024,499,131.45532069241568,367.5446793075843,518.7438514498691,309.96347372762443,2.0,27.581205579959857,221,56.8858606570035,4,16,3,9,2,Yes,0,Affiliate,West
100349,Dec-2024,699,381.1449075279093,317.8550924720907,697.4873116404068,103.79358692900942,0.0,214.06150554308127,167,32.63608875731969,15,12,4,47,1,Yes,0,Referral,East
100350,Dec-2024,1499,24.261353504676947,1474.738646495323,1452.8315605751034,1362.8011614909435,5.0,36.93748500437955,214,82.2124739661455,20,7,4,25,1,Yes,0,Referral,East
100351,Dec-2024,699,52.259494708606795,646.7405052913932,711.5268658606748,541.5955776583301,2.0,75.14492763306319,292,51.716185616415125,12,11,5,8,0,No,1,Organic,North
100352,Dec-2024,699,316.11893017850997,382.88106982149003,678.976093446811,296.6499611979724,,71.23110862351763,78,80.09568902728023,25,4,5,14,0,Yes,0,Organic,East
100353,Dec-2024,499,105.0234738605914,393.97652613940863,485.4568706054224,362.81785016300273,2.0,1.158675976405874,276,9.988380272001729,23,15,5,39,2,Yes,0,Paid Search,North
100354,Dec-2024,1299,95.92544591101259,1203.0745540889875,1360.3188429661184,986.1684672117153,7.0,111.90608687727212,294,43.24195467779527,17,8,4,32,3,No,0,Referral,West
100355,Dec-2024,699,274.18366281281203,424.81633718718797,671.0079400098829,225.0193827175599,7.0,94.79695446962808,133,27.669067045430147,1,9,4,31,1,No,0,Affiliate,South
100356,Dec-2024,999,20.423474073810127,978.5765259261899,986.9362555069947,856.1973828882445,0.0,122.37914303794533,262,70.75736009282491,23,11,2,23,2,No,0,Affiliate,South
100357,Dec-2024,1299,248.5745315104087,1050.4254684895914,1306.1282215931014,776.6219797344501,4.0,213.80348875514127,211,100.02733218235517,0,5,3,44,0,Yes,0,Referral,North
100358,Dec-2024,1499,155.47397151858527,1343.5260284814146,1440.207721927893,1249.3131871359337,1.0,79.21284134548091,236,97.56303426298378,8,10,4,1,0,Yes,0,Organic,East
100359,Dec-2024,499,205.7762556998373,293.2237443001627,475.9932606263875,37.27061673672108,7.0,150.95312756344163,162,133.96933096436538,17,14,1,47,1,No,0,Organic,North
100360,Dec-2024,1499,203.52371463025509,1295.4762853697448,1505.3464630357234,1150.6332390611153,5.0,69.84304630862958,166,101.703770055335,27,8,2,31,1,Yes,0,Paid Search,West
100361,Dec-2024,1299,74.64208962208346,1224.3579103779166,1248.931247497901,1117.470802041288,0.0,106.8871083366286,92,42.916684257232575,4,13,1,7,2,No,1,Affiliate,South
100362,Dec-2024,1299,276.1420536179888,1022.8579463820113,1266.6768719341835,891.556645583292,3.0,86.30130079871924,210,22.378814403168622,2,7,1,15,0,Yes,0,Organic,East
100363,Dec-2024,1299,83.9834746226317,1215.0165253773682,1298.6457652874305,1100.8209899904552,7.0,9.195535386913072,68,10.788768277997608,4,14,3,42,0,Yes,1,Organic,East
100364,Dec-2024,1499,199.061882279849,1299.938117720151,1476.1399285435082,1192.912727127575,7.0,2.0253905925761018,57,21.52240427429599,11,14,1,6,1,No,0,Organic,East
100365,Dec-2024,1299,298.5269382634964,1000.4730617365036,1326.3512000959047,675.9564971377451,12.0,144.51656459875846,208,8.966846646964612,7,14,1,16,1,Yes,0,Paid Search,South
100366,Dec-2024,1499,315.4682039815763,1183.5317960184236,1568.3218730662663,1061.908904660342,5.0,46.62289135808159,60,15.33758268261127,7,13,1,14,1,Yes,1,Affiliate,East
100367,Jan-2025,1299,117.94483968711691,1181.0551603128831,1331.8896522792638,1097.396931072414,,38.658229240469126,57,60.66081035608011,21,12,1,44,0,Yes,0,Paid Search,West
100368,Jan-2025,999,205.57623290892127,793.4237670910787,1048.9492050260662,741.4227284968058,1.0,37.0010385942729,202,9.965002150934826,24,7,2,17,0,Yes,0,Paid Search,West
100369,Jan-2025,1299,106.86134517556565,1192.1386548244343,1284.5697596778348,1042.6261132372745,5.0,74.5125415871598,162,66.49908311467378,6,6,2,10,1,Yes,0,Paid Search,South
100370,Jan-2025,1499,450.4555472722529,1048.544452727747,1469.805274164143,898.7028116990438,7.0,44.84164102870332,197,,1,10,3,29,0,No,0,Paid Search,South
100371,Jan-2025,699,243.6151207048582,455.3848792951418,678.9097119452783,389.9563666203924,2.0,35.428512674749435,87,53.43714574473167,0,8,3,42,1,Yes,0,Referral,South
100372,Jan-2025,1299,160.0870123004323,1138.9129876995678,1348.9956509325064,974.068244990392,6.0,74.84474270917573,184,54.47800719357359,23,8,1,8,1,Yes,0,Organic,North
100373,Jan-2025,699,187.50746081492912,511.4925391850709,691.3065072389155,414.1656875209687,3.0,52.32685166410221,166,134.33166524625514,0,4,5,57,1,Yes,0,Paid Search,South
100374,Jan-2025,999,198.8526498535281,800.1473501464719,1020.0731044987184,703.4088119140124,2.0,66.73853823245946,254,55.97670586028409,7,13,1,11,2,No,0,Affiliate,South
100375,Jan-2025,499,202.40922489401785,296.5907751059822,507.7213751299794,229.78065176380125,3.0,21.810123342180916,216,16.03923588583785,27,17,1,59,1,Yes,0,Paid Search,North
100376,Jan-2025,999,121.20021388241315,877.7997861175868,954.7517585798118,757.8047891322896,3.0,74.99499698529723,284,23.478470648643206,24,8,3,18,2,Yes,0,Paid Search,East
100377,Jan-2025,1299,102.68072409177901,1196.319275908221,1348.3160430439661,913.6383185551514,4.0,222.68095735306963,123,54.37600040242567,16,13,4,45,0,Yes,0,Affiliate,North
100378,Jan-2025,699,131.77759659282083,567.2224034071792,698.0588038454492,481.89148091709353,3.0,40.33092249008559,121,41.386741649666035,22,6,3,20,2,Yes,0,Paid Search,West
100379,Jan-2025,699,13.23699539433511,685.763004605665,679.6760197418027,604.4723216009829,3.0,36.29068300468204,155,56.27663439310593,4,9,2,16,1,Yes,0,Organic,West
100380,Jan-2025,1499,236.1929288369352,1262.8070711630648,1570.8151282482038,1133.8403735608158,4.0,68.96669760224893,167,67.37107598649894,28,10,3,27,2,No,0,Affiliate,East
100381,Jan-2025,699,53.795394882123276,645.2046051178768,716.6956270394918,467.26779611929237,6.0,87.93680899858435,284,,13,11,4,23,1,Yes,0,Organic,North
100382,Jan-2025,1499,22.80599052183399,1476.194009478166,1516.4984037198847,1331.240170799209,8.0,24.95383867895694,69,68.8277335046028,7,7,1,14,1,No,0,Affiliate,East
100383,Jan-2025,499,148.27746401230215,350.7225359876978,523.3699707846464,248.2441338940514,1.0,87.47840209364642,258,74.48494110122303,19,17,4,12,3,Yes,0,Referral,West
100384,Jan-2025,1299,134.38528443721358,1164.6147155627864,1332.3306176295046,1019.9059661604879,8.0,24.708749402298608,60,,30,12,3,45,2,Yes,0,Organic,North
100385,Jan-2025,1499,179.9561370946786,1319.0438629053215,1442.2095098893637,1167.9119975835085,7.0,46.13186532181294,193,161.66510584684556,17,9,5,27,0,No,0,Paid Search,North
100386,Jan-2025,499,81.81535567243084,417.1846443275692,523.5082415564711,328.60972781790576,5.0,13.574916509663424,278,11.14997137441725,22,11,2,13,0,Yes,0,Paid Search,West
100387,Jan-2025,699,102.89489301228318,596.1051069877168,705.822310632241,384.9055909592512,5.0,136.1995160284656,91,148.61737815833416,28,11,4,16,0,No,0,Paid Search,South
100388,Jan-2025,699,233.0543406106189,465.9456593893811,684.9805350250241,314.5766134945425,4.0,91.36904589483855,273,38.418071859849945,6,11,3,33,1,Yes,0,Affiliate,East
100389,Jan-2025,499,225.74606405942325,273.25393594057675,514.8442792681492,215.09508082355626,0.0,58.158855117020494,139,27.427892407826,23,15,1,24,1,No,0,Paid Search,West
100390,Jan-2025,699,220.74300554120137,478.25699445879866,667.399593067475,358.66025691663157,2.0,89.59673754216709,299,70.64796781233223,13,18,3,12,2,No,0,Organic,West
100391,Jan-2025,499,154.07611348217787,344.9238865178221,506.7028859850415,139.49169404935287,7.0,100.43219246846922,101,31.805718450734066,24,11,1,9,2,Yes,0,Organic,North
100392,Jan-2025,1499,170.27071479987296,1328.729285200127,1447.9250422344123,1060.3951037834015,4.0,208.3341814167255,214,95.55924161838198,13,15,5,13,3,Yes,1,Referral,North
100393,Jan-2025,1499,177.65266652526043,1321.3473334747396,1437.1726535543194,1052.3628227215775,,118.9845107531622,101,37.53774515223832,5,6,2,45,1,Yes,0,Affiliate,East
100394,Jan-2025,499,71.27499122292282,427.72500877707716,491.71380350043944,365.1094358121328,4.0,2.6155729649443913,186,104.66552549072833,2,8,4,8,1,Yes,1,Organic,West
100395,Jan-2025,1499,326.88559201753213,1172.1144079824678,1477.4688824381128,1043.0225967557456,6.0,39.09181122672222,212,20.610397835913954,20,13,3,50,1,Yes,0,Paid Search,West
100396,Jan-2025,1499,309.79056389852394,1189.209436101476,1514.0689415565469,982.4830314212866,8.0,86.72640468018957,244,63.40927912596493,13,13,3,56,0,Yes,0,Paid Search,North
100397,Jan-2025,1499,245.30947092011607,1253.6905290798838,1508.8086528839144,1017.7576328683683,5.0,160.93289621151544,144,25.706313206238736,13,13,4,56,0,Yes,0,Organic,West
100398,Feb-2025,999,98.89660963180827,900.1033903681918,1017.7759978895087,878.6432995805771,1.0,6.4600907876145754,283,65.14040454662633,2,11,1,18,3,Yes,0,Referral,North
100399,Feb-2025,1299,214.69729415401804,1084.302705845982,1256.6665993498489,1071.5438374379935,0.0,12.758868407988516,184,13.600893797745986,9,5,2,27,3,Yes,0,Referral,South
100400,Feb-2025,699,267.40439253237264,431.59560746762736,724.9233517962475,355.04893178356724,2.0,46.54667568406009,51,14.769571361163447,8,13,5,41,1,Yes,0,Organic,South
100401,Feb-2025,999,3.2163717934627982,995.7836282065372,1034.8315121971907,866.2382451339123,6.0,39.54538307262489,74,37.26494741052733,20,11,4,33,2,No,0,Organic,East
100402,Feb-2025,1499,353.3414114038197,1145.6585885961804,1456.4692501966335,1032.2698229448874,0.0,113.38876565129304,281,107.88407465615931,6,5,2,7,0,Yes,1,Affiliate,East
100403,Feb-2025,499,58.72651333869541,440.27348666130456,497.68134732337427,279.2896717276754,6.0,70.98381493362916,125,11.641390782807706,25,10,3,13,0,Yes,0,Affiliate,West
100404,Feb-2025,1499,234.55269836508904,1264.447301634911,1497.203491196778,1142.6731610587085,4.0,61.77414057620243,143,,6,11,2,15,1,Yes,0,Organic,West
100405,Feb-2025,1299,324.3938767502963,974.6061232497037,1353.7187867228795,927.0635604649935,3.0,2.5425627847101495,295,65.22847900188107,6,8,5,34,0,Yes,1,Paid Search,West
100406,Feb-2025,1499,136.4323843167563,1362.5676156832437,1559.8022710599803,1272.3278338477155,6.0,0.2397818355281771,143,102.23442836235171,11,9,2,56,1,Yes,0,Organic,West
100407,Feb-2025,499,131.9442720212312,367.0557279787688,477.4166289053107,194.86239161959082,3.0,127.19333635917798,270,51.741292243355815,25,9,3,40,3,Yes,0,Affiliate,South
100408,Feb-2025,1299,230.1192951176308,1068.8807048823692,1358.4980955171297,944.5097710649006,0.0,124.3709338174685,90,57.36892361129432,3,12,5,20,0,No,0,Organic,North
100409,Feb-2025,1499,372.2258270320647,1126.7741729679353,1434.3274578711928,1021.1801695541164,3.0,60.59400341381894,252,42.24775063383738,19,11,5,56,4,Yes,0,Referral,North
100410,Feb-2025,1299,116.27188344703606,1182.728116552964,1305.4393710243587,1175.982463975202,0.0,6.745652577761817,292,38.65430874466792,12,9,5,37,2,Yes,0,Affiliate,West
100411,Feb-2025,699,56.285376976086624,642.7146230239134,685.83036110835,460.5058103890983,4.0,122.20881263481508,229,83.78784505541779,2,9,3,41,1,Yes,1,Referral,South
100412,Feb-2025,699,99.14694532704092,599.853054672959,691.3434247604205,495.74670241907904,2.0,74.10635225388005,136,,19,9,1,17,0,Yes,0,Affiliate,West
100413,Feb-2025,1499,36.30167907434645,1462.6983209256537,1517.9948651135594,1349.808627968728,4.0,52.8896929569258,130,50.90259579560097,8,10,3,29,0,No,0,Affiliate,North
100414,Feb-2025,1299,257.73094784581866,1041.2690521541813,1309.887651840106,912.5016556576675,2.0,98.76739649651383,254,11.394505268051459,20,6,1,21,0,No,0,Affiliate,East
100415,Feb-2025,499,88.31003367433685,410.68996632566314,482.4076880148548,250.85292521180895,0.0,159.83704111385418,274,15.504690309989119,29,7,1,14,2,Yes,1,Paid Search,South
100416,Feb-2025,1499,124.99930151213334,1374.0006984878667,1569.4202895255503,1245.1924388892628,6.0,38.80825959860383,242,47.16678518611013,21,13,3,29,2,Yes,0,Affiliate,North
100417,Feb-2025,699,259.15453577028075,439.84546422971925,666.0557288086078,290.2093996564711,7.0,44.63606457324816,173,29.82534632417598,19,11,2,41,0,No,0,Referral,North
100418,Feb-2025,699,104.77076107081814,594.2292389291819,688.0521352562885,535.6084250001697,0.0,58.620813929012144,281,43.115152745884316,12,12,3,47,1,Yes,0,Affiliate,East
100419,Feb-2025,1499,241.09084744660765,1257.9091525533922,1544.1767243538839,1210.4776104240914,0.0,47.43154212930095,126,23.747232275565196,0,10,5,22,1,No,0,Referral,East
100420,Feb-2025,1299,25.42937954204558,1273.5706204579544,1344.586635082688,1137.257040572219,5.0,61.313579885735486,87,,28,11,2,52,0,Yes,0,Organic,East
100421,Feb-2025,699,265.0463313988797,433.9536686011203,719.7805887424249,397.63387984525616,1.0,21.31978875586411,244,16.55548007256184,22,5,4,33,2,Yes,0,Referral,East
100422,Feb-2025,1299,191.02860255185647,1107.9713974481435,1282.437600363066,1043.4934472418106,1.0,49.47795020633296,257,,28,15,4,13,1,Yes,0,Referral,South
100423,Feb-2025,699,139.3705163016398,559.6294836983602,711.1206537349362,451.35816123907557,3.0,63.271322459284654,91,117.58318327215943,22,4,4,42,0,Yes,0,Referral,West
100424,Feb-2025,699,165.70721855325547,533.2927814467446,717.4745479229559,335.82960566666304,7.0,92.46317578008151,248,70.87382861950408,5,9,5,31,1,No,0,Affiliate,South
100425,Feb-2025,999,4.411355358328365,994.5886446416716,1006.7875769394172,839.1840518087595,4.0,95.40459283291217,231,14.325689397035744,19,9,5,12,1,Yes,0,Referral,South
100426,Mar-2025,699,162.96008927363638,536.0399107263636,711.5133434926289,481.8245616997989,2.0,24.215349026564667,294,,25,8,1,32,1,Yes,0,Referral,North
100427,Mar-2025,499,132.99962575720753,366.0003742427925,501.6758875178859,270.9913045294462,2.0,65.00906971334626,244,73.90725569808704,28,14,5,46,2,No,0,Referral,North
100428,Mar-2025,1499,1.1319132525076157,1497.8680867474923,1432.2869502787053,1311.3808016928344,4.0,126.48728505465779,127,98.49797320174375,23,11,1,6,0,Yes,0,Referral,North
100429,Mar-2025,1499,69.47094877121474,1429.5290512287852,1465.0155220897034,1297.2583793003869,6.0,42.27067192839827,113,98.11499618538204,27,9,4,11,3,No,0,Referral,North
100430,Mar-2025,1299,134.49056904569784,1164.5094309543022,1325.324371542545,869.9011692469481,7.0,189.608261707354,257,85.08139317689904,29,16,3,23,1,Yes,0,Paid Search,North
100431,Mar-2025,699,77.12493780625903,621.875062193741,680.9332196144677,579.0814361192623,1.0,27.79362607447868,181,5.943469584457133,7,12,3,7,0,No,0,Organic,South
100432,Mar-2025,499,139.45366860605003,359.54633139394997,496.77773399303453,149.35089514075375,2.0,180.19543625319622,208,21.451224842161906,16,9,5,57,1,Yes,0,Referral,East
100433,Mar-2025,1299,279.1665047530639,1019.8334952469361,1303.496206617733,948.4464475026541,3.0,26.387047744281986,174,86.71413651621732,30,11,4,20,2,Yes,0,Organic,West
100434,Mar-2025,999,132.94921498924015,866.0507850107599,1016.0799862998292,790.5484169190928,2.0,45.502368091667066,190,31.493662458970842,24,9,4,4,0,Yes,0,Affiliate,South
100435,Mar-2025,1299,122.87402510838541,1176.1259748916145,1267.7128337140043,1036.5583689734424,7.0,34.567605918172085,76,62.56089856069251,23,10,1,21,0,No,0,Referral,West
100436,Mar-2025,1299,406.1955527615274,892.8044472384727,1311.3684441325588,698.4600956294739,9.0,59.34435160899872,108,158.37662836470608,17,13,1,44,0,Yes,0,Affiliate,West
100437,Mar-2025,699,298.96707975758267,400.03292024241733,705.7460110955378,234.17742425202084,4.0,105.85549599039652,114,30.251897932704544,24,5,4,30,1,No,0,Paid Search,East
100438,Mar-2025,999,108.12215387179977,890.8778461282002,1033.4678914199592,765.9150955470488,1.0,109.9627505811513,241,103.19570670288647,3,13,5,25,0,Yes,0,Affiliate,West
100439,Mar-2025,1299,48.90030103599588,1250.0996989640041,1305.7609994610104,1075.5203879634807,5.0,99.57931100052335,74,65.04046859460448,25,6,5,31,0,Yes,1,Affiliate,East
100440,Mar-2025,499,198.38294529126264,300.6170547087373,488.77432908159307,210.4953446179349,4.0,30.121710090802416,86,206.02753080594633,30,7,4,2,1,No,0,Affiliate,South
100441,Mar-2025,499,174.27921778609695,324.720782213903,500.1328852427507,303.5802776190855,1.0,6.140504594817514,291,65.17968047163707,29,11,3,20,0,Yes,0,Referral,East
100442,Mar-2025,1499,215.05079097604482,1283.949209023955,1440.1307668926734,1086.0166903954548,,137.9325186285002,285,31.868032571350177,11,7,3,46,2,No,0,Affiliate,East
100443,Mar-2025,999,49.24556720939421,949.7544327906057,1009.7641009018175,882.6789128812497,0.0,67.07551990935603,252,51.06340081707147,21,9,1,41,0,No,0,Paid Search,North
100444,Mar-2025,999,281.732642516596,717.267357483404,1040.571477917639,616.7644255253778,6.0,10.502931958026267,250,20.338714015243074,15,9,4,54,1,Yes,0,Referral,North
100445,Mar-2025,1499,93.18454521893408,1405.815454781066,1503.4685664979606,1263.6524929541451,5.0,67.1629618269208,173,82.73254967475488,29,14,3,14,2,No,0,Referral,East
100446,Mar-2025,1299,231.69188983866803,1067.308110161332,1272.0026552434529,923.3318791654814,4.0,83.97623099585067,120,36.65768273561784,17,9,5,38,0,No,1,Organic,East
100447,Mar-2025,999,54.36728874515711,944.6327112548429,989.5620576576567,841.0097774318376,3.0,58.62293382300526,191,51.00216782743463,9,12,2,23,1,Yes,0,Affiliate,West
100448,Mar-2025,499,467.7772782904184,31.222721709581606,519.0527102082891,-176.23921231352858,7.0,102.4619340231102,143,108.85056562505169,3,9,2,5,4,Yes,0,Affiliate,West
100449,Mar-2025,499,233.46280187583102,265.537198124169,514.6220367730417,184.8898696173577,3.0,35.64732850681128,201,18.377546304062022,1,11,4,52,4,Yes,0,Referral,East
100450,Mar-2025,699,496.1078731888376,202.89212681116243,720.1919618717965,66.01958202877171,2.0,106.87254478239072,116,98.72555934173073,27,8,1,59,1,Yes,0,Referral,West
100451,Mar-2025,999,249.31223715912557,749.6877628408745,1005.4015761449399,484.6301250674512,10.0,115.05763777342325,225,12.813661821663251,24,10,2,19,1,Yes,0,Affiliate,South
100452,Mar-2025,1299,82.62427717575792,1216.375722824242,1285.5440464883732,1069.3504782845002,,72.02524453974185,152,46.25848941957246,14,13,5,50,2,No,0,Paid Search,West
100453,Mar-2025,1499,249.52569523070352,1249.4743047692964,1443.9018460314621,878.028704652465,12.0,191.44560011683132,140,71.16061713086125,8,4,5,7,3,Yes,0,Organic,West
100454,Mar-2025,1499,258.06933818318595,1240.930661816814,1570.2945405606142,1037.6142006073835,3.0,158.31646120943054,242,86.72381533271563,14,8,5,21,1,Yes,0,Affiliate,East
100455,Mar-2025,1299,194.7988973397315,1104.2011026602686,1257.3155014733336,974.0144911231314,2.0,100.1866115371372,215,19.871492712396172,4,8,2,33,2,Yes,0,Referral,West
100456,Mar-2025,699,225.64709664384677,473.3529033561532,681.6730851443072,244.9426853878639,10.0,78.41021796828934,139,159.9605604390238,18,3,3,20,2,Yes,0,Organic,East
100457,Apr-2025,1499,241.40725552892107,1257.592744471079,1538.6128008400428,1198.10239275584,2.0,29.49035171523915,119,71.94785410067516,2,5,5,9,1,Yes,0,Organic,North
100458,Apr-2025,999,30.758278708111007,968.241721291889,984.0900855878062,951.4687035525642,1.0,1.7730177393247857,108,87.51730827272495,16,10,1,31,1,No,0,Affiliate,West
100459,Apr-2025,699,22.21699143240572,676.7830085675943,704.8624096394709,502.98414700143644,4.0,113.79886156615781,283,72.28947652881118,12,16,4,8,1,Yes,0,Referral,East
100460,Apr-2025,999,54.693960166267985,944.306039833732,1025.1379784730677,790.2382927150171,8.0,34.06774711871492,61,20.673658565155662,23,16,4,11,0,Yes,1,Referral,East
100461,Apr-2025,499,165.30508732446123,333.6949126755388,501.8004584954663,287.5676376213225,1.0,31.127275054216284,231,27.958195859893838,2,11,4,7,0,Yes,0,Referral,West
100462,Apr-2025,699,123.21945942318956,575.7805405768104,698.351287479458,486.60782779964643,5.0,,100,118.46107510801015,27,13,3,21,1,No,0,Affiliate,North
100463,Apr-2025,1499,32.93153208924616,1466.068467910754,1431.6502805538696,1432.4532750638734,2.0,3.615192846880447,215,121.06366449396836,3,17,4,49,0,Yes,0,Referral,East
100464,Apr-2025,699,243.03770526235763,455.96229473764237,698.1372379406902,190.67810855955435,5.0,190.28418617808802,223,,17,7,4,28,0,No,0,Affiliate,East
100465,Apr-2025,699,183.96537841637758,515.0346215836224,695.8563611459189,337.2083932582034,4.0,117.82622832541902,276,82.08821130754185,23,9,2,53,3,Yes,0,Referral,West
100466,Apr-2025,699,170.2714789645025,528.7285210354975,725.5977865461814,475.98645442289813,0.0,52.74206661259934,59,45.61197017323226,2,12,3,15,3,No,0,Organic,South
100467,Apr-2025,699,119.04128337912773,579.9587166208722,695.3227580568681,466.84270199629304,2.0,83.11601462457918,58,68.77662473555493,13,12,3,8,3,No,1,Paid Search,East
100468,Apr-2025,999,104.61262771613124,894.3873722838688,1011.9812881286261,786.9849782147962,1.0,92.40239406907253,136,57.957320632641625,15,9,2,52,1,Yes,0,Organic,West
100469,Apr-2025,499,49.040260582922826,449.9597394170772,512.6592997024464,385.4724270689235,3.0,19.487312348153708,143,57.27148952539967,11,10,1,12,1,No,0,Referral,West
100470,Apr-2025,1299,262.04883510448053,1036.9511648955195,1294.8061733043155,978.5457955239749,1.0,43.40536937154462,101,24.781039878316854,10,6,4,5,1,No,0,Organic,North
100471,Apr-2025,699,65.58085420161761,633.4191457983824,682.2837945175734,499.2957449034804,0.0,134.12340089490198,228,100.38293356699715,1,7,1,8,2,Yes,0,Paid Search,East
100472,Apr-2025,1499,175.12685600313802,1323.873143996862,1558.0536090444082,1265.8953111933868,0.0,57.97783280347514,71,,0,8,2,37,0,No,0,Organic,East
100473,Apr-2025,699,349.441247552644,349.558752447356,726.6467072630043,240.95335198200132,4.0,48.60540046535468,288,44.855821129360436,12,8,2,14,3,Yes,0,Referral,East
100474,Apr-2025,1499,110.12907063727792,1388.870929362722,1558.9353365023198,1321.1326502532488,4.0,7.738279109473247,122,25.311066639528576,29,12,2,4,1,Yes,0,Referral,West
100475,Apr-2025,999,265.28425688630335,733.7157431136966,976.3002763671273,636.0365232937726,2.0,67.67921981992404,132,50.98414627600255,25,9,2,27,1,Yes,1,Affiliate,East
100476,Apr-2025,1499,218.24508192428078,1280.7549180757192,1471.3373534483821,1250.9990845822679,0.0,29.755833493451277,121,,17,7,5,15,1,Yes,0,Referral,North
100477,Apr-2025,1299,187.37610759132642,1111.6238924086736,1353.4016740861098,1018.9052999261011,0.0,92.71859248257245,167,32.99839007887155,17,8,2,20,1,Yes,0,Paid Search,North
100478,Apr-2025,499,201.64181302857034,297.35818697142963,480.3265881747258,162.46507939741124,0.0,134.8931075740184,117,100.01313764261067,12,11,1,22,2,Yes,0,Affiliate,East
100479,Apr-2025,1499,138.61121168748838,1360.3887883125117,1522.3665926496676,1175.7351704252858,3.0,139.6536178872258,54,19.450607068434508,3,13,2,42,0,No,0,Referral,East
100480,Apr-2025,1499,154.17311625521285,1344.8268837447872,1467.8684574390095,1205.9961800193198,2.0,108.83070372546749,132,81.47162763523549,26,10,1,49,0,No,0,Referral,West
100481,Apr-2025,499,84.22632621291305,414.773673787087,510.04319917912875,193.85004491872093,6.0,130.92362886836605,287,15.354621069580478,0,14,2,36,5,Yes,0,Referral,North
100482,Apr-2025,1299,154.97485453609067,1144.0251454639092,1342.3430464329929,947.3141528115625,5.0,121.71099265234668,259,29.973992477727585,14,11,2,30,1,Yes,1,Referral,South
100483,Apr-2025,699,79.77288050598035,619.2271194940197,692.5772555517009,484.12327175507096,4.0,75.10384773894873,170,30.37734573921243,16,10,5,33,3,Yes,0,Organic,East
100484,Apr-2025,1499,270.67861116919164,1228.3213888308082,1446.7085407050183,1212.0134543989916,1.0,1.307934431816733,206,93.80316247783628,5,3,2,28,2,Yes,0,Affiliate,East
100485,Apr-2025,499,53.93969144141329,445.0603085585867,510.5885795150126,329.9857864811974,2.0,85.07452207738932,260,121.83208363675018,4,6,4,38,0,No,0,Affiliate,West
100486,Apr-2025,999,207.7263949350579,791.2736050649421,954.617199443712,688.1106581334342,2.0,73.1629469315079,55,39.07186677915078,0,16,5,40,1,Yes,1,Referral,North
100487,May-2025,499,190.39040417067355,308.60959582932645,474.7981310236445,173.48462664545102,1.0,120.12496918387544,118,16.670400553699736,21,8,5,4,1,Yes,0,Organic,East
100488,May-2025,999,179.52191570112404,819.478084298876,1036.6812733418792,584.7460953494303,9.0,99.73198894944562,107,34.25360557532266,15,13,4,56,0,No,0,Paid Search,West
100489,May-2025,1299,272.9398738638584,1026.0601261361417,1340.153292095978,863.521674351807,7.0,57.53845178433474,92,36.546574078827575,13,10,5,14,0,No,0,Organic,East
100490,May-2025,699,115.66516919484633,583.3348308051536,704.7286584070703,423.68457261136655,5.0,84.6502581937871,297,33.31242095411007,23,15,2,2,2,Yes,0,Organic,West
100491,May-2025,499,180.652061348646,318.347938651354,507.2522111110201,166.60952127562578,4.0,91.73841737572823,246,45.64060233757268,28,8,4,37,0,Yes,0,Organic,West
100492,May-2025,1499,55.98502658237436,1443.0149734176257,1566.8453009174439,1275.9485668001134,2.0,137.06640661751237,121,25.320461218491992,4,10,2,47,0,Yes,0,Affiliate,West
100493,May-2025,1299,100.16197414377322,1198.8380258562267,1242.2033469916557,874.9675538970125,9.0,188.87047195921429,140,17.57020528079035,2,12,5,19,1,Yes,0,Organic,East
100494,May-2025,499,252.6883717410269,246.3116282589731,484.8580146154827,88.54505898417716,4.0,97.76656927479591,86,8.545215111428739,2,16,3,14,1,No,0,Organic,East
100495,May-2025,1499,10.699408264377809,1488.3005917356222,1533.357459736085,1201.1907409260325,13.0,92.1098508095896,284,90.96228901484413,28,5,4,7,2,Yes,1,Organic,North
100496,May-2025,499,169.1692040460894,329.83079595391064,487.22538285387793,282.67050567418596,1.0,32.16029027972469,107,57.598652697422274,26,11,1,9,2,Yes,0,Paid Search,East
100497,May-2025,999,68.69795137394433,930.3020486260557,969.7555352321475,847.7675017957692,4.0,22.534546830286452,286,76.33491743417659,11,13,5,33,1,Yes,0,Affiliate,South
100498,May-2025,499,136.6815633873918,362.3184366126082,496.11593889200503,354.25264224450365,0.0,8.065794368104548,279,69.31393905120626,17,10,3,24,0,No,0,Referral,North
100499,May-2025,499,75.87870134860833,423.12129865139167,510.1625268696118,202.14045366230857,1.0,205.9808449890831,176,48.09525658713726,8,9,5,52,0,Yes,1,Affiliate,West
100500,May-2025,499,0.3365274847883484,498.66347251521165,484.55505487260683,406.5264715932605,5.0,17.137000921951127,86,45.55358748998232,24,10,2,42,2,Yes,0,Paid Search,North
100501,May-2025,1299,196.3203977951761,1102.6796022048238,1289.8479120355619,946.4979566430482,8.0,36.18164556177571,259,157.57843806783555,22,10,2,43,1,Yes,0,Organic,South
100502,May-2025,499,144.04838855703048,354.9516114429695,499.93897016204863,314.4524560338502,,,203,33.689888757042944,16,3,2,21,0,Yes,0,Organic,South
100503,May-2025,1499,223.51549436246393,1275.4845056375361,1449.8665157255243,1173.9561713533094,1.0,86.52833428422669,219,51.889796189204155,16,8,3,44,1,Yes,0,Organic,West
100504,May-2025,999,245.33254895986332,753.6674510401367,996.6811210826803,529.345727435247,14.0,14.32172360488967,65,36.17349442546821,19,12,2,1,2,Yes,0,Paid Search,East
100505,May-2025,999,297.0310484506818,701.9689515493183,1035.5510334602022,586.168649372146,7.0,10.800302177172327,199,21.856802948668015,27,16,5,21,1,Yes,0,Organic,South
100506,May-2025,499,166.01840945311977,332.9815905468802,511.2786588626955,213.88523935162823,0.0,119.096351195252,159,202.82286428541792,17,10,5,57,0,Yes,0,Paid Search,East
100507,May-2025,1299,302.23452295238496,996.765477047615,1299.4478410114607,909.0511174030677,0.0,87.71435964454733,200,73.92009193131034,28,12,5,40,1,Yes,0,Organic,West
100508,May-2025,1299,32.90705911308548,1266.0929408869144,1250.3241425138835,1185.0661049806329,4.0,21.026835906281562,224,29.519566609261744,2,12,4,24,0,Yes,0,Organic,East
100509,May-2025,1499,259.07517950737576,1239.9248204926243,1427.5512070253371,1142.6442917448753,6.0,7.280528747749138,244,24.44283357205078,17,13,5,38,1,Yes,0,Paid Search,East
100510,May-2025,499,205.12684995934242,293.8731500406576,477.4054015676616,33.69336162810623,11.0,95.17978841255137,180,81.33699248215751,14,7,2,44,4,No,0,Paid Search,North
100511,May-2025,999,177.97111830177445,821.0288816982255,1023.9966208941634,725.4104723765215,5.0,,61,,0,9,4,41,1,Yes,0,Paid Search,East
100512,May-2025,1299,203.36786809957408,1095.632131900426,1325.5480083986395,925.2051245846847,6.0,,72,19.212435806371968,2,8,4,4,2,Yes,0,Paid Search,East
100513,May-2025,499,34.71133459974456,464.28866540025547,511.27859752350133,312.7586592484789,7.0,46.530006151776576,160,44.1235807378163,6,13,4,6,0,No,1,Affiliate,North
100514,May-2025,1299,6.390382808997288,1292.6096171910026,1273.9566653610448,1244.2995572021314,0.0,48.31005998887129,188,51.69123399560477,9,9,4,3,2,Yes,0,Affiliate,East
100515,May-2025,1299,355.17938232923984,943.8206176707602,1245.73134809066,927.5927637273344,1.0,,283,51.98970796645904,8,8,3,34,2,Yes,0,Organic,North
100516,May-2025,999,129.75333861632757,869.2466613836724,1020.4117684010072,765.5502384695878,5.0,28.696422914084575,101,59.78690135153569,25,7,5,25,2,No,0,Organic,North
100517,May-2025,699,128.04078938319591,570.9592106168041,728.5303808374573,400.0248103173617,,170.93440029944236,288,40.759136774802066,8,11,3,53,1,Yes,1,Referral,East
100518,Jun-2025,1499,17.722863091044985,1481.277136908955,1491.8335208329088,1340.1341178972693,4.0,81.14301901168571,227,46.82004675697796,7,9,1,27,0,Yes,1,Organic,East
100519,Jun-2025,1499,27.813396659620423,1471.1866033403796,1538.620745368472,1157.3937465982444,10.0,163.7928567421352,234,48.838970476060986,5,11,3,18,0,No,0,Organic,East
100520,Jun-2025,999,139.40173454252616,859.5982654574739,1021.7845299237601,671.0962262405696,11.0,23.50203921690428,241,18.192213618749676,0,8,4,5,1,No,0,Organic,North
100521,Jun-2025,1299,109.00944941895264,1189.9905505810473,1344.9445297846382,1040.4640087197688,2.0,119.52654186127847,176,155.1346057065109,15,10,5,54,1,Yes,0,Affiliate,South
100522,Jun-2025,499,150.2081228090941,348.7918771909059,475.4661485168378,63.40652077692488,10.0,135.38535641398101,223,84.74544376669314,23,14,5,24,0,Yes,0,Organic,North
100523,Jun-2025,1299,160.45847284586097,1138.541527154139,1358.144119066697,964.1045499099869,6.0,84.43697724415213,78,,23,10,2,32,0,Yes,0,Organic,South
100524,Jun-2025,999,448.73532975128325,550.2646702487168,1035.4991467006355,502.7891812976761,,47.47548895104072,170,61.55123196066428,29,14,3,21,1,Yes,0,Referral,West
100525,Jun-2025,1499,109.37040231132542,1389.6295976886745,1555.43439549089,1302.8352229971874,1.0,71.79437469148716,247,206.85218617770286,27,16,5,44,2,Yes,0,Affiliate,South
100526,Jun-2025,1299,339.59281295321364,959.4071870467864,1363.4762332114901,644.6422070209244,4.0,254.76498002586192,223,2.644817374834153,24,11,1,34,3,Yes,1,Affiliate,West
100527,Jun-2025,1499,347.0429058053934,1151.9570941946067,1519.9075030197687,1056.0582380953963,3.0,50.89885609921034,193,53.229133234767914,9,8,1,29,1,Yes,0,Paid Search,East
100528,Jun-2025,499,240.4349142326381,258.5650857673619,478.125512012946,156.63042670311734,4.0,41.934659064244556,275,23.759008215329988,10,10,3,55,1,No,0,Organic,North
100529,Jun-2025,1499,121.7848400941066,1377.2151599058934,1547.387182662516,1312.9796823635415,2.0,34.235477542351866,228,56.4212502136033,11,5,2,5,2,Yes,0,Organic,North
100530,Jun-2025,1499,13.376680335927517,1485.6233196640724,1444.2677757399751,1289.378250298214,7.0,91.24506936585833,150,134.75152719389484,21,12,1,59,1,Yes,0,Affiliate,West
100531,Jun-2025,699,207.3532652800688,491.6467347199312,715.6287731777716,358.62120178653373,6.0,43.025532933397464,60,80.05443384624158,2,16,2,50,1,No,0,Paid Search,North
100532,Jun-2025,699,272.2574495641133,426.7425504358867,693.6893111310521,338.9753096604305,1.0,72.76724077545614,188,49.19922916917842,5,11,3,28,2,Yes,0,Paid Search,North
100533,Jun-2025,699,359.72249571395815,339.27750428604185,664.5122677669447,207.66337271085501,7.0,26.614131575186818,240,144.1541131964095,7,12,5,6,0,No,0,Referral,West
100534,Jun-2025,1499,36.00504549038618,1462.9949545096138,1489.3732375448271,1235.0953648052255,13.0,32.899589704388305,230,95.00156877742815,22,15,2,11,0,Yes,0,Referral,South
100535,Jun-2025,999,120.77683329776792,878.2231667022321,1028.6367521188527,642.4576386474898,0.0,235.76552805474233,138,74.24811187732533,12,11,1,39,1,Yes,0,Affiliate,East
100536,Jun-2025,1499,36.73624914925837,1462.2637508507416,1437.151095542139,1254.9958549781554,11.0,42.26789587258634,107,72.8165231635997,23,7,2,48,3,No,0,Affiliate,South
100537,Jun-2025,999,73.9826409075693,925.0173590924308,949.270974558421,619.14550362908,0.0,305.8718554633507,68,91.16733005465835,18,6,5,8,0,Yes,0,Affiliate,South
100538,Jun-2025,999,229.72650410827524,769.2734958917248,994.2809378400696,535.2802762079714,10.0,83.99321968375347,209,31.632805705016796,7,4,5,35,0,Yes,0,Affiliate,West
100539,Jun-2025,699,68.4834276761117,630.5165723238883,664.1546273789972,532.5179961178436,0.0,97.9985762060447,99,28.352481442274467,20,15,1,11,1,No,0,Referral,West
100540,Jun-2025,1299,51.08745872195885,1247.912541278041,1355.4726207023934,1132.6553068397816,6.0,25.257234438259616,171,21.69615118972747,22,12,2,20,4,Yes,0,Paid Search,West
100541,Jun-2025,499,245.63950364667295,253.36049635332705,515.2106183197355,205.79708206333726,3.0,,121,32.81220236360915,12,6,2,54,1,Yes,0,Affiliate,West
100542,Jun-2025,699,204.08865480522564,494.91134519477436,708.0951983991218,392.8449547198735,5.0,27.06639047490085,104,138.19308435287476,3,12,4,51,0,No,0,Organic,South
100543,Jun-2025,699,192.00134375222095,506.9986562477791,665.2605274813976,310.41364312501895,12.0,16.585013122760145,253,44.1425428332821,2,11,1,43,1,No,1,Paid Search,West
100544,Jun-2025,1299,71.6535170161121,1227.3464829838879,1308.069937253038,1188.3720175158162,1.0,23.97446546807177,218,140.13469811765557,21,9,2,22,1,Yes,0,Organic,North
100545,Jun-2025,499,305.16279338576425,193.83720661423575,507.53721797320935,-43.93087781887377,3.0,192.76808443310952,148,30.85653698416995,24,9,3,41,0,Yes,0,Affiliate,South
100546,Jun-2025,1499,151.73882367837493,1347.261176321625,1512.1081672712821,1233.2809678681947,0.0,113.98020845343042,119,108.19843835770392,19,10,4,12,3,Yes,0,Paid Search,West
100547,Jun-2025,1499,435.6228166505723,1063.3771833494277,1565.988991833514,668.5223734011024,15.0,169.85480994832528,198,122.21312871711254,27,6,1,48,2,Yes,0,Affiliate,North
100548,Jul-2025,699,169.33994033640533,529.6600596635947,722.1609362464001,344.66808449251323,3.0,139.99197517108144,166,57.201241347969614,24,4,5,5,1,Yes,0,Paid Search,North
100549,Jul-2025,499,130.00174102165926,368.99825897834074,492.2681165086844,322.10798413849875,3.0,1.8902748398419646,75,43.60859809571109,2,7,1,34,3,Yes,0,Paid Search,West
100550,Jul-2025,699,135.34506417322427,563.6549358267757,712.6164258648621,460.4800691464203,2.0,73.17486668035544,297,26.58059320826245,21,7,3,42,3,Yes,0,Paid Search,West
100551,Jul-2025,999,224.87399302145622,774.1260069785437,995.1185094088629,745.9374606342907,1.0,13.188546344253027,178,99.43245311941556,11,8,3,34,1,No,0,Organic,North
100552,Jul-2025,699,306.0592982796967,392.9407017203033,728.9415238990881,275.59415619937425,4.0,57.34654552092904,258,42.35200670326745,4,8,5,30,0,Yes,0,Organic,North
100553,Jul-2025,699,55.94062440913805,643.0593755908619,707.2570318796977,441.5119261141166,4.0,141.54744947674533,276,38.25054031113287,24,7,5,59,0,No,0,Affiliate,South
100554,Jul-2025,1499,402.1174527332581,1096.8825472667418,1511.3022786069184,1021.2509190810197,2.0,45.631628185722036,204,66.62783250553069,5,4,5,23,1,No,0,Organic,South
100555,Jul-2025,1499,349.55987243929235,1149.4401275607077,1499.1045161394188,832.1308639466263,2.0,287.3092636140814,227,80.26807503783016,17,14,4,36,3,Yes,0,Organic,North
100556,Jul-2025,1499,175.26561161293776,1323.7343883870622,1480.6730715825893,1203.3500676326505,7.0,15.384320754411704,163,25.393673554944087,19,10,3,57,2,Yes,0,Affiliate,West
100557,Jul-2025,999,214.7344730827358,784.2655269172642,963.8410636448003,581.9809187214089,7.0,97.28460819585533,243,66.43535581102343,13,14,5,25,0,No,1,Affiliate,West
100558,Jul-2025,1499,257.343626086622,1241.656373913378,1465.1123395903169,1164.5436452570345,5.0,2.112728656343421,277,122.59072046340285,4,9,3,48,1,Yes,0,Referral,East
100559,Jul-2025,499,376.7993876784618,122.20061232153819,490.641796318625,-80.30197854424935,8.0,,114,21.351397019681347,10,6,4,6,3,Yes,0,Referral,North
100560,Jul-2025,1299,231.85631600946977,1067.1436839905302,1254.0568950224642,1012.1895585029663,1.0,39.954125487563886,59,,26,13,4,42,0,Yes,0,Paid Search,West
100561,Jul-2025,499,172.5517982725379,326.4482017274621,514.6043916702228,236.34107830713452,,30.10712342032759,144,100.3222343241486,8,10,3,29,2,Yes,1,Organic,South
100562,Jul-2025,499,230.67614371039787,268.32385628960213,474.16069459104807,252.82722452126546,1.0,0.4966317683366839,170,106.27197583740056,28,14,5,21,1,Yes,0,Organic,North
100563,Jul-2025,1499,214.4832337739071,1284.5167662260928,1561.3241550276837,1162.713373711594,4.0,61.80339251449891,175,82.680788597814,16,11,1,7,2,Yes,0,Paid Search,South
100564,Jul-2025,1299,260.9292224729993,1038.0707775270007,1250.713935339238,861.1769434095891,,116.89383411741166,86,79.66802365027834,11,7,2,37,4,Yes,0,Paid Search,West
100565,Jul-2025,1299,38.40279516954439,1260.5972048304557,1240.6708672228572,1187.5918956940384,3.0,,118,98.60827285102827,24,8,3,45,1,No,0,Paid Search,South
100566,Jul-2025,1299,187.9024139936946,1111.0975860063054,1363.324817643429,1034.983425604072,2.0,46.11416040223349,90,,25,10,4,41,2,Yes,0,Organic,West
100567,Jul-2025,999,205.25286090956834,793.7471390904317,1048.929626997207,644.2964134379807,4.0,89.45072565245093,223,36.04874693850947,0,5,5,9,1,Yes,0,Organic,East
100568,Jul-2025,1499,141.25833995373935,1357.7416600462607,1452.794460017196,1103.11037143242,10.0,104.6312886138407,294,,0,10,2,55,1,Yes,0,Affiliate,South
100569,Jul-2025,1299,244.09997330610705,1054.9000266938929,1251.4302057319355,840.8577989191908,1.0,199.04222777470204,254,47.921637211846985,3,11,3,47,1,No,0,Organic,West
100570,Jul-2025,999,380.54011446828497,618.459885531715,968.8076855244396,507.16560984769603,1.0,96.29427568401903,94,86.64202125696065,28,9,1,36,0,No,0,Referral,North
100571,Jul-2025,699,166.58605573253286,532.4139442674672,699.7915103015098,499.415712046276,1.0,17.998232221191202,172,49.00994202638471,21,8,1,1,0,Yes,0,Affiliate,South
100572,Jul-2025,699,233.00652968492284,465.99347031507716,686.5007559884301,431.43359498787737,2.0,4.559875327199791,175,43.154100794139715,29,9,4,31,0,No,1,Paid Search,West
100573,Jul-2025,999,342.7517712541864,656.2482287458135,982.6530001034306,547.6688826947408,7.0,3.5793460510727613,265,105.63100783522437,17,7,4,20,1,No,0,Organic,North
100574,Jul-2025,999,169.38774071302265,829.6122592869774,1029.926041141947,783.7341171588254,3.0,0.878142128152021,76,58.475907956414105,16,10,4,28,1,Yes,0,Paid Search,East
100575,Jul-2025,1499,43.38441571694291,1455.6155842830572,1557.4901642526108,1358.356702794466,2.0,67.25888148859127,242,15.774894402845888,11,10,3,46,3,No,0,Referral,East
100576,Jul-2025,1499,223.8934618905509,1275.106538109449,1569.427647756477,1086.462518532668,7.0,83.64401957678118,290,,19,11,1,19,0,No,0,Paid Search,West
100577,Jul-2025,699,114.19993641576912,584.8000635842309,700.0302143869652,378.83647835328793,6.0,115.96358523094295,133,19.37851168053282,23,10,1,1,2,Yes,0,Affiliate,South
100578,Jul-2025,1299,125.80404455552161,1173.1959554444784,1266.0231119336013,1024.9963773136594,3.0,103.199578130819,185,49.952569475942944,21,7,4,29,1,No,0,Organic,East
100579,Aug-2025,699,189.96144565395096,509.03855434604907,702.8387627221019,254.3499819744983,7.0,149.68857237155075,244,22.495986422150086,11,11,4,10,2,Yes,0,Paid Search,South
100580,Aug-2025,1299,131.39644596982396,1167.603554030176,1347.1995368764474,1044.0898865214267,8.0,,98,43.56582353422999,4,12,5,36,3,No,0,Organic,East
100581,Aug-2025,1299,7.82012909138291,1291.179870908617,1238.065428417152,1095.2611360579613,1.0,180.91873485065582,145,33.66706977141814,0,8,1,23,1,Yes,0,Affiliate,South
100582,Aug-2025,1499,104.3881723787613,1394.6118276212387,1560.6453017603249,1379.2393557540577,1.0,0.37247186718105496,285,13.012702066481895,18,14,4,18,0,Yes,0,Affiliate,South
100583,Aug-2025,499,63.430038030493606,435.5699619695064,485.354715598039,327.7353733154852,,77.83458865402115,170,21.28250507817923,29,11,4,29,1,No,1,Affiliate,North
100584,Aug-2025,499,132.26321957434587,366.73678042565416,489.54416051923926,257.3174747443074,,34.41930568134679,298,,6,10,4,28,1,No,1,Referral,South
100585,Aug-2025,999,283.5444168922196,715.4555831077804,985.4189705705737,637.3672461165456,2.0,,266,39.2843476689305,14,12,5,44,0,No,0,Affiliate,North
100586,Aug-2025,1499,178.6176973636717,1320.3823026363284,1561.022829012307,1201.5992015789477,1.0,,266,37.26490746600008,13,10,1,7,3,Yes,0,Referral,West
100587,Aug-2025,1299,49.28155178646489,1249.718448213535,1256.9120024341562,1139.6448346680334,3.0,65.07361354550183,163,35.807547426625796,25,13,1,31,2,Yes,1,Organic,West
100588,Aug-2025,499,312.5329287341131,186.4670712658869,485.1782678009105,65.00913022158102,7.0,16.457941044305883,63,61.24680166947906,2,13,1,38,2,No,0,Affiliate,South
100589,Aug-2025,1299,21.462868385302926,1277.537131614697,1329.0202324129477,1152.5989927949424,1.0,109.93813881975457,111,51.13568735847062,4,16,5,41,0,Yes,0,Affiliate,South
100590,Aug-2025,499,176.62602105265194,322.37397894734806,520.6909292901125,167.54618824264554,7.0,49.82779070470253,92,165.2961025728607,30,5,3,59,2,No,0,Referral,South
100591,Aug-2025,499,34.81031700140454,464.18968299859546,479.2762653060549,329.71910838379785,7.0,29.470574614797627,204,110.15675119585384,5,13,5,2,1,No,1,Affiliate,East
100592,Aug-2025,499,180.27814868766473,318.7218513123353,500.1102116990313,54.046606379265086,15.0,39.67524493307019,289,161.86773458468224,24,10,2,15,1,Yes,0,Paid Search,East
100593,Aug-2025,1499,111.7647115328883,1387.2352884671118,1561.127661171063,1327.2041534535301,2.0,30.031135013581615,145,85.60618189645035,10,9,5,22,1,Yes,0,Referral,South
100594,Aug-2025,699,279.8685493831641,419.1314506168359,725.9876647887795,239.6556952914783,5.0,104.47575532535758,76,78.38753518700388,18,10,2,45,1,Yes,0,Referral,East
100595,Aug-2025,1299,236.48273654330754,1062.5172634566925,1357.2546937226512,1027.5951129883458,2.0,4.922150468346743,117,20.522295232178802,30,10,4,11,3,Yes,0,Referral,South
100596,Aug-2025,1499,79.54328016100045,1419.4567198389996,1559.2755286491972,1245.331652090325,1.0,159.12506774867467,176,15.524114304990524,21,9,2,54,0,Yes,0,Referral,North
100597,Aug-2025,1499,56.527243102051045,1442.472756897949,1471.2239879566766,1171.321962433739,9.0,136.15079446421004,291,13.69710717354761,26,11,5,54,3,Yes,0,Organic,West
100598,Aug-2025,1499,112.18839203614688,1386.811607963853,1455.2308806612527,1364.8158403253547,0.0,21.995767638498293,280,45.24847433622619,1,9,3,19,1,No,1,Referral,North
100599,Aug-2025,1499,375.06857520412075,1123.9314247958791,1559.1810516170965,971.4793234190761,10.0,2.452101376803128,252,95.90241521073884,24,9,1,6,1,Yes,0,Organic,South
100600,Aug-2025,1499,344.28821773296966,1154.7117822670302,1530.7719990020057,983.5535154210913,0.0,171.15826684593895,289,30.39484094905103,11,11,5,9,2,Yes,0,Organic,North
100601,Aug-2025,999,33.80781775576192,965.1921822442381,986.8643808288558,779.0432988889288,10.0,36.148883355309295,97,24.734457414030967,24,10,1,44,1,No,0,Organic,North
100602,Aug-2025,1299,246.02704056016177,1052.9729594398382,1326.6603109439288,966.906052515047,3.0,41.0669069247912,116,90.60906644583392,22,12,2,29,1,Yes,0,Paid Search,West
100603,Aug-2025,1499,57.77177146767187,1441.228228532328,1470.098010996805,1361.7509140575526,1.0,64.47731447477564,74,24.954975926563677,13,7,4,43,3,Yes,0,Paid Search,East
100604,Aug-2025,1299,96.31890467311618,1202.681095326884,1309.5666164262877,1005.5592135410127,,47.121881785871295,241,138.37142113352178,26,13,4,3,0,Yes,0,Organic,West
100605,Aug-2025,999,38.692277656504956,960.307722343495,972.3600317795843,840.341277517406,3.0,74.96644482608905,168,22.05996161114627,8,9,5,50,0,Yes,0,Affiliate,North
100606,Aug-2025,999,278.31353490869293,720.6864650913071,1005.1679874647773,525.5140377094301,0.0,195.17242738187704,201,95.6180909684065,19,6,2,56,1,Yes,0,Paid Search,South
100607,Aug-2025,1299,4.886102374609436,1294.1138976253906,1353.9686408802784,1163.794644713335,5.0,55.31925291205554,58,62.299375123102735,15,12,2,45,0,Yes,0,Referral,East
100608,Aug-2025,499,201.52202825069662,297.4779717493034,512.5448240975957,139.79366872170408,3.0,112.6843030275993,185,4.7887905084314815,25,8,1,13,2,Yes,0,Affiliate,South
100609,Aug-2025,699,150.08521458791563,548.9147854120844,709.9089637731269,479.09526290515237,4.0,9.819522506931989,280,26.866862167642406,16,10,2,47,0,No,0,Paid Search,South
100610,Sep-2025,499,128.94614043245878,370.0538595675412,486.3260687806253,256.2087175241571,1.0,98.84514204338409,144,99.38103642921074,16,15,3,51,1,No,0,Referral,South
100611,Sep-2025,499,350.58995408932776,148.41004591067224,477.2120755372931,74.92306566360594,2.0,43.4869802470663,298,13.395675514435794,1,11,4,47,1,Yes,0,Affiliate,North
100612,Sep-2025,499,361.1636630801173,137.83633691988268,509.5074315521215,19.29009615232961,0.0,118.54624076755307,108,37.56524075141107,9,10,3,15,1,No,0,Paid Search,West
100613,Sep-2025,1499,132.67286178564345,1366.3271382143566,1510.4070426821806,1222.4270560995221,9.0,8.900082114834419,66,13.995593097918094,29,8,3,5,1,No,0,Affiliate,North
100614,Sep-2025,999,108.4900439280007,890.5099560719993,970.2891912726794,703.346970514804,3.0,142.16298555719538,220,45.420068889901835,10,8,1,5,1,Yes,0,Organic,East
100615,Sep-2025,499,30.824798256380035,468.17520174361994,520.6945534243116,233.4927958062002,11.0,69.6824059374197,144,67.20749084477956,2,12,2,2,1,Yes,0,Organic,West
100616,Sep-2025,999,149.4889215312948,849.5110784687051,1004.1967199355628,717.792871754179,4.0,71.71820671452616,245,55.49477298612515,29,13,1,50,1,Yes,0,Paid Search,South
100617,Sep-2025,1299,384.3963906895189,914.603609310481,1308.3344462026353,852.6072183049098,0.0,61.99639100557127,181,58.995188737444664,1,9,4,38,1,Yes,0,Referral,North
100618,Sep-2025,699,134.5517592566492,564.4482407433508,684.9333599691287,448.23575111846003,7.0,11.212489624890772,150,55.27718114875025,3,10,1,50,0,Yes,0,Referral,West
100619,Sep-2025,1299,237.45111397725356,1061.5488860227465,1348.2820842010424,926.1241304100124,6.0,45.42475561273409,185,42.15140996239715,7,9,3,30,1,Yes,0,Organic,West
100620,Sep-2025,1299,17.699678870311715,1281.3003211296882,1349.8416775171077,1192.7994477254185,1.0,73.50087340426964,91,88.40850600588995,18,11,1,54,0,Yes,0,Referral,West
100621,Sep-2025,1499,97.8270084319678,1401.172991568032,1531.250512606837,1339.1206228765996,0.0,62.05236869143256,98,13.008326885098658,19,10,2,28,3,Yes,0,Organic,South
100622,Sep-2025,699,205.49583669631812,493.5041633036819,670.9893114192764,392.13662308260024,3.0,,55,133.35420999063578,17,12,1,39,1,No,0,Paid Search,North
100623,Sep-2025,1299,162.70348776576634,1136.2965122342337,1245.0117000541488,824.1062787543509,11.0,147.19023347988278,122,57.120475587453285,0,9,2,32,1,No,0,Paid Search,South
100624,Sep-2025,1299,248.9600801292674,1050.0399198707325,1295.0224663657923,890.3344692011227,5.0,84.70545066960983,219,14.772577978832903,29,7,3,20,3,Yes,0,Affiliate,South
100625,Sep-2025,699,77.67937385296034,621.3206261470397,673.9834214382655,431.9374141654956,,159.38321198154404,249,121.5985150299468,23,11,2,58,1,Yes,0,Paid Search,South
100626,Sep-2025,699,59.99862585883983,639.0013741411601,687.2511936669512,421.3831882766931,9.0,82.61818586446707,81,43.26284714128138,22,8,2,20,0,No,0,Affiliate,North
100627,Sep-2025,1299,284.65082763867247,1014.3491723613275,1256.307531544079,947.5387005559381,3.0,21.810471805389426,192,33.02115973959082,25,15,2,29,2,No,0,Organic,North
100628,Sep-2025,699,37.66208528749098,661.337914712509,685.7270634893607,398.0771338455013,10.0,,131,15.12683798948338,1,8,2,35,2,No,0,Affiliate,North
100629,Sep-2025,1299,210.79248330023808,1088.207516699762,1356.5343833827435,1046.925427235545,0.0,,264,30.049691668726336,7,8,4,32,1,Yes,0,Affiliate,North
100630,Sep-2025,1299,204.10282397860985,1094.8971760213901,1331.9120249661353,1031.5721511996426,2.0,33.32502482174756,118,,28,10,5,17,3,Yes,0,Paid Search,East
100631,Sep-2025,1499,49.650383403839044,1449.349616596161,1444.7820189590998,1316.429325181539,7.0,27.920291414621985,163,23.62040052416001,9,7,4,52,3,No,0,Affiliate,South
100632,Sep-2025,499,275.8950500688031,223.10494993119693,507.42888162476316,188.8426782667223,2.0,4.262271664474646,76,92.71855595423634,18,12,1,51,3,No,0,Referral,North
100633,Sep-2025,1299,82.0119366565237,1216.9880633434764,1238.0128117492227,931.6706855951275,3.0,240.31737774834886,274,37.81918307211155,6,9,4,8,1,No,0,Organic,North
100634,Sep-2025,999,156.6065546384354,842.3934453615645,1047.314131662261,753.2050700051719,3.0,,115,20.873461285850034,16,9,4,21,1,No,0,Referral,South
100635,Sep-2025,499,107.01809232413322,391.98190767586675,500.58158284290425,77.17697083272014,,194.8049368431466,283,31.401715161777844,27,11,2,23,0,Yes,0,Paid Search,West
100636,Sep-2025,499,344.7109802679491,154.28901973205092,499.2701239523293,1.8017812910112667,5.0,77.48723844103965,279,70.41906691570927,28,5,1,51,2,Yes,0,Organic,South
100637,Sep-2025,499,311.21882498208754,187.78117501791246,486.04272231999477,127.10743015977388,3.0,15.673744858138576,236,58.92545304427167,30,10,1,51,3,Yes,0,Organic,South
100638,Sep-2025,1499,67.48015005248666,1431.5198499475134,1492.6792409837742,1384.2868710598018,2.0,,205,143.60157035175482,29,8,3,27,2,Yes,0,Affiliate,West
100639,Sep-2025,1299,421.0592546289826,877.9407453710173,1302.4086666909582,786.0192515960854,3.0,46.921493774931925,201,39.390749979427184,2,10,2,6,2,No,1,Organic,North
100640,Oct-2025,1499,68.60319209817645,1430.3968079018236,1522.7138520070316,1272.7414739477913,9.0,22.65533395403226,100,94.66144546655455,24,11,4,58,3,No,0,Paid Search,East
100641,Oct-2025,1299,402.29240123782057,896.7075987621795,1240.0139469832793,853.6237764734024,1.0,28.083822288777117,198,45.2152198595384,14,5,3,52,1,Yes,1,Organic,West
100642,Oct-2025,1499,119.25485134320186,1379.7451486567982,1475.342038906564,1148.8456318150998,9.0,95.89951684169847,208,25.51551352393263,3,8,3,8,0,Yes,0,Organic,East
100643,Oct-2025,1499,109.08999526896778,1389.9100047310321,1482.0608675271733,1235.680400376312,5.0,79.22960435472017,124,17.582157813862292,16,7,4,35,0,No,0,Affiliate,West
100644,Oct-2025,999,120.3206720306613,878.6793279693387,963.9500996906403,683.4798301508804,6.0,105.19949781845833,99,39.8201210881355,10,8,1,5,0,Yes,0,Paid Search,East
100645,Oct-2025,1499,101.90524260246119,1397.0947573975388,1459.9938927427959,1074.9599911954708,10.0,172.13476620206796,141,49.65007193793733,29,9,2,33,2,No,1,Paid Search,East
100646,Oct-2025,699,452.9275845387866,246.07241546121338,680.5934134674259,-21.208717916351503,17.0,12.281133377564885,161,119.01491482811456,5,10,2,1,0,Yes,0,Affiliate,West
100647,Oct-2025,999,140.8364160815239,858.1635839184761,1030.0065291680787,689.052177156234,2.0,139.111406762242,217,142.4980207659638,16,10,4,24,0,Yes,0,Affiliate,South
100648,Oct-2025,1499,113.72442809535724,1385.2755719046427,1527.0646526149417,1193.7874175610914,2.0,161.48815434355132,117,142.23523783564394,9,7,2,32,1,Yes,0,Referral,East
100649,Oct-2025,499,159.24129089915328,339.7587091008467,520.0951581118937,141.24664561786693,3.0,153.51206348297978,284,27.99165023167682,0,10,5,55,0,Yes,0,Referral,East
100650,Oct-2025,699,33.91977636903536,665.0802236309646,685.7116322770137,409.28575879839104,,90.7944648325736,155,23.2791570363895,17,8,3,33,2,Yes,0,Affiliate,East
100651,Oct-2025,699,341.6544641148301,357.3455358851699,725.678143895048,163.53061344814043,0.0,193.81492243702948,193,30.134408511286864,30,8,3,38,0,Yes,1,Referral,East
100652,Oct-2025,699,26.52970028317577,672.4702997168242,724.4297433804235,641.5583812323866,2.0,0.911918484437642,125,44.22060950215564,13,17,5,2,2,Yes,0,Organic,West
100653,Oct-2025,999,76.31896715143137,922.6810328485686,993.8010729442791,780.4272485432525,3.0,97.25378430531612,135,10.082262038027881,18,12,2,44,1,Yes,0,Paid Search,South
100654,Oct-2025,1499,262.39923718161504,1236.600762818385,1518.4462543378552,924.7519555555043,8.0,191.8488072628806,276,21.88968241717521,28,12,1,17,1,No,0,Referral,West
100655,Oct-2025,1499,155.08225569209185,1343.9177443079082,1513.683183253681,1177.8453948539918,5.0,91.07234945391644,156,113.50761036571313,17,7,5,10,2,Yes,0,Referral,West
100656,Oct-2025,499,215.90582190000558,283.09417809999445,489.41062657421276,143.71778349967227,3.0,94.37639460032219,240,61.454337701047635,23,12,5,37,0,No,1,Paid Search,West
100657,Oct-2025,499,333.9796940022516,165.02030599774838,487.1273628039636,126.58609447070722,1.0,23.43421152704115,105,32.126372564789804,21,10,3,37,1,No,0,Organic,South
100658,Oct-2025,699,270.4561857998976,428.5438142001024,675.8602628049891,258.9759812003442,7.0,64.56783299975821,129,,30,5,1,2,5,Yes,1,Paid Search,North
100659,Oct-2025,499,166.49716141693742,332.5028385830626,515.8494962226778,218.64816025077778,5.0,38.85467833228482,73,60.428440095438674,0,8,1,12,0,Yes,0,Paid Search,South
100660,Oct-2025,999,400.7211179822158,598.2788820177842,1002.3495656817335,508.2151068841516,6.0,0.06377513363262466,276,51.91516633191993,21,7,2,37,0,Yes,0,Affiliate,East
100661,Oct-2025,1499,74.59966214445201,1424.400337855548,1474.7710121476266,1372.5610700634898,0.0,51.8392677920582,77,21.861553735885256,0,11,1,30,2,Yes,0,Paid Search,West
100662,Oct-2025,699,137.96284308089363,561.0371569191063,699.6984789783304,501.9861003352824,0.0,59.051056583823936,170,81.86637435013073,8,6,2,15,3,Yes,0,Organic,West
100663,Oct-2025,499,146.34716021966804,352.652839780332,478.0714611559215,266.92211909259504,2.0,55.73072068773695,283,33.400791861141144,13,13,4,23,1,Yes,0,Affiliate,West
100664,Oct-2025,999,137.70938807796244,861.2906119220376,959.6377189629487,701.8400418831485,7.0,54.45057003888908,142,56.15372954596685,2,7,5,52,1,Yes,0,Referral,West
100665,Oct-2025,999,21.694721164660763,977.3052788353392,1024.9092983511048,869.3032890859616,1.0,93.0019897493776,134,141.24006628042272,11,6,5,18,1,Yes,0,Affiliate,North
100666,Oct-2025,499,40.03797901925978,458.96202098074025,519.022078144135,225.3339088113726,2.0,203.62811216936765,161,78.80686938293171,16,12,2,31,2,Yes,0,Referral,North
100667,Oct-2025,1499,200.06418892550323,1298.9358110744968,1472.0582491023747,1167.142319893767,6.0,41.793491180729774,171,15.272979161115895,16,10,2,53,0,No,0,Organic,West
100668,Oct-2025,499,73.98314573392115,425.01685426607884,494.46774718661203,329.29722343953625,4.0,35.719630826542584,138,79.03430563276638,1,7,2,59,2,Yes,0,Paid Search,South
100669,Oct-2025,699,378.9370546777536,320.0629453222464,690.1734398002094,154.0054892670777,5.0,91.05745605516867,280,28.8605780175393,28,8,5,38,0,No,0,Paid Search,North
100670,Oct-2025,499,141.29492121177125,357.7050787882288,497.95424291299497,302.9691278968694,3.0,9.735950891359394,80,70.82251394253082,5,11,2,29,3,Yes,1,Referral,South
100671,Nov-2025,999,119.82128910102115,879.1787108989788,990.4068025165305,786.5192977903953,3.0,,192,94.01685946875618,0,11,5,56,3,Yes,0,Referral,North
100672,Nov-2025,499,281.32077436831855,217.67922563168145,493.3232698129877,86.2391335443331,,86.44009208734835,160,56.18046604235333,22,10,5,14,3,No,0,Paid Search,East
100673,Nov-2025,1499,198.2631164937266,1300.7368835062734,1522.9760341107456,1194.4016208500639,5.0,31.335262656209594,91,16.443967877492454,26,9,3,57,2,Yes,0,Organic,East
100674,Nov-2025,1299,128.93790866555415,1170.0620913344458,1269.3974326680668,889.085345299475,5.0,205.97674603497074,276,6.660341031850979,11,4,3,43,1,No,0,Referral,East
100675,Nov-2025,499,73.1121902682668,425.8878097317332,521.0874411639938,167.29465222915888,3.0,213.59315750257434,151,107.61264412496375,3,6,4,58,2,No,0,Organic,North
100676,Nov-2025,1499,588.924216479889,910.075783520111,1470.2906235446146,902.1120496191893,0.0,7.963733900921753,299,130.22270378103948,22,18,4,40,0,Yes,0,Affiliate,South
100677,Nov-2025,1499,193.41429147140863,1305.5857085285913,1456.2155195778926,1250.7196140642116,1.0,39.86609446437981,99,27.459399654040013,15,9,1,23,2,Yes,0,Organic,North
100678,Nov-2025,999,280.13154928612755,718.8684507138724,1046.1434467186834,636.2691036816676,5.0,7.599347032204797,263,5.49123998252502,19,11,2,25,3,No,0,Affiliate,East
100679,Nov-2025,1499,27.246537571980554,1471.7534624280195,1458.3479189553389,1309.8777891236982,10.0,,173,,10,11,5,41,0,No,0,Paid Search,North
100680,Nov-2025,1499,80.64175362915903,1418.358246370841,1504.4978505748252,1264.5302068538947,1.0,138.8280395169464,182,34.56383569384708,19,9,1,38,0,Yes,0,Organic,East
100681,Nov-2025,1499,403.4815065948346,1095.5184934051654,1473.3549186237692,981.5355470015825,7.0,8.982946403582943,225,93.48412900552223,29,4,3,28,1,Yes,0,Paid Search,East
100682,Nov-2025,1499,317.6317127226762,1181.3682872773238,1435.6635077564945,1138.4353914957458,0.0,42.932895781578054,62,5.564686667524691,19,7,5,35,0,Yes,0,Organic,South
100683,Nov-2025,699,204.914652447994,494.085347552006,730.6585902309464,300.9594671062254,,58.125880445780574,81,117.08473938082861,25,13,1,30,0,No,0,Referral,West
100684,Nov-2025,699,104.21149298435718,594.7885070156428,690.2109804732655,345.52021962779304,12.0,,244,107.93223346552256,27,15,3,27,4,No,0,Paid Search,East
100685,Nov-2025,999,121.91570736521089,877.0842926347891,1013.4674529252048,666.6446873105187,5.0,135.43960532427042,128,115.54872455531006,9,13,4,8,1,Yes,1,Paid Search,South
100686,Nov-2025,499,68.86671176926451,430.1332882307355,517.0764131889215,317.13387367347707,1.0,97.99941455725843,296,20.335501347687412,7,8,2,48,2,No,0,Paid Search,West
100687,Nov-2025,1499,11.178080383363039,1487.821919616637,1506.94236109565,1365.8130877633553,8.0,2.0088318532816913,268,98.91288295389747,1,11,2,19,0,No,0,Affiliate,North
100688,Nov-2025,499,260.8613021113217,238.13869788867828,509.6214262602463,152.3963879267307,5.0,10.742309961947555,293,51.09227636006306,7,10,1,1,0,Yes,1,Paid Search,West
100689,Nov-2025,499,214.659746735047,284.340253264953,513.2018503692369,139.44144733917662,5.0,69.89880592577637,140,19.139252656316675,25,10,3,45,4,Yes,0,Referral,West
100690,Nov-2025,999,238.32945796107276,760.6705420389272,987.1662871515974,632.4268262408195,6.0,,207,55.63562952982272,26,17,1,44,0,Yes,0,Paid Search,South
100691,Nov-2025,1499,109.5722414445283,1389.4277585554717,1518.3035858135336,1301.396102101244,5.0,13.031656454227594,55,49.752834901399254,0,8,3,20,1,Yes,0,Affiliate,South
100692,Nov-2025,1499,180.67667701597964,1318.3233229840203,1454.923156818357,1181.3563707335156,7.0,31.966952250504665,74,13.529484542763427,28,11,3,30,1,No,0,Affiliate,East
100693,Nov-2025,1299,98.15474820310386,1200.845251796896,1241.2382067828153,1055.342640783253,6.0,55.502611013642976,205,76.4724622995099,22,13,2,57,0,Yes,0,Paid Search,West
100694,Nov-2025,499,62.72303246756324,436.27696753243674,523.2876129008229,347.62405550968845,5.0,13.652912022748318,239,47.91527610291816,6,14,4,29,0,No,0,Referral,East
100695,Nov-2025,499,350.04749233706116,148.95250766293884,478.6709730247164,68.10779413387678,3.0,35.84471352906206,199,36.72978533879329,21,7,4,8,1,Yes,0,Organic,South
100696,Nov-2025,699,164.58087562088915,534.4191243791108,694.0176949344752,340.3231915535641,2.0,164.09593282554675,117,35.5962568193551,13,7,5,14,0,Yes,1,Referral,East
100697,Nov-2025,1299,210.89452059438486,1088.1054794056151,1242.8059485793744,950.380335888482,8.0,17.725143517133183,192,63.34261020442594,3,6,3,38,0,Yes,0,Organic,West
100698,Nov-2025,699,250.29048166290013,448.7095183370999,728.5466977510555,377.96359401592986,3.0,25.74592432117001,75,33.48264441531222,20,10,2,3,0,Yes,0,Affiliate,North
100699,Nov-2025,699,166.08490634796289,532.9150936520371,671.6824639099233,353.95912633874235,5.0,103.95596731329469,240,7.015963056559037,16,12,3,3,1,Yes,0,Affiliate,North
100700,Nov-2025,699,178.87592928301854,520.1240707169815,719.026856990861,399.84520195712173,8.0,0.27886875985969084,67,18.214651617600744,1,10,5,55,1,No,1,Affiliate,East
100701,Dec-2025,999,19.60497876555513,979.3950212344448,1020.5532392630796,911.1961649328875,2.0,38.19885630155726,122,48.34862476627228,25,3,2,14,2,No,1,Paid Search,South
100702,Dec-2025,999,42.46619658760976,956.5338034123903,953.5496919246289,730.5314098877546,7.0,121.00239352463564,240,31.903878686450916,22,8,3,21,1,Yes,0,Paid Search,North
100703,Dec-2025,699,36.26222938458639,662.7377706154136,714.4666800058036,638.5890936660246,0.0,24.14867694938907,111,36.333173861391245,1,11,4,35,0,Yes,0,Affiliate,West
100704,Dec-2025,1299,222.65501001846422,1076.3449899815357,1359.963389729063,914.063285643469,3.0,117.28170433806665,293,21.09991584264427,7,14,4,44,0,Yes,0,Organic,South
100705,Dec-2025,499,158.50687833864782,340.4931216613522,500.0482448697416,201.69743134148018,6.0,48.795690319871966,117,21.322502639886384,6,6,5,44,0,No,0,Paid Search,North
100706,Dec-2025,1299,42.47621234812945,1256.5237876518706,1271.6563214580544,1151.187884816154,3.0,60.33590283571655,97,71.18440892963658,25,8,4,49,1,Yes,0,Referral,West
100707,Dec-2025,1499,219.61186099622483,1279.3881390037752,1505.7414093367106,1184.3338358294047,0.0,95.05430317437052,227,54.96444290438063,7,4,3,43,2,Yes,0,Referral,North
100708,Dec-2025,999,215.21477531449273,783.7852246855073,961.1387615317169,632.9990358553579,10.0,0.7861888301493636,112,23.968353746055648,19,15,5,41,2,Yes,0,Referral,East
100709,Dec-2025,499,66.60408104407622,432.3959189559238,521.7525136723053,282.57875361103623,9.0,14.817165344887528,246,35.312509513599025,16,15,1,27,0,Yes,0,Organic,West
100710,Dec-2025,499,146.66069464448714,352.33930535551286,492.2800359448417,176.1923608706158,2.0,146.14694448489706,286,84.15055621101595,22,12,5,28,1,Yes,0,Organic,East
100711,Dec-2025,1499,215.65700100725724,1283.3429989927427,1492.5547127528248,1097.0294544658282,6.0,96.31354452691443,183,17.451655677272726,16,14,4,28,1,No,0,Organic,West
100712,Dec-2025,1499,46.997357505669186,1452.0026424943308,1484.2190611840783,1287.4024810743165,8.0,44.60016142001428,235,92.13781310500569,30,11,2,5,1,Yes,0,Affiliate,South
100713,Dec-2025,699,217.94721178751408,481.0527882124859,665.9969226295192,247.396715218601,8.0,113.65607299388492,295,42.89440399001477,6,13,5,43,0,Yes,0,Paid Search,East
100714,Dec-2025,999,186.12283249962738,812.8771675003726,952.4819068696999,689.6643907907613,2.0,93.21277670961123,100,35.705096028372466,24,6,3,39,0,No,1,Affiliate,East
100715,Dec-2025,999,30.096035339876835,968.9039646601232,1005.2309187873624,783.4397352986147,4.0,125.46422936150846,61,14.285509928333493,4,8,5,10,0,No,0,Organic,West
100716,Dec-2025,1299,176.37560819977224,1122.6243918002278,1299.3019530031565,1006.1976283697948,5.0,41.426763430433084,272,229.6750606110064,29,11,4,9,1,Yes,0,Referral,East
100717,Dec-2025,699,193.87783039870854,505.1221696012915,733.0060383298636,370.25649283081134,6.0,44.86567677048015,224,66.51007354619074,14,9,5,20,0,Yes,0,Organic,West
100718,Dec-2025,699,74.87986486334412,624.1201351366559,682.4501372142369,363.73589513732804,8.0,140.3842399993279,175,6.824819758545132,1,6,3,29,0,No,0,Referral,North
100719,Dec-2025,699,84.3259620160549,614.6740379839451,689.8065883086649,340.49587190098646,6.0,184.1781660829587,58,57.17151731378641,10,8,3,47,1,No,0,Paid Search,West
100720,Dec-2025,699,28.989608288257216,670.0103917117428,733.1015711915425,662.8854514568084,0.0,,56,106.90958165704889,29,14,4,29,0,Yes,0,Affiliate,South
100721,Dec-2025,999,96.12012370513271,902.8798762948672,953.8334792550102,735.1466455099822,7.0,62.733230784884995,206,60.12811431408757,16,7,3,28,1,Yes,0,Organic,South
100722,Dec-2025,999,148.55015874754227,850.4498412524578,1013.2492433675174,798.9029757656875,0.0,51.546865486770265,255,85.72769860367723,23,6,4,11,2,Yes,0,Affiliate,West
100723,Dec-2025,699,84.65734095668152,614.3426590433185,671.1550328805934,504.80816178650275,4.0,49.53449725681567,228,30.751237623300053,12,9,5,21,0,Yes,0,Affiliate,West
100724,Dec-2025,1299,28.186547789266484,1270.8134522107334,1356.9871966727003,1243.8182367246545,0.0,26.995215486078948,261,27.449031230717086,3,9,5,35,0,No,0,Referral,South
100725,Dec-2025,499,67.36943704360478,431.63056295639524,488.42559556372146,325.33514865827743,,76.29541429811779,289,38.496190497348515,23,16,1,23,0,Yes,0,Referral,East
100726,Dec-2025,499,99.92494718255975,399.0750528174402,514.6734723497356,347.4607815631323,1.0,36.61427125430795,232,50.53918968652251,17,8,4,29,0,Yes,0,Organic,South
100727,Dec-2025,1299,248.02064515587023,1050.9793548441298,1352.4222240392048,1017.9378447013596,0.0,33.041510142770264,273,31.344984595503007,28,10,2,15,1,Yes,0,Affiliate,South
100728,Dec-2025,699,221.37178977323168,477.6282102267683,723.2564122396807,339.03502770819523,5.0,63.593182518573094,236,42.15934385778647,13,12,4,17,4,Yes,0,Paid Search,North
100729,Dec-2025,999,250.3465294650003,748.6534705349998,1004.68451377708,633.4452481592581,6.0,25.20822237574171,233,18.42528659024584,18,10,5,24,1,Yes,0,Organic,West
100730,Dec-2025,499,61.31773236012381,437.68226763987616,522.6234870932036,413.74747402240604,0.0,23.934793617470138,199,10.053757605166478,2,9,5,35,2,No,0,Paid Search,South
100731,Dec-2025,1499,166.98609348952118,1332.0139065104788,1525.4731647983324,1097.7401875982473,4.0,174.2737189122314,277,24.433104363397042,3,6,3,20,1,Yes,0,Affiliate,East
100732,Jan-2026,1499,140.76557988018402,1358.234420119816,1541.8933054983474,1077.5696866115238,15.0,55.66473350829217,285,155.3011120848045,24,6,1,58,2,No,0,Affiliate,North
100733,Jan-2026,1299,201.47044778171863,1097.5295522182814,1265.7613262310952,852.2717613846113,3.0,200.25779083367016,195,112.65617975285174,8,13,2,36,1,No,0,Affiliate,North
100734,Jan-2026,699,223.3077208680957,475.6922791319043,693.294285450225,329.9825564746501,4.0,,107,58.235983676807685,20,14,1,11,1,No,0,Referral,North
100735,Jan-2026,499,107.80497985668913,391.1950201433109,503.89952496383864,230.9507913492243,3.0,115.24422879408662,89,12.281411438468403,22,12,4,55,1,Yes,1,Organic,West
100736,Jan-2026,699,185.45157740661378,513.5484225933862,674.2422638080853,358.98663312103247,9.0,19.56178947235381,290,44.98593120923166,13,5,4,30,0,Yes,0,Organic,South
100737,Jan-2026,499,31.790913044406324,467.20908695559365,522.2398544621492,326.71479552110327,9.0,,138,53.74704032463451,28,12,5,39,1,Yes,0,Referral,West
100738,Jan-2026,1299,53.87196115202113,1245.1280388479788,1248.3010165301775,1118.7469285072502,5.0,51.38111034072856,80,29.770314352939277,29,7,3,20,2,Yes,0,Paid Search,North
100739,Jan-2026,1299,241.85390861187307,1057.146091388127,1329.2485565337174,880.1000724505283,2.0,147.04601893759866,233,117.34860200123343,24,10,2,22,1,Yes,0,Organic,North
100740,Jan-2026,1499,211.35039342474892,1287.649606575251,1432.746882788482,1236.6859282675657,2.0,20.963678307685385,212,17.60241651523134,16,9,3,24,0,Yes,0,Organic,North
100741,Jan-2026,699,100.57745867462788,598.4225413253721,671.224555723446,323.90635802704855,14.0,64.51618329832358,75,71.31466000816756,28,10,2,58,2,Yes,0,Organic,South
100742,Jan-2026,1499,247.36347808856524,1251.6365219114348,1517.487689337003,1019.7972932276668,10.0,81.83922868376803,245,17.15469963340021,1,10,1,14,2,Yes,0,Affiliate,North
100743,Jan-2026,699,166.59577401598932,532.4042259840107,695.6785438017758,417.28596116160355,4.0,55.11826482240718,155,19.2899571952587,13,9,5,36,0,Yes,1,Paid Search,South
100744,Jan-2026,1499,89.49348432934087,1409.5065156706592,1424.5962234098479,1403.5873218576335,0.0,5.919193813025686,289,,21,12,3,13,2,Yes,0,Affiliate,West
100745,Jan-2026,999,128.06072272760474,870.9392772723952,988.3772254016694,835.7843802294987,1.0,20.154897042896557,133,4.778062834266999,15,13,4,1,1,Yes,0,Referral,East
100746,Jan-2026,999,95.34987704261573,903.6501229573843,974.0340058311778,823.964229285765,4.0,19.68589367161934,211,55.60237602303862,18,8,5,55,1,No,0,Referral,West
100747,Jan-2026,999,7.946885901776653,991.0531140982233,1036.1212827206086,717.1405739972015,10.0,123.91254010102179,125,32.67318959782821,15,8,2,50,1,Yes,0,Affiliate,West
100748,Jan-2026,999,300.80229670825213,698.1977032917479,1019.7880087055765,601.3317755324418,3.0,51.86592775930608,193,42.42085349873942,10,14,5,27,0,No,0,Referral,South
100749,Jan-2026,499,81.83706800488906,417.16293199511097,510.8512402035392,272.92474080378474,5.0,69.23819119132622,172,26.77860055413468,27,9,4,13,0,Yes,0,Affiliate,West
100750,Jan-2026,999,50.11671428437063,948.8832857156294,1044.0498210690346,946.5974050922252,0.0,2.2858806234041538,91,115.22406224591967,26,12,4,35,2,No,0,Paid Search,East
100751,Jan-2026,1299,33.521798461603055,1265.478201538397,1326.2607647273337,1033.5800215684285,5.0,156.8981799699685,182,89.88319145692817,13,15,2,8,4,Yes,1,Paid Search,East
100752,Jan-2026,1299,166.31614411069518,1132.6838558893048,1254.9082418306398,1065.0201209337288,0.0,67.66373495557603,110,70.83171759273347,6,14,5,18,1,No,0,Referral,East
100753,Jan-2026,499,234.17962417427844,264.82037582572156,520.8218693947169,68.52951854812909,5.0,121.29085727759247,93,20.265083743226207,4,7,3,34,0,Yes,0,Organic,West
100754,Jan-2026,999,245.23304244434544,753.7669575556546,960.349457884552,591.9684299710865,5.0,86.79852758456809,84,76.9839100697634,25,4,5,52,1,No,0,Paid Search,North
100755,Jan-2026,999,293.164630151365,705.8353698486351,968.2915487386657,646.9810251821799,2.0,28.854344666455226,157,60.95079240672921,7,13,4,6,2,Yes,0,Referral,South
100756,Jan-2026,999,132.11528205957813,866.8847179404219,977.5359606246624,800.0003249881933,2.0,36.88439295222865,140,,28,8,2,58,2,No,1,Referral,South
100757,Jan-2026,1499,111.36089672476858,1387.6391032752315,1450.2975839288958,1093.143827107795,11.0,129.49527616743643,177,12.089684106282412,16,18,1,27,2,Yes,0,Organic,North
100758,Jan-2026,699,89.07322640362305,609.926773596377,665.3306609420913,552.8410441712176,0.0,57.08572942515934,50,40.05915138326536,29,14,1,18,0,Yes,0,Organic,South
100759,Jan-2026,1499,100.01308441941566,1398.9869155805843,1492.877490363837,1121.99952958237,6.0,186.9873859982141,275,27.135340353460723,24,13,5,57,2,Yes,0,Paid Search,West
100760,Jan-2026,699,284.37484208882245,414.62515791117755,712.1389846545211,341.1777068590943,1.0,58.44745105208325,92,62.42322791032078,13,5,4,50,0,Yes,0,Paid Search,North
100761,Jan-2026,999,146.81817015252503,852.181829847475,991.1306008081862,689.5111907242119,10.0,12.670639123263093,81,10.672744304650795,26,14,5,9,2,Yes,0,Referral,North
100762,Jan-2026,999,195.36849552016835,803.6315044798316,972.504034585149,693.5684686698814,1.0,95.06303580995018,285,81.06417779458882,9,9,2,15,1,Yes,0,Affiliate,West
100763,Feb-2026,1499,96.95918016475156,1402.0408198352484,1556.3972771085655,1319.6112239990998,5.0,7.4295958361484935,152,10.569333439543355,21,11,3,23,1,No,0,Paid Search,West
100764,Feb-2026,1499,308.50174874648485,1190.4982512535153,1482.2562894044263,1061.277860931048,7.0,24.22039032246717,240,63.19879837632256,11,10,1,59,1,Yes,0,Affiliate,South
100765,Feb-2026,699,78.56866553216872,620.4313344678312,722.6878591726849,303.12828068069234,10.0,167.30305378713888,82,35.62282451828708,4,11,5,3,1,Yes,0,Affiliate,West
100766,Feb-2026,1299,3.5370990338345223,1295.4629009661655,1257.236966141756,1282.3072474231983,0.0,13.155653542967222,144,22.502312725325876,7,8,4,57,2,No,0,Organic,East
100767,Feb-2026,699,195.56526290814696,503.43473709185304,687.3533711359605,232.07377760059273,6.0,181.36095949126033,254,17.329974575995525,27,7,1,9,1,Yes,0,Affiliate,East
100768,Feb-2026,1499,360.07329014771227,1138.9267098522878,1544.4961261580743,1052.0619057427607,3.0,,158,,11,11,1,22,3,No,1,Paid Search,West
100769,Feb-2026,1499,122.98797602894756,1376.0120239710525,1428.6139269028222,1349.2145818414947,1.0,11.79744212955783,115,36.65747060174306,3,9,3,50,0,Yes,1,Paid Search,East
100770,Feb-2026,499,48.91550331271877,450.0844966872812,519.9824441759033,204.9263376992974,7.0,140.15815898798382,79,47.247859061950116,27,12,5,23,0,Yes,0,Affiliate,North
100771,Feb-2026,1499,270.0795246190013,1228.9204753809986,1483.493762949069,1211.530237061575,1.0,2.390238319423645,59,52.016930564888,12,11,3,20,2,Yes,0,Paid Search,East
100772,Feb-2026,499,188.84381304178794,310.15618695821206,522.8512965771027,127.21789530271113,3.0,137.93829165550093,72,40.569251134002876,24,7,4,52,2,No,0,Paid Search,North
100773,Feb-2026,1299,304.8256574393093,994.1743425606908,1325.1566521666987,918.0702211935369,,16.10412136715391,146,34.60605726705555,20,6,4,7,2,No,0,Organic,North
100774,Feb-2026,699,4.842130169321024,694.1578698306789,730.412544060814,626.070657177945,4.0,8.087212652733875,88,137.62910558080458,16,10,5,53,2,Yes,1,Paid Search,East
100775,Feb-2026,699,295.4002183213111,403.5997816786889,668.678095767935,302.25186696213154,0.0,101.34791471655737,222,77.35083132297989,23,4,1,17,0,Yes,0,Organic,West
100776,Feb-2026,499,35.81489481219259,463.1851051878074,510.0785101964404,253.20099729320475,13.0,14.984107894602602,297,29.77922746659207,24,5,2,3,1,No,0,Paid Search,East
100777,Feb-2026,699,115.41934246141594,583.5806575385841,725.2448434381885,420.5330051853937,9.0,28.047652353190415,172,43.731333273511176,20,8,3,7,0,Yes,0,Affiliate,North
100778,Feb-2026,1499,199.53393033887116,1299.4660696611288,1572.0859509923055,1112.8837796059702,7.0,81.58229005515864,206,23.219325376972108,28,6,1,13,2,Yes,0,Referral,West
100779,Feb-2026,999,172.32160538389127,826.6783946161088,952.3870604334003,646.8868529486971,10.0,29.791541667411664,207,36.77210703415495,4,10,4,41,2,Yes,0,Affiliate,North
100780,Feb-2026,499,277.271080317884,221.728919682116,478.19883075083163,171.73519189409868,3.0,4.99372778801731,211,13.545632503794321,5,11,4,41,1,No,1,Affiliate,East
100781,Feb-2026,699,69.19920204110682,629.8007979588932,715.1947300554136,568.2225654805468,1.0,46.57823247834641,229,50.22191175591357,8,5,1,23,0,Yes,0,Paid Search,South
100782,Feb-2026,499,166.9208975638844,332.0791024361156,475.9924007483545,136.1328137999809,,165.94628863613468,152,169.07809514194275,4,4,1,37,1,Yes,0,Organic,West
100783,Feb-2026,499,293.9570439340736,205.04295606592638,474.617302681884,24.15397672070435,0.0,180.88897934522203,258,52.50041788462868,1,5,4,4,4,Yes,0,Organic,North
100784,Feb-2026,999,157.1153072486516,841.8846927513484,1003.5026562292127,735.5378397215811,2.0,76.34685302976729,71,52.35769499633422,2,13,3,9,0,No,0,Referral,West
100785,Feb-2026,1499,12.919238427995708,1486.0807615720043,1503.4166369550067,1454.650133487716,0.0,31.430628084288486,54,40.57465282031034,10,10,3,6,1,Yes,0,Referral,North
100786,Feb-2026,499,270.9008873791983,228.0991126208017,504.663686587234,132.27285334302576,4.0,35.82625927777595,188,16.55312200873086,9,11,1,42,2,Yes,0,Affiliate,East
100787,Feb-2026,699,72.20276758275652,626.7972324172434,665.0344133787366,405.22179976634743,7.0,116.57543265089598,263,146.63331815396253,2,12,5,18,0,Yes,0,Affiliate,East
100788,Feb-2026,1299,51.08123855245459,1247.9187614475454,1299.4282394980867,1010.3761993960302,7.0,132.54256205151512,209,,8,12,4,35,0,Yes,0,Organic,East
100789,Feb-2026,499,35.98370965397916,463.0162903460208,488.35552561826455,426.22851873420865,2.0,6.787771611812147,201,70.69840566722114,7,11,2,23,2,Yes,0,Organic,North
100790,Feb-2026,499,126.1577864461245,372.84221355387547,511.77738715741583,146.87355965521664,6.0,135.96865389865883,188,34.5144117652311,15,10,4,31,1,No,0,Paid Search,East
100791,Mar-2026,999,171.96722644474448,827.0327735552555,983.8357547567391,607.8256548233064,8.0,99.20711873194915,188,72.33354083577615,28,7,3,20,0,Yes,1,Organic,South
100792,Mar-2026,1499,2.2920065643695295,1496.7079934356304,1477.5036623147114,1347.130094094141,1.0,134.57789934148934,194,146.01151379549023,28,8,3,7,0,Yes,0,Organic,South
100793,Mar-2026,1299,22.362494792406707,1276.6375052075932,1319.0349611581066,1078.4953496016435,8.0,78.14215560594963,209,114.42961088741824,30,13,2,12,2,Yes,1,Referral,East
100794,Mar-2026,699,66.66205489653385,632.3379451034662,710.2305167187126,510.87422271538424,7.0,16.46372238808194,132,0.1656965518347744,21,9,3,37,0,Yes,0,Organic,North
100795,Mar-2026,1299,35.40136225360315,1263.598637746397,1241.6233102320766,1182.430751098243,3.0,36.16788664815387,204,109.5143686084245,20,8,2,49,2,Yes,0,Affiliate,East
100796,Mar-2026,699,154.4109871859316,544.5890128140684,707.8077122736677,337.10530852701356,13.0,12.48370428705477,81,20.256978417067703,25,10,3,58,3,No,0,Affiliate,East
100797,Mar-2026,1499,193.34659156810568,1305.6534084318944,1522.662055294853,1102.267568900902,0.0,203.38583953099248,110,21.513218366684285,1,8,2,51,0,Yes,0,Referral,North
100798,Mar-2026,699,176.86485723199115,522.1351427680088,696.0309027576686,399.9245537373581,7.0,17.210589030650695,74,19.560967789419845,24,10,5,57,1,No,0,Paid Search,South
100799,Mar-2026,999,177.0398266497363,821.9601733502636,1031.7537353689343,629.4887797314693,7.0,87.47139361879425,113,63.599935079363576,9,10,4,4,1,No,0,Affiliate,South
100800,Mar-2026,999,350.5190058346333,648.4809941653667,949.9590992292236,541.2538009074265,3.0,62.2271932579403,241,51.96518150790301,23,10,3,12,1,Yes,0,Referral,North
100801,Mar-2026,999,200.84203195525862,798.1579680447414,1045.790636400018,726.3761438547607,3.0,26.78182418998073,205,,13,6,1,53,2,Yes,0,Paid Search,East
100802,Mar-2026,999,244.07570974670963,754.9242902532903,986.6148915147384,643.2330720448107,7.0,6.691218208479654,217,47.47330511591032,4,6,2,15,0,Yes,0,Referral,East
100803,Mar-2026,1299,100.24611002676326,1198.7538899732367,1311.4312168709077,939.2860073971383,,214.46788257609842,293,20.3097295221202,21,12,2,2,0,Yes,0,Referral,North
100804,Mar-2026,1499,263.28073711937895,1235.719262880621,1429.1953733090338,1158.4690491431952,3.0,32.25021373742594,140,79.45705013221799,30,6,2,58,1,Yes,0,Paid Search,South
100805,Mar-2026,699,94.51769714480136,604.4823028551987,713.602132466198,379.4355362614665,7.0,120.04676659373217,191,37.26877855234558,24,10,3,47,0,No,0,Organic,North
100806,Mar-2026,699,199.37379931063083,499.62620068936917,702.0546775543573,330.3980673254323,8.0,49.22813336393689,91,80.93179860749217,0,9,4,11,0,No,0,Referral,West
100807,Mar-2026,999,14.564024181885912,984.4359758181141,1044.9904763396155,956.1337087447662,1.0,13.30226707334797,298,57.13078651417123,12,9,1,56,1,Yes,0,Organic,North
100808,Mar-2026,999,169.9480958385746,829.0519041614255,991.2608169790407,620.3885779650176,,58.66332619640789,88,50.77865529147379,3,7,2,33,0,Yes,0,Organic,South
100809,Mar-2026,499,32.95437177967949,466.0456282203205,510.0714703878982,256.3965308888812,9.0,74.64909733143926,51,164.35981702885823,20,9,2,14,2,Yes,0,Organic,North
100810,Mar-2026,1499,262.3242785380689,1236.675721461931,1435.1767449371107,1164.2425789102017,4.0,12.433142551729475,130,7.263844778025912,8,11,2,27,1,Yes,0,Paid Search,West
100811,Mar-2026,1299,255.10517543985412,1043.894824560146,1242.432585369732,1032.7251751069466,0.0,11.169649453199412,50,7.9971717102937925,15,9,2,4,2,Yes,0,Referral,East
100812,Mar-2026,699,94.00471349290885,604.9952865070911,730.3856373765628,486.901365786738,2.0,88.09392072035314,158,26.989614361150654,27,14,1,38,2,Yes,0,Referral,East
100813,Mar-2026,499,395.9489914349448,103.05100856505521,486.6898989499648,-16.2583726325256,4.0,59.30938119758081,209,81.64745145451347,20,13,2,40,1,Yes,1,Organic,West
100814,Mar-2026,499,115.69460445678301,383.305395543217,519.578509709431,231.14077045091165,10.0,2.1646250923053785,260,30.40781432563348,20,12,1,20,3,Yes,1,Referral,West
100815,Mar-2026,699,43.44226808070326,655.5577319192968,670.1748703291727,600.4829043387043,2.0,25.074827580592498,174,38.179978422661705,27,10,1,2,0,Yes,0,Organic,North
100816,Mar-2026,1299,56.505843556478396,1242.4941564435217,1316.8923245768867,1149.5518496662514,1.0,77.94230677727022,113,8.55870679306211,27,13,2,4,2,No,0,Paid Search,North
100817,Mar-2026,499,24.70307731705789,474.2969226829421,501.5740305831794,265.85046949696937,7.0,103.44645318597276,255,79.23501022135997,18,8,5,49,1,Yes,0,Paid Search,South
100818,Mar-2026,499,195.55225221435055,303.4477477856494,522.2623061349592,229.2957340758303,3.0,29.15201370981911,208,9.140203468283485,23,8,1,24,0,No,0,Affiliate,North
100819,Mar-2026,1499,1.7564367993057033,1497.2435632006943,1484.6115486864492,1361.4364973166405,5.0,60.80706588405392,235,34.66710460190366,13,12,5,9,0,No,0,Referral,West
100820,Mar-2026,1299,85.29431810325056,1213.7056818967494,1240.3380245692776,1024.6918912641634,0.0,189.01379063258614,131,4.671552583072495,22,9,1,19,0,Yes,0,Organic,East
100821,Mar-2026,499,187.7462604644124,311.2537395355876,497.7065241697902,245.41524674812803,1.0,50.83849278745961,293,91.79569413945387,23,14,3,8,1,Yes,0,Paid Search,South
100822,Apr-2026,1299,166.63750736541633,1132.3624926345838,1341.111694210675,1106.4578012328734,0.0,25.90469140171033,127,8.307728675605059,19,8,2,41,2,No,0,Affiliate,West
100823,Apr-2026,699,148.48274251898647,550.5172574810135,667.7173309630433,402.7523893749702,5.0,72.76486810604328,160,32.751003483909244,7,14,3,28,2,Yes,0,Referral,North
100824,Apr-2026,999,165.12006228528807,833.8799377147119,952.6658658477428,811.5566772594537,1.0,7.3232604552582,191,27.42177989531968,9,9,1,13,1,Yes,0,Organic,West
100825,Apr-2026,499,105.53998829908147,393.4600117009185,515.0553886483044,285.9749106287808,5.0,32.48510107213777,265,71.07471611203313,19,15,3,8,2,No,0,Organic,East
100826,Apr-2026,1499,42.45024667995966,1456.5497533200403,1547.5638788490016,1404.2055910706179,0.0,52.344162249422446,246,52.9976199648673,0,14,2,14,1,No,0,Affiliate,North
100827,Apr-2026,699,102.37941351064259,596.6205864893574,678.0285284145313,421.25959786000357,5.0,100.36098862935383,65,158.1440750512371,30,10,2,50,1,Yes,0,Referral,North
100828,Apr-2026,1299,206.24997411783426,1092.7500258821658,1319.4561573775688,998.910010659403,6.0,3.8400152227626876,246,12.040996207593057,19,19,1,50,2,No,0,Affiliate,South
100829,Apr-2026,699,133.5678013668715,565.4321986331286,668.5426123016014,455.89010510536946,4.0,49.54209352775909,103,109.35730360510006,4,17,1,10,1,No,0,Organic,North
100830,Apr-2026,499,196.9786047756601,302.0213952243399,512.2539643816461,103.7401535156304,7.0,93.28124170870953,190,125.33033288389467,25,9,5,20,2,Yes,0,Referral,South
100831,Apr-2026,1299,79.58603645886176,1219.4139635411382,1273.6950484167664,1128.0795220073264,0.0,91.33444153381178,173,154.23228655187975,14,12,4,1,1,Yes,0,Referral,West
100832,Apr-2026,999,269.32032958535143,729.6796704146486,972.0781449255617,608.1148713111971,6.0,31.564799103451495,129,47.517956487820065,7,13,3,12,3,Yes,0,Paid Search,South
100833,Apr-2026,699,156.75814409656004,542.24185590344,711.4172917843465,281.4965083853192,4.0,200.74534751812078,128,14.58106738910387,30,8,5,35,2,Yes,0,Paid Search,West
100834,Apr-2026,499,166.97286155080255,332.0271384491974,519.5367746019677,238.9203103639329,1.0,78.10682808526451,208,65.82712109331035,27,10,3,20,2,Yes,0,Affiliate,North
100835,Apr-2026,1499,311.86564165455343,1187.1343583454466,1430.271592053138,1077.7750324222761,6.0,19.359325923170488,246,9.829960041519358,9,3,2,12,1,Yes,0,Referral,South
100836,Apr-2026,1299,329.72382192497554,969.2761780750245,1252.7213913060239,856.7813090981294,5.0,37.494868976895134,198,100.92385523201204,5,6,1,50,0,Yes,1,Organic,West
100837,Apr-2026,699,122.18085969090296,576.8191403090971,681.9254719149698,353.8831458101161,8.0,102.93599449898095,176,43.40614809591944,14,8,3,12,1,No,0,Paid Search,South
100838,Apr-2026,699,9.143778677146088,689.8562213228539,728.90301625632,421.14171461962025,5.0,193.71450670323367,207,60.39929674640386,14,10,4,39,2,No,0,Organic,South
100839,Apr-2026,999,313.97674108120304,685.023258918797,1036.6781998463066,500.8101583460177,1.0,,72,153.83623420359095,26,6,2,29,1,Yes,0,Referral,West
100840,Apr-2026,999,143.77617998333272,855.2238200166673,1039.6765267677843,763.2085202141652,3.0,47.01529980250217,87,52.56666632469115,9,7,2,58,1,Yes,0,Referral,South
100841,Apr-2026,1499,130.9236552876143,1368.0763447123857,1480.7680110311405,1271.8128644732255,2.0,66.26348023916012,206,14.78248976013526,20,10,5,3,0,Yes,0,Organic,West
100842,Apr-2026,1499,42.85744309467232,1456.1425569053276,1458.7714452804341,1240.9809361836437,5.0,140.16162072168387,126,43.71024251901781,18,13,4,7,1,Yes,0,Affiliate,North
100843,Apr-2026,499,0.01350229700909722,498.9864977029909,483.61388643778565,351.6937207263928,6.0,57.29277697659808,81,28.158939926148186,3,7,2,23,1,Yes,0,Paid Search,West
100844,Apr-2026,499,217.66358027092252,281.3364197290775,518.0594594751526,103.34704054794784,3.0,132.98937918112964,161,56.901595685586585,21,7,4,13,0,Yes,0,Paid Search,South
100845,Apr-2026,1499,230.38457457103925,1268.6154254289609,1458.710256125822,1217.392389758327,3.0,6.223035670633799,239,33.96089531568449,30,1,1,11,1,No,0,Paid Search,North
100846,Apr-2026,1499,174.1852802159306,1324.8147197840694,1503.6227731156973,1247.0525546450845,3.0,32.76216513898501,155,25.129285336821027,5,9,4,25,1,Yes,0,Affiliate,East
100847,Apr-2026,1299,58.314506208738834,1240.6854937912613,1277.1429328719141,1033.554901441946,9.0,72.13059234931528,140,44.89323285892039,14,6,5,52,2,Yes,0,Paid Search,West
100848,Apr-2026,999,22.200140986902028,976.799859013098,998.8936502871508,736.334616078229,7.0,135.4652429348689,147,14.185659690606359,5,6,5,20,1,No,0,Organic,North
100849,Apr-2026,499,21.86983862638715,477.13016137361285,491.30377421687274,304.57761501235234,0.0,,94,41.8394920941911,17,8,3,49,3,No,0,Paid Search,South
100850,Apr-2026,999,82.73457887064322,916.2654211293568,978.3155767350297,787.1000830945285,7.0,24.165338034828334,98,68.79037561153342,10,13,1,47,2,Yes,0,Organic,West
100851,Apr-2026,999,29.29757223012433,969.7024277698756,991.7395678277896,838.0736074338167,8.0,11.6288203360589,210,130.49083714500506,11,7,1,27,0,Yes,0,Paid Search,South
100852,May-2026,1499,55.11716343492543,1443.8828365650745,1473.9555379542317,1362.5811060624758,5.0,6.301730502598772,53,28.753591070440574,29,9,4,6,1,Yes,0,Paid Search,East
100853,May-2026,1299,228.1614014823658,1070.8385985176342,1343.125900464448,928.4718588245913,2.0,112.3667396930429,195,176.38931551443358,7,15,5,6,3,Yes,0,Organic,East
100854,May-2026,699,8.287663378196072,690.712336621804,704.6378970633431,381.06787289098713,12.0,129.64446373081682,247,61.138133658603316,23,10,5,39,0,Yes,0,Affiliate,North
100855,May-2026,1299,268.07072177168806,1030.929278228312,1256.9340968773736,864.3761713535386,3.0,,113,35.65601208050418,21,9,5,41,0,Yes,0,Organic,East
100856,May-2026,1299,197.28860521361563,1101.7113947863843,1264.699346384061,985.1282491948737,3.0,71.58314559151063,205,39.32792736232386,29,9,1,58,1,Yes,0,Affiliate,South
100857,May-2026,999,185.3209425142079,813.6790574857921,954.3999944158094,599.2032951740927,9.0,79.47576231169944,157,46.300967157915416,13,13,5,58,1,No,0,Organic,North
100858,May-2026,1299,349.837085527211,949.162914472789,1272.9795534873913,842.5924198551718,5.0,31.570494617617165,170,32.3522993547015,3,10,3,58,0,No,0,Referral,West
100859,May-2026,499,4.29631608774298,494.703683912257,507.4589560779195,350.6720632794919,7.0,39.03162063276511,235,25.688352302338842,17,10,2,9,2,Yes,0,Organic,South
100860,May-2026,999,254.85263952585552,744.1473604741445,967.3275411538655,505.8294772359029,8.0,118.31788323824165,268,55.7629974418153,5,10,5,21,2,Yes,1,Referral,South
100861,May-2026,499,114.28289123742844,384.71710876257157,479.0001976080851,298.57375313736105,,71.14335562521053,139,7.001250737487894,5,6,3,18,2,Yes,1,Organic,South
100862,May-2026,699,458.52841879554484,240.47158120445516,686.4889754854506,63.32486636660792,11.0,12.146714837847227,105,22.023380418913327,25,11,3,1,1,Yes,0,Organic,West
100863,May-2026,999,104.30466826329487,894.6953317367052,1010.2409711256998,621.7492028198376,9.0,137.9461289168676,69,80.22551918702541,18,17,2,50,3,Yes,0,Organic,West
100864,May-2026,699,84.9229996649258,614.0770003350742,697.0973251996068,522.7038454968213,6.0,1.3731548382529013,126,5.450342419540802,1,11,1,50,1,Yes,0,Referral,South
100865,May-2026,999,201.06429298287196,797.935707017128,982.2358071210027,736.2798844517503,0.0,61.65582256537777,269,63.28408701006627,3,6,5,12,2,Yes,0,Referral,East
100866,May-2026,1499,124.93097613496325,1374.0690238650368,1556.4044685142776,1324.867325495812,0.0,49.20169836922463,211,50.545496011733874,23,12,3,1,0,No,0,Referral,North
100867,May-2026,1299,58.9844445240157,1240.0155554759842,1294.915644906844,1154.3514809480605,,25.664074527923802,290,,4,9,3,28,1,Yes,0,Organic,South
100868,May-2026,1499,33.56678592769951,1465.4332140723004,1492.2614959076056,1413.9047840489402,0.0,51.52843002336032,136,33.42886162706033,14,9,2,24,1,No,0,Organic,South
100869,May-2026,699,324.9845386064884,374.0154613935116,666.2628073664052,338.31600375823183,2.0,5.699457635279757,187,44.60140362793501,2,13,3,19,1,Yes,0,Referral,North
100870,May-2026,1299,10.38460417200099,1288.615395827999,1317.100633822147,1241.9474485503704,1.0,31.667947277628635,164,65.00393955067057,28,9,5,58,0,No,0,Referral,South
100871,May-2026,999,176.77050724565999,822.2294927543401,994.9385539616734,480.16789427538777,13.0,147.06159847895233,143,60.82113882288485,15,7,1,14,1,No,0,Organic,North
100872,May-2026,1299,276.7420967551314,1022.2579032448687,1252.89552033082,967.238411915997,1.0,40.01949132887172,199,104.44174300264653,29,6,3,14,0,Yes,0,Affiliate,North
100873,May-2026,499,282.53939825311596,216.46060174688404,486.2125851820986,19.472663014311323,5.0,121.98793873257272,182,58.21679626474451,12,10,1,26,0,No,0,Paid Search,East
100874,May-2026,1299,77.80171173822721,1221.1982882617729,1260.3370487587854,1088.7412871799513,8.0,12.457001081821645,294,118.22987363354314,11,9,3,16,0,No,0,Affiliate,North
100875,May-2026,499,125.25782392490848,373.7421760750915,480.14270122419157,279.82982935673726,0.0,93.91234671835421,221,6.554170497872982,20,9,3,24,2,Yes,0,Referral,North
100876,May-2026,1299,101.97677987827527,1197.0232201217248,1290.6268235731425,1137.0079618893276,2.0,30.015258232397144,163,103.07385740681373,8,13,5,32,4,No,0,Organic,West
100877,May-2026,499,34.20225151990499,464.79774848009504,492.1780240406442,434.7802272947045,0.0,30.01752118539051,58,35.88095417955521,10,7,1,6,1,Yes,1,Paid Search,North
100878,May-2026,699,214.50208596241382,484.49791403758616,689.2226008508027,297.33839328817265,6.0,97.1595207494135,92,53.509675204276334,7,9,4,49,1,Yes,0,Paid Search,South
100879,May-2026,1499,154.62043747617705,1344.3795625238229,1461.7540723799468,1248.3589841993921,3.0,51.02057832443075,53,74.29320278205398,27,8,5,45,0,Yes,0,Referral,North
100880,May-2026,999,322.8702096722255,676.1297903277746,992.649010698682,400.7457325115819,10.0,125.38405781619267,219,18.31394448472095,25,14,1,30,0,Yes,1,Affiliate,North
100881,May-2026,1299,51.21538832382926,1247.7846116761707,1305.173238245287,1009.3834728443962,9.0,103.40113883177453,114,39.136366617181714,6,7,1,23,1,No,0,Organic,West
100882,May-2026,1499,280.64358703412347,1218.3564129658766,1515.7141155808026,1133.0288249129765,4.0,25.327588052900282,147,110.55242962534338,3,15,1,19,0,Yes,0,Organic,East
100883,Jun-2026,999,289.10809803410456,709.8919019658954,971.0105845103527,436.13603214101795,8.0,153.7558698248775,218,130.1486286467602,1,8,4,25,0,Yes,0,Referral,East
100884,Jun-2026,999,155.6486024169465,843.3513975830535,1021.7615552169641,623.4469919193102,,84.90440566374332,241,27.322135556789824,27,5,5,25,1,Yes,1,Referral,East
100885,Jun-2026,499,110.50338850004027,388.4966114999597,475.398750654351,342.99174933530196,1.0,30.504862164657773,104,70.71544035291203,24,15,4,52,2,No,0,Organic,West
100886,Jun-2026,699,88.49188110668517,610.5081188933149,716.5057723076252,503.8468244698157,3.0,61.66129442349916,267,32.845781769294064,18,7,3,2,0,Yes,0,Paid Search,East
100887,Jun-2026,699,364.30453491649405,334.69546508350595,683.8294352958321,202.42200501500025,5.0,57.27346006850568,195,10.58226392818139,21,5,2,10,0,Yes,0,Referral,North
100888,Jun-2026,1499,185.64669257902915,1313.3533074209709,1479.5131292675533,1217.2259213079146,2.0,66.1273861130563,193,124.20979910784968,29,8,4,41,4,No,0,Organic,South
100889,Jun-2026,699,233.2079647046263,465.7920352953737,704.6417219863804,412.132781290926,,38.6592540044477,136,18.290969016428125,28,10,3,53,2,Yes,1,Paid Search,South
100890,Jun-2026,1299,139.3000102038038,1159.6999897961962,1313.3476360430252,1064.8977724917706,1.0,79.80221730442557,223,217.74694826295752,22,7,4,27,1,Yes,0,Paid Search,South
100891,Jun-2026,699,123.18685081642458,575.8131491835754,693.4887105571125,342.62757290259646,8.0,113.18557628097896,213,13.517568026940031,11,9,1,44,1,Yes,0,Paid Search,East
100892,Jun-2026,1499,74.08134824394074,1424.9186517560593,1564.641052212757,1325.8735380353673,1.0,84.04511372069197,139,101.16174624379642,2,10,2,8,1,Yes,0,Paid Search,West
100893,Jun-2026,699,245.36870604663682,453.6312939533632,724.0469471056686,282.3090166578361,6.0,81.32227729552707,243,97.64274783651135,18,20,2,41,1,Yes,0,Paid Search,West
100894,Jun-2026,1299,279.5617445666852,1019.4382554333148,1263.282248987053,917.49258018348,4.0,41.94567524983482,93,33.09378187916618,2,11,3,43,0,Yes,1,Affiliate,East
100895,Jun-2026,499,35.8965257439974,463.1034742560026,503.4366186789687,427.21689119766916,1.0,20.886583058333443,293,59.144897956477394,18,10,4,33,0,No,1,Organic,West
100896,Jun-2026,1499,128.5373854190031,1370.4626145809968,1532.12565261024,1270.115059797098,,40.34755478389886,54,33.86149702148865,18,8,4,43,0,No,0,Organic,North
100897,Jun-2026,499,112.3510467174851,386.64895328251487,484.8754847655831,320.04284635121724,4.0,6.606106931297653,78,22.38768141335756,6,8,4,19,0,Yes,1,Paid Search,West
100898,Jun-2026,499,200.41839527835435,298.58160472164565,474.97067619975087,207.02192200226455,5.0,16.559682719381108,175,66.91022607830844,28,8,3,55,0,No,0,Organic,East
100899,Jun-2026,499,84.67637021890862,414.32362978109137,522.7326665692277,125.58031860392197,7.0,183.7433111771694,53,87.11462875193624,13,10,4,30,1,Yes,0,Organic,West
100900,Jun-2026,999,261.7609107819603,737.2390892180397,1044.7890066733592,467.10616558017296,8.0,150.13292363786678,288,25.540692111404464,20,13,2,34,1,Yes,0,Organic,West
100901,Jun-2026,999,158.55891793493868,840.4410820650613,981.0527344174599,822.9063808312168,,2.534701233844494,148,124.34821332244869,3,10,2,14,2,Yes,1,Referral,North
100902,Jun-2026,499,155.93076667016373,343.06923332983627,485.98182989202013,257.09305069817515,0.0,85.97618263166112,263,57.84431884233551,5,14,5,36,0,Yes,0,Paid Search,North
100903,Jun-2026,1499,203.1264330231172,1295.8735669768828,1447.2267417058647,1191.283343622526,4.0,44.590223354356695,98,47.021299961615895,13,7,4,20,0,Yes,1,Paid Search,South
100904,Jun-2026,1299,269.56211851089415,1029.4378814891058,1323.3102329787869,960.5586203198997,0.0,68.87926116920615,249,48.13078222829503,7,8,4,23,2,Yes,0,Affiliate,West
100905,Jun-2026,1299,11.752600768207344,1287.2473992317928,1332.1623881617877,1191.137050437339,6.0,6.110348794453714,285,121.92481340821787,17,6,2,15,1,No,0,Organic,East
100906,Jun-2026,699,199.04723219694893,499.9527678030511,693.4361215039423,270.61198136596744,0.0,229.34078643708364,134,,27,14,2,2,2,Yes,0,Organic,East
100907,Jun-2026,1499,369.5951603705052,1129.4048396294947,1460.447131035977,870.244861758501,4.0,199.1599778709937,185,38.36257205614666,14,8,1,24,2,Yes,0,Organic,North
100908,Jun-2026,999,163.44796502138865,835.5520349786113,993.8775058965261,688.9614362089933,8.0,26.590598769618026,171,120.05192391032013,18,11,1,24,3,Yes,1,Referral,South
100909,Jun-2026,499,286.99546371953875,212.00453628046125,499.8163316700651,44.71085753825571,11.0,,229,126.52767570015246,17,5,5,31,2,Yes,0,Referral,North
100910,Jun-2026,699,96.94140357161757,602.0585964283824,702.0339306942291,433.02078575465475,3.0,124.0378106737277,165,96.26910902944564,29,13,2,16,1,Yes,0,Affiliate,North
100911,Jun-2026,1299,147.84428538514126,1151.1557146148587,1291.6434322799296,1029.3821797817056,5.0,46.77353483315294,246,,14,13,5,54,0,Yes,0,Paid Search,North
100912,Jun-2026,999,125.44544544883854,873.5545545511615,949.4230014656005,650.8787205696116,7.0,117.67583398154986,198,173.469024258825,22,7,4,4,1,Yes,0,Paid Search,East
100913,Jul-2026,999,103.54554883829321,895.4544511617067,996.1806006377948,730.4171728850237,7.0,60.037278276683054,204,,11,13,4,34,0,No,0,Referral,West
100914,Jul-2026,499,132.27335459003086,366.72664540996914,491.37886727172065,271.99885933025155,2.0,64.7277860797176,215,45.95324179483438,17,6,2,15,2,Yes,0,Referral,West
100915,Jul-2026,1299,45.68181371091811,1253.318186289082,1306.3474034810924,1170.4598273247018,3.0,37.85835896438024,182,96.57302745884236,29,15,3,19,1,Yes,1,Referral,East
100916,Jul-2026,1499,110.29438387400441,1388.7056161259957,1434.449849913208,1236.2452963930864,10.0,2.460319732909298,134,63.538725554788954,4,8,5,19,2,Yes,0,Paid Search,East
100917,Jul-2026,999,310.53677465121416,688.4632253487858,1036.8810071461057,535.5208057737734,6.0,62.942419575012465,110,34.08227959578995,26,10,3,48,0,Yes,0,Affiliate,South
100918,Jul-2026,499,34.357193177780005,464.64280682222,517.734506653899,350.04230345269895,4.0,54.600503369521064,185,138.8154877846092,14,17,4,44,0,Yes,0,Paid Search,East
100919,Jul-2026,1499,22.06400742320274,1476.9359925767972,1508.6109033759856,1404.1507972529282,1.0,57.78519532386895,135,45.72003929833561,25,11,5,35,1,Yes,0,Paid Search,South
100920,Jul-2026,1299,157.3454845673706,1141.6545154326295,1329.8018452705655,1043.3859951236332,,23.26852030899627,67,,8,12,4,20,0,Yes,1,Affiliate,West
100921,Jul-2026,999,163.34197720286934,835.6580227971307,992.7965836873947,739.6803975291531,0.0,,181,138.04993313762142,7,7,1,47,0,No,1,Organic,West
100922,Jul-2026,1499,195.29576628647834,1303.7042337135217,1512.5359466593966,1193.9515799573476,0.0,109.75265375617407,53,92.24573617889901,7,9,2,39,5,No,0,Paid Search,South
100923,Jul-2026,1499,136.35137121784334,1362.6486287821567,1516.6393597126087,1341.693272618917,0.0,20.955356163239788,214,76.47151770160302,2,12,1,41,2,Yes,0,Organic,East
100924,Jul-2026,1499,158.62369973500003,1340.376300265,1477.0978987552908,1118.7546488343917,9.0,86.6216514306083,176,32.823800543462205,12,10,5,58,0,Yes,0,Paid Search,East
100925,Jul-2026,999,107.8938271645201,891.1061728354799,1045.0411301124834,804.795756759911,1.0,71.3104160755689,192,66.01177267854064,12,10,1,29,1,Yes,0,Paid Search,South
100926,Jul-2026,999,3.0955386359956947,995.9044613640043,1009.2501092519983,935.1159592644862,1.0,45.7885020995182,215,69.05287468421834,11,12,5,15,0,No,0,Paid Search,East
100927,Jul-2026,699,141.4329758027219,557.5670241972781,733.2881529837229,395.45668771364694,5.0,87.11033648363114,204,67.8507064416776,14,5,3,20,2,Yes,0,Organic,North
100928,Jul-2026,1299,236.95163957309566,1062.0483604269043,1290.2149627811305,1023.0320061232496,1.0,24.016354303654737,262,46.82749972504603,13,11,2,32,0,No,1,Referral,South
100929,Jul-2026,499,211.8065551622801,287.1934448377199,475.6628063026168,177.11581277169432,4.0,,97,25.568591833610903,0,8,3,13,0,Yes,1,Organic,East
100930,Jul-2026,1499,59.309055232714485,1439.6909447672856,1469.3853037576182,1301.3758058480269,4.0,78.31513891925866,95,101.74801410944134,1,13,4,7,1,No,0,Paid Search,South
100931,Jul-2026,699,180.23104359708992,518.7689564029101,709.5400624811799,473.0989808709315,0.0,45.669975531978636,95,31.679687455280824,22,8,2,58,2,No,0,Referral,South
100932,Jul-2026,499,42.867656897139696,456.1323431028603,519.4761405428445,277.13023072804475,1.0,164.00211237481557,97,50.758806820295796,3,8,1,54,2,Yes,0,Organic,East
100933,Jul-2026,699,317.05968062656586,381.94031937343414,707.049980669497,342.50236344478856,1.0,24.43795592864559,236,3.3368582462983123,12,15,5,16,1,Yes,0,Affiliate,East
100934,Jul-2026,999,189.15237395140562,809.8476260485944,996.179190172906,518.8444157885779,9.0,156.0032102600166,295,90.44441329957083,9,13,2,10,0,Yes,0,Referral,South
100935,Jul-2026,1499,257.5540752156728,1241.4459247843272,1436.1533815455807,1155.7329702900004,4.0,25.712954494326876,169,21.707726183068587,20,5,4,57,0,Yes,0,Organic,East
100936,Jul-2026,499,152.54017732978318,346.4598226702168,481.27334393969636,279.6821346369185,2.0,36.77768803329835,181,69.09271131386913,12,9,3,56,1,Yes,1,Referral,East
100937,Jul-2026,499,142.07340013230274,356.9265998676973,476.71812204463583,208.69504002643737,3.0,103.23155984125991,252,15.902028966090176,0,13,4,2,0,No,0,Paid Search,South
100938,Jul-2026,499,329.5013901183896,169.49860988161038,509.53800153283544,37.383886522603376,3.0,87.114723359007,68,42.347686497063904,10,5,1,51,3,No,0,Organic,North
100939,Jul-2026,499,266.73292759500197,232.26707240499803,515.5214608235661,-123.25356233392188,8.0,235.5206347389199,234,39.12475909091406,17,6,5,38,1,No,0,Affiliate,West
100940,Jul-2026,499,164.14303826970573,334.8569617302943,482.2555036757746,171.51330440764718,,28.34365732264712,68,21.953082295961728,8,7,5,53,2,No,0,Organic,East
100941,Jul-2026,699,126.04002886351222,572.9599711364878,686.78374092623,479.44684761446274,1.0,78.51312352202498,268,58.79926306375276,5,9,1,18,0,Yes,0,Organic,West
100942,Jul-2026,1499,54.86096706370438,1444.1390329362957,1495.8682377660077,1167.7755728376803,13.0,81.3634600986154,281,12.641571744019927,22,11,5,34,2,Yes,0,Referral,North
100943,Jul-2026,999,188.9481041848968,810.0518958151032,963.3143752482756,585.3971196663994,6.0,134.65477614870383,91,83.40496638733786,12,8,2,21,0,Yes,0,Paid Search,North
100944,Aug-2026,999,134.86752368163422,864.1324763183658,990.6275109243533,741.7485616599819,2.0,92.38391465838392,141,86.72951416848787,4,8,2,21,0,Yes,0,Affiliate,North
100945,Aug-2026,999,216.47472564987314,782.5252743501269,1045.6365276043953,740.5714778884138,1.0,26.953796461713058,54,24.085193280189724,24,17,1,1,1,Yes,0,Paid Search,North
100946,Aug-2026,999,252.93826098417435,746.0617390158257,1020.8929029665832,605.375962466109,7.0,35.68577654971675,97,120.78901477449173,29,9,1,15,3,No,0,Affiliate,West
100947,Aug-2026,699,297.9505314056696,401.0494685943304,675.7185321664157,308.31963719628266,1.0,77.72983139804771,202,43.08021775489769,9,13,4,10,0,Yes,0,Affiliate,East
100948,Aug-2026,1299,190.4391493073285,1108.5608506926715,1246.8860123287284,908.6071985713095,8.0,79.9536521213619,244,20.051563818543496,4,12,5,59,1,No,0,Affiliate,West
100949,Aug-2026,1499,24.436744184615378,1474.5632558153845,1490.778117876386,1359.049974031664,1.0,100.51328178372046,75,8.829966172961308,21,13,3,35,2,Yes,0,Paid Search,North
100950,Aug-2026,499,107.917626110176,391.082373889824,523.3487612607814,334.2370816115124,2.0,26.84529227831159,123,116.24345768558962,9,16,1,25,1,No,0,Affiliate,South
100951,Aug-2026,1299,51.03601675718501,1247.963983242815,1337.0974061591357,1070.7118584139484,7.0,72.25212482886644,265,27.013271851934903,24,8,4,32,0,Yes,1,Organic,East
100952,Aug-2026,999,310.0186199406081,688.9813800593919,978.3330288715985,525.4492767063645,6.0,73.5321033530274,239,36.85439945108245,4,8,1,31,0,Yes,0,Organic,West
100953,Aug-2026,1299,368.8189763159329,930.1810236840671,1237.4638640320065,882.8413238997665,1.0,32.33969978430062,270,34.06894917247838,19,4,1,10,2,Yes,0,Referral,West
100954,Aug-2026,1499,121.45190978769895,1377.548090212301,1485.7022092013292,1177.705729099389,5.0,124.84236111291226,158,98.43920423671331,27,10,2,3,1,Yes,0,Organic,East
100955,Aug-2026,499,25.31511051388216,473.68488948611787,482.060811705974,364.2980472403428,3.0,64.38684224577509,184,,20,6,5,22,4,Yes,0,Affiliate,West
100956,Aug-2026,499,72.19037099965921,426.8096290003408,483.0460149760682,323.7440211628276,1.0,88.06560783751323,221,54.00250902965463,10,6,1,38,0,Yes,0,Affiliate,West
100957,Aug-2026,1499,286.5366987237445,1212.4633012762556,1448.3784941600716,1165.3314405639217,3.0,2.1318607123338325,136,13.900676414872247,28,5,5,2,1,No,0,Affiliate,West
100958,Aug-2026,1499,79.07841917674719,1419.9215808232527,1531.919188162863,1321.8853594881255,6.0,8.036221335127351,287,142.36717353931942,4,9,4,23,1,No,1,Paid Search,North
100959,Aug-2026,999,220.6948737201017,778.3051262798983,952.630557079714,747.1892272557469,1.0,,204,73.47927170850446,4,9,1,57,2,No,0,Affiliate,East
100960,Aug-2026,499,170.22699615576423,328.77300384423575,502.23017006390404,229.7582496012676,,69.01475424296812,219,74.73113740826996,16,9,3,41,2,Yes,0,Organic,West
100961,Aug-2026,1299,235.2003910844465,1063.7996089155536,1331.8024628047951,883.9262124641358,5.0,104.87339645141773,122,,20,9,2,40,0,Yes,0,Paid Search,North
100962,Aug-2026,699,368.1613198736445,330.8386801263555,674.9829980204278,195.7674845169238,7.0,30.071195609431683,285,18.996844464954524,4,13,3,53,0,Yes,0,Affiliate,North
100963,Aug-2026,699,220.77377706412062,478.2262229358794,726.4658777151565,395.459628524053,0.0,82.76659441182636,105,52.65640602209133,0,7,2,24,0,Yes,0,Affiliate,East
100964,Aug-2026,1499,167.62995319655153,1331.3700468034485,1435.7623510430524,1219.2870383353707,2.0,82.08300846807784,180,53.711212125733425,12,12,1,32,3,Yes,0,Paid Search,South
100965,Aug-2026,999,381.4048278970703,617.5951721029297,1017.2523300845918,546.2309996932267,0.0,71.36417240970299,175,21.93961586317529,3,12,1,57,2,Yes,0,Referral,East
100966,Aug-2026,699,191.94625219500736,507.05374780499267,676.0703158217859,373.71990954714556,3.0,88.3338382578471,190,15.980547456717607,7,11,5,33,3,Yes,0,Paid Search,East
100967,Aug-2026,499,54.84630032020792,444.1536996797921,514.270986301021,220.63384989981114,7.0,118.51984977998097,247,,19,11,2,49,1,Yes,0,Paid Search,East
100968,Aug-2026,1499,232.49583477233824,1266.5041652276618,1509.7025306316557,1109.2994859797184,3.0,112.20467924794339,108,38.48819679138902,22,7,4,27,1,Yes,1,Affiliate,South
100969,Aug-2026,1299,203.69466505595648,1095.3053349440436,1310.5878388640203,816.4401967195495,8.0,158.86513822449405,87,14.087365925286432,5,9,3,13,1,Yes,0,Referral,East
100970,Aug-2026,1499,113.05171892752801,1385.948281072472,1475.918775380083,1228.6748626686417,7.0,52.27341840383018,134,75.15121959019078,14,9,4,37,0,Yes,1,Paid Search,East
100971,Aug-2026,1299,87.8896737040472,1211.1103262959527,1270.8458289682937,1045.6645438287392,10.0,15.445782467213618,132,78.36633702417757,14,5,2,39,2,Yes,0,Affiliate,West
100972,Aug-2026,1499,114.20886152221105,1384.791138477789,1493.5018283278537,1206.5238712160162,3.0,133.26726726177287,266,69.85281710590685,20,8,4,29,7,Yes,0,Referral,East
100973,Aug-2026,1499,86.1732770997892,1412.8267229002108,1537.6312944702004,1290.158238472833,0.0,122.66848442737773,280,14.918779042273966,15,14,2,41,2,Yes,0,Organic,East
100974,Aug-2026,1499,118.10882175445299,1380.891178245547,1449.2661491538763,1259.519313736842,,31.371864508705126,245,30.553447211885363,8,11,5,25,3,Yes,0,Organic,East
100975,Sep-2026,1299,48.86440773097662,1250.1355922690234,1340.0834040721086,1096.6647263588322,1.0,138.47086591019107,135,85.473427485219,28,8,5,46,0,Yes,0,Affiliate,West
100976,Sep-2026,1299,196.33856257917788,1102.661437420822,1296.3809430439626,971.6991595559346,5.0,55.96227786488748,246,56.86702098684869,23,4,4,19,0,No,0,Organic,South
100977,Sep-2026,1499,187.3441576750583,1311.6558423249417,1491.8368735968745,1159.5500009658008,0.0,152.10584135914087,50,122.09750363291936,4,11,4,1,1,Yes,0,Paid Search,East
100978,Sep-2026,699,191.4242132675363,507.5757867324637,665.2102222196472,304.2385752703665,1.0,188.33721146209723,227,110.44680112263755,29,5,2,35,0,Yes,0,Organic,West
100979,Sep-2026,999,142.5156792676015,856.4843207323985,961.4571060215324,460.19858075680986,9.0,,258,48.351526330379315,25,5,5,16,1,Yes,0,Affiliate,East
100980,Sep-2026,999,128.68040927699255,870.3195907230074,992.2040695930078,785.3405993317826,2.0,54.97899139122474,250,29.994508223808143,22,14,4,8,0,Yes,0,Affiliate,North
100981,Sep-2026,999,323.04069571842183,675.9593042815782,1047.0817146174231,392.7248358772463,8.0,163.23446840433195,186,82.74488336143777,15,9,2,7,0,Yes,0,Organic,West
100982,Sep-2026,1299,158.08870642053634,1140.9112935794637,1266.5444462610874,947.6035903932991,5.0,118.30770318616462,177,88.60724270902121,29,11,2,21,1,Yes,0,Organic,East
100983,Sep-2026,1299,301.6520215266572,997.3479784733428,1235.3821840055045,826.591049287823,3.0,125.75692918551981,102,96.27185229149687,26,17,4,11,0,Yes,1,Affiliate,North
100984,Sep-2026,699,30.430082020042377,668.5699179799576,694.5155663098677,494.61536847748573,6.0,83.9545495024719,137,56.2314977311722,24,17,3,26,0,Yes,0,Affiliate,East
100985,Sep-2026,999,220.70134010416544,778.2986598958346,950.6438034082829,502.210295109089,10.0,126.08836478674567,187,26.91742325752012,6,11,1,15,1,Yes,0,Referral,East
100986,Sep-2026,999,61.83563560079811,937.1643643992019,982.6385296723372,862.2376233115094,1.0,59.926741087692506,133,69.10108254146056,2,12,2,57,1,Yes,0,Affiliate,East
100987,Sep-2026,1499,83.26176860479987,1415.7382313952,1477.12294797462,1263.0455846234156,7.0,47.692646771784474,258,71.33177601089493,9,6,5,45,3,Yes,0,Paid Search,West
100988,Sep-2026,1299,100.57129920869383,1198.4287007913063,1234.3556697508418,1196.1501754932422,0.0,2.27852529806416,126,80.90721872151522,26,8,1,52,3,Yes,0,Paid Search,West
100989,Sep-2026,999,93.0481237675466,905.9518762324534,1026.928838906909,896.982549384452,0.0,8.969326848001415,78,32.736683309730545,15,12,2,6,0,Yes,0,Affiliate,West
100990,Sep-2026,699,93.64744122217792,605.3525587778221,727.8583245020275,450.5123912148183,,64.84016756300376,85,68.61018295829027,20,2,3,37,1,Yes,1,Referral,North
100991,Sep-2026,699,296.0730107868678,402.9269892131322,733.8633557350174,320.0641406565979,5.0,7.862848556534274,264,11.857763134998931,11,11,1,54,2,Yes,0,Affiliate,South
100992,Sep-2026,999,155.4493407741168,843.5506592258832,999.8772814319025,777.4826997959278,2.0,36.06795942995539,76,86.3981392231343,8,10,5,4,2,Yes,1,Affiliate,South
100993,Sep-2026,1299,177.0066467051531,1121.9933532948469,1273.8798229466809,907.2486085369867,10.0,64.74474475786012,195,54.70872520974078,15,6,1,19,1,Yes,0,Paid Search,West
100994,Sep-2026,699,95.14080437382604,603.8591956261739,714.2014840669865,539.8534738997487,1.0,49.00572172642519,67,29.13559465097156,8,12,4,47,1,No,0,Affiliate,South
100995,Sep-2026,1499,252.83271644617304,1246.167283553827,1534.4457810796973,1066.9801868432273,3.0,134.1870967105998,167,118.80805572187977,23,8,2,21,1,No,0,Paid Search,East
100996,Sep-2026,699,192.60675338867037,506.39324661132963,690.5552639254857,469.71305021186976,1.0,21.68019639945986,186,36.554821428669044,28,11,4,37,1,Yes,0,Organic,South
100997,Sep-2026,499,112.9285626780314,386.0714373219686,502.272705782774,250.57889910467077,2.0,105.49253821729778,116,55.13707753034043,21,10,3,43,2,Yes,0,Affiliate,South
100998,Sep-2026,499,40.11406711519717,458.88593288480286,515.0563500442321,276.3698849868346,6.0,92.51604789796824,184,31.930183525782844,30,14,1,18,0,No,1,Organic,North
100999,Sep-2026,1299,175.95557500822449,1123.0444249917755,1258.6237624899259,1016.7826956408114,4.0,46.26172935096401,107,50.91302410098318,22,10,4,42,3,Yes,1,Paid Search,South
101000,Sep-2026,999,219.081542704255,779.9184572957449,951.0952433033754,720.3177271851355,1.0,44.60073011060945,256,72.23721014604028,6,16,3,48,1,Yes,0,Referral,West
101001,Sep-2026,1299,32.53825940119843,1266.4617405988015,1304.1565766671145,1154.4389503005077,7.0,7.0227902982937565,79,34.094463101782054,10,11,4,36,3,Yes,0,Referral,East
101002,Sep-2026,1299,114.55264575610052,1184.4473542438996,1320.3545508175916,1016.7163913467461,3.0,122.73096289715338,122,42.770254168123465,16,10,5,51,1,Yes,0,Organic,East
101003,Sep-2026,1299,214.45926017531474,1084.5407398246853,1308.7389925806804,1023.065919409767,3.0,16.474820414918135,172,85.2947418292799,23,12,4,55,1,Yes,0,Affiliate,West
101004,Sep-2026,1299,38.51136685461208,1260.488633145388,1311.5021341910617,1074.8027656342235,11.0,20.68586751116446,238,7.174190566337726,21,11,2,37,3,No,0,Organic,West
101005,Oct-2026,1499,72.13773799081324,1426.8622620091867,1482.9746205753527,1167.921377847033,5.0,183.9408841621536,282,89.01286477583547,22,6,4,15,0,Yes,0,Affiliate,East
101006,Oct-2026,1499,195.22907299516817,1303.7709270048317,1521.7090596568194,1123.4450041614712,5.0,105.32592284336046,268,101.20317679568595,30,10,4,38,1,No,0,Paid Search,North
101007,Oct-2026,699,282.6022126621932,416.3977873378068,667.042500348889,324.6104523294459,3.0,46.78733500836091,277,19.99827770524917,9,7,4,59,2,Yes,0,Referral,West
101008,Oct-2026,499,412.2935774725401,86.70642252745989,481.5941136471392,-118.59294196100564,4.0,145.29936448846553,131,,14,4,4,55,0,Yes,0,Affiliate,East
101009,Oct-2026,1299,385.03857220405087,913.9614277959491,1291.830605319537,867.7953977600004,1.0,31.16603003594882,272,15.420326773855509,9,10,4,2,1,No,0,Referral,North
101010,Oct-2026,699,167.25233787792112,531.7476621220789,729.9648678036655,468.47699707373164,1.0,48.270665048347205,66,22.758767543341342,26,13,1,42,2,Yes,0,Organic,East
101011,Oct-2026,499,91.89277422216571,407.1072257778343,506.2101484174182,225.0126656200655,1.0,167.0945601577688,295,17.211559218174273,1,10,1,52,2,No,1,Referral,East
101012,Oct-2026,999,260.77467213250634,738.2253278674937,984.5423229283731,483.2271252449365,11.0,89.99820262255722,230,76.260167875728,15,10,5,31,4,No,0,Referral,North
101013,Oct-2026,1499,84.76884915316113,1414.2311508468388,1492.6980872484494,1044.4106066720733,13.0,174.8205441747656,183,44.87137525729466,6,15,1,6,1,No,0,Organic,West
101014,Oct-2026,499,58.54856580652182,440.4514341934782,516.2471577938147,250.49678426459718,7.0,84.95464992888097,88,62.06925621438417,23,12,3,19,1,Yes,0,Referral,West
101015,Oct-2026,999,113.36807371618795,885.631926283812,1003.2427201345216,779.0252976263446,4.0,46.60662865746744,202,95.53296146405584,27,9,2,38,0,Yes,0,Organic,South
101016,Oct-2026,499,98.31920397874717,400.68079602125283,476.4385561280602,276.9355291451352,0.0,123.7452668761176,219,,20,10,4,58,2,Yes,1,Referral,West
101017,Oct-2026,1499,199.51567476790507,1299.484325232095,1486.538180099213,1163.994174594281,7.0,30.490150637813976,219,136.8665686312453,14,9,4,15,0,Yes,0,Affiliate,West
101018,Oct-2026,1499,77.71180534387666,1421.2881946561233,1482.2156703140588,1308.3379935552684,2.0,82.95020110085483,108,108.334831899629,16,10,4,33,0,No,0,Organic,North
101019,Oct-2026,699,160.21464687573777,538.7853531242622,726.9522958470427,419.3389170758983,7.0,14.446436048363879,151,41.23155398391629,21,11,5,40,0,Yes,0,Paid Search,North
101020,Oct-2026,1299,341.39441416863843,957.6055858313616,1273.723003811552,752.2130234699965,9.0,70.3925623613651,87,69.10350308328778,12,13,5,26,0,No,0,Referral,East
101021,Oct-2026,499,164.65688568888572,334.3431143111143,477.27819086954213,99.3881385316933,12.0,54.95497577942099,208,140.14332534125612,18,10,3,53,2,No,0,Referral,North
101022,Oct-2026,499,332.00907457461335,166.99092542538665,491.75558100747423,65.51267380848995,0.0,101.4782516168967,292,36.54665482896636,20,7,4,30,2,Yes,0,Paid Search,North
101023,Oct-2026,999,294.24679212791386,704.7532078720861,953.4353708191852,521.958759164803,3.0,137.79444870728304,206,73.30209616995887,24,8,5,11,0,No,0,Referral,East
101024,Oct-2026,1499,221.04482840407593,1277.9551715959242,1548.810470017845,1240.0697583654128,0.0,37.885413230511475,153,167.5110342224972,22,10,4,46,3,No,0,Organic,East
101025,Oct-2026,499,107.50166520737756,391.4983347926225,503.5013241811102,238.17068442963415,7.0,48.32765036298834,58,79.3922150167705,7,9,1,1,1,Yes,0,Referral,South
101026,Oct-2026,1499,274.8609572818925,1224.1390427181075,1494.4094933658916,1132.9356527575608,6.0,1.2033899605467298,50,20.753514459036303,21,10,4,14,1,Yes,0,Paid Search,North
101027,Oct-2026,499,120.00300976343115,378.9969902365689,492.0062674828391,254.08258347965216,5.0,49.91440675691672,257,9.873187042146899,8,11,3,58,0,Yes,0,Affiliate,South
101028,Oct-2026,699,149.75884139676467,549.2411586032354,693.244207127611,503.38829426421205,0.0,45.852864339023284,151,24.664424806458204,18,14,3,10,0,Yes,0,Organic,South
101029,Oct-2026,1299,189.62384089987128,1109.3761591001287,1336.3905490190098,964.8428643914895,,84.5332947086393,136,43.502871058264,16,8,5,59,1,Yes,0,Organic,South
101030,Oct-2026,499,149.3559033127822,349.6440966872178,483.0327360240225,245.38992832363908,1.0,89.25416836357873,172,158.20664128196898,9,11,4,17,8,No,0,Referral,West
101031,Oct-2026,1499,63.56787379073556,1435.4321262092644,1434.7586705304723,1327.0490688695488,6.0,18.383057339715595,249,99.02766638514902,13,13,3,11,0,Yes,1,Affiliate,East
101032,Oct-2026,699,33.25186979794432,665.7481302020557,703.3145761316516,500.1186100900982,9.0,30.629520111957547,96,36.03007409909632,29,7,1,42,1,No,0,Paid Search,North
101033,Oct-2026,499,265.0959516390575,233.9040483609425,516.9094200868062,232.3336776487107,0.0,1.5703707122317923,125,21.792973489533942,28,7,5,15,0,Yes,0,Referral,South
101034,Oct-2026,999,218.4410552167633,780.5589447832367,1005.2174555664046,560.4123827430053,8.0,100.14656204023137,59,21.581494674073696,27,7,1,12,4,Yes,0,Referral,East
101035,Oct-2026,1299,56.473319099561024,1242.526680900439,1337.4705387955357,1107.3824143562335,6.0,45.144266544205436,193,188.79983497835067,27,12,3,3,1,Yes,1,Referral,East
101036,Nov-2026,499,60.385518055577194,438.6144819444228,518.5986785759384,325.40464488500936,5.0,38.20983705941342,224,19.205797234157387,11,15,5,22,1,No,0,Paid Search,West
101037,Nov-2026,699,171.48785151280615,527.5121484871938,669.4244607455386,364.8877500427834,3.0,117.6243984444104,92,88.20701589303289,26,18,4,50,0,Yes,0,Organic,North
101038,Nov-2026,999,203.10868242726815,795.8913175727319,1007.90909846206,633.3390271761837,3.0,117.5522903965482,201,84.81600882010584,19,8,2,56,0,No,0,Paid Search,South
101039,Nov-2026,699,32.21443907605101,666.785560923949,722.2597219999177,431.42703067266035,1.0,220.35853025128864,280,40.51606461627871,23,10,4,59,4,Yes,1,Paid Search,West
101040,Nov-2026,699,139.2913600149094,559.7086399850906,709.033432866727,475.4824933563076,1.0,69.22614662878297,185,17.70464819170002,21,9,4,26,1,Yes,0,Organic,East
101041,Nov-2026,999,214.75855143047573,784.2414485695242,1008.1447108544945,592.9523306001496,,11.289117969374601,124,69.99737015943016,6,8,1,39,2,Yes,0,Referral,South
101042,Nov-2026,699,107.81858377208637,591.1814162279136,719.1364899819635,540.2236684068125,0.0,50.957747821101044,154,150.29949200234282,29,9,4,43,0,No,0,Referral,North
101043,Nov-2026,999,180.69955781212724,818.3004421878727,1019.7056745940336,691.8385830255247,6.0,36.461859162348034,75,15.607057952225512,28,6,2,50,1,Yes,0,Paid Search,West
101044,Nov-2026,499,91.49377415466277,407.5062258453372,499.0809782056134,406.9686822989635,0.0,0.5375435463737617,56,52.83178209594472,8,7,5,49,2,Yes,0,Paid Search,South
101045,Nov-2026,999,259.1035622039426,739.8964377960574,953.4489357146999,589.3026472966059,5.0,75.59379049945149,128,81.74081101022382,17,9,5,23,1,Yes,0,Organic,East
101046,Nov-2026,999,54.08571433604746,944.9142856639526,1010.3223760179991,849.4458677719065,2.0,65.46841789204603,64,143.90980062804292,6,16,2,16,2,Yes,1,Paid Search,South
101047,Nov-2026,1299,12.95061130867441,1286.0493886913255,1261.7414615107612,1197.6558955398364,3.0,43.393493151489174,225,7.437613830514095,27,5,1,55,1,Yes,0,Referral,West
101048,Nov-2026,999,153.47122368738607,845.5287763126139,974.4332287354276,759.0719038562727,4.0,26.45687245634116,180,74.93508774716841,3,7,2,3,1,Yes,1,Organic,East
101049,Nov-2026,999,22.023116674619473,976.9768833253805,1016.9364406540142,861.4247659136375,1.0,100.55211741174296,193,141.90545002259648,22,8,5,30,1,Yes,0,Referral,South
101050,Nov-2026,499,102.61334256753483,396.3866574324652,496.6594404308016,330.68598728188783,4.0,5.700670150577338,256,88.59866160721428,7,9,2,58,2,Yes,0,Referral,North
101051,Nov-2026,1299,280.04823576648164,1018.9517642335184,1327.159713097033,866.2044624266839,9.0,17.74730180683448,138,29.912147875701915,27,9,1,13,2,Yes,0,Organic,West
101052,Nov-2026,1499,31.89306221270175,1467.1069377872982,1482.89456376193,1379.100319309852,0.0,88.00661847744621,146,54.605391858496546,17,9,4,8,2,No,0,Affiliate,West
101053,Nov-2026,499,10.038189910057525,488.96181008994245,517.4645803524224,238.04343296502208,8.0,130.91837712492037,191,97.7483797989828,28,5,4,24,2,Yes,0,Organic,West
101054,Nov-2026,499,52.588946766047016,446.411053233953,495.36070862926397,307.80002933011536,1.0,123.61102390383765,265,102.56777925603988,14,10,5,5,3,Yes,1,Referral,West
101055,Nov-2026,1499,47.20192423070456,1451.7980757692953,1498.0741283046223,1407.56498127642,1.0,29.23309449287535,295,87.51066472397753,6,8,1,7,2,Yes,0,Organic,North
101056,Nov-2026,999,132.9466246603747,866.0533753396253,961.6643858036016,724.905572782691,6.0,51.14780255693432,252,58.714927322860134,7,14,4,51,1,No,0,Organic,East
101057,Nov-2026,699,18.781591957683986,680.218408042316,699.2491976396753,638.3776584819916,1.0,26.840749560324465,52,46.682554482095185,27,8,4,54,1,Yes,0,Paid Search,North
101058,Nov-2026,1299,209.7823370707386,1089.2176629292615,1265.2000567585212,973.3372303317688,4.0,55.88043259749278,122,107.74476353978598,0,9,4,51,1,Yes,0,Affiliate,North
101059,Nov-2026,699,227.54809573892584,471.45190426107416,717.3823595145884,372.3140355220264,4.0,39.13786873904775,247,70.67927262526413,10,12,3,27,2,Yes,0,Affiliate,South
101060,Nov-2026,1499,2.9989740738642467,1496.0010259261358,1531.0852818404478,1365.6487105680308,7.0,25.35231535810496,80,56.06604522330896,9,8,4,12,0,Yes,1,Paid Search,South
101061,Nov-2026,499,75.82840524619348,423.1715947538065,474.8405737391771,201.60367110083234,5.0,146.5679236529742,168,27.558516485952985,4,11,3,41,0,Yes,0,Referral,South
101062,Nov-2026,499,87.23313119536968,411.76686880463035,498.691225011003,289.96852915480815,4.0,61.79833964982219,257,26.076691098337005,29,7,2,55,1,Yes,0,Referral,South
101063,Nov-2026,1299,130.19911663603898,1168.800883363961,1239.9466807813674,1117.0480684198171,3.0,6.752814944143978,124,47.83745663621574,24,16,5,49,0,Yes,1,Organic,South
101064,Nov-2026,499,279.9220220380418,219.0779779619582,502.45713005247893,106.77086520500706,4.0,52.307112756951135,291,78.53598193242838,1,12,5,56,1,Yes,1,Affiliate,North
101065,Nov-2026,499,286.837609800313,212.16239019968702,519.0417824513163,80.46264756795006,5.0,,66,74.54911032339848,21,5,3,25,0,Yes,0,Organic,West
101066,Dec-2026,1299,449.8640863398944,849.1359136601056,1346.6952367846159,694.003984192018,9.0,20.131929468087655,226,71.33296675069602,1,11,1,42,1,Yes,1,Paid Search,North
101067,Dec-2026,1299,122.32487149850141,1176.6751285014986,1265.7215802226904,1034.88474168817,2.0,111.79038681332864,52,53.67002784486136,18,10,3,50,0,Yes,0,Organic,East
101068,Dec-2026,1499,39.08451322180453,1459.9154867781954,1445.0530609013222,1363.6433320729718,0.0,96.27215470522347,172,101.18194164282109,15,9,4,33,1,Yes,0,Referral,South
101069,Dec-2026,499,367.68110172899804,131.31889827100196,513.5241173315151,-31.42198811064455,,87.7408863816465,260,114.89328247815992,10,8,1,15,0,Yes,0,Affiliate,East
101070,Dec-2026,499,66.08403813322019,432.9159618667798,501.3045193323559,293.7677489565125,9.0,4.148212910267297,265,19.19694142968003,13,10,5,31,2,Yes,1,Paid Search,West
101071,Dec-2026,1499,364.9518077004848,1134.0481922995152,1487.5819981681873,955.3918316552508,3.0,133.6563606442644,104,31.753496703324924,21,8,2,11,3,Yes,0,Referral,South
101072,Dec-2026,999,167.68215277718937,831.3178472228107,1030.0187171764442,764.3464696827606,1.0,51.97137754005011,160,185.84977471537553,4,8,2,36,0,Yes,1,Referral,West
101073,Dec-2026,999,172.09593276270533,826.9040672372946,974.2758995443938,551.817979833652,10.0,125.08608740364265,283,45.48771997611074,3,12,3,57,1,Yes,0,Referral,South
101074,Dec-2026,999,3.575758334336456,995.4242416656635,971.4883733826703,967.2828070068284,1.0,13.141434658835081,249,46.51439984088836,22,7,3,6,2,No,1,Referral,North
101075,Dec-2026,1499,95.86041359948439,1403.1395864005156,1515.7785904231523,1312.3807134709864,1.0,75.75887292952926,290,25.62344973275614,29,11,3,59,1,Yes,1,Referral,West
101076,Dec-2026,499,359.6851631651887,139.31483683481127,487.6520012221451,66.51482646005198,4.0,12.800010374759296,149,102.99462512311801,18,10,3,45,0,Yes,1,Paid Search,South
101077,Dec-2026,1499,144.2780237710528,1354.7219762289471,1488.0258507073613,1124.5451976615118,6.0,140.17677856743524,89,217.05244882886947,28,10,5,26,2,Yes,0,Referral,South
101078,Dec-2026,1499,96.6601166147754,1402.3398833852245,1492.2267019043545,1262.6262990364337,7.0,34.71358434879089,171,25.68355818006391,9,3,4,8,2,No,0,Referral,North
101079,Dec-2026,999,198.68630356550833,800.3136964344917,969.5318755111693,792.4688992574967,0.0,7.844797176995044,243,107.49967310534697,22,11,5,39,1,Yes,0,Referral,South
101080,Dec-2026,699,126.93388796368114,572.0661120363188,668.3617631563769,245.13813245171286,11.0,161.92797958460596,264,22.565600581004823,27,8,2,37,1,Yes,0,Affiliate,West
101081,Dec-2026,499,191.41813797677293,307.5818620232271,512.3072329068684,279.99372055312335,0.0,27.5881414701037,89,96.70736806372085,8,11,2,37,1,Yes,1,Referral,North
101082,Dec-2026,999,48.03104014080944,950.9689598591906,1027.3303807251907,769.2263967668467,6.0,91.74256309234383,79,23.011255015261863,17,16,2,48,3,Yes,1,Organic,South
101083,Dec-2026,699,140.74168216702736,558.2583178329726,705.8760334345933,373.13476829141626,4.0,125.12354954155632,74,6.836449547080089,30,8,4,30,0,Yes,0,Paid Search,West
101084,Dec-2026,699,73.07084814711376,625.9291518528862,674.4378081096343,500.5697270984904,7.0,20.359424754395775,56,184.42375820015488,4,7,4,38,2,Yes,0,Paid Search,West
101085,Dec-2026,1299,66.47599688336129,1232.5240031166386,1295.9100986537055,1073.768300317936,5.0,83.75570279870254,141,35.143151237995994,16,9,1,16,1,No,0,Organic,North
101086,Dec-2026,499,207.8349344697222,291.1650655302778,482.92717829117,121.59028026085443,5.0,94.57478526942336,154,13.126907921442315,22,9,4,15,2,Yes,0,Referral,West
101087,Dec-2026,699,1.947259013333337,697.0527409866667,725.6510146489718,548.2545148903315,5.0,73.79822609633516,227,58.756038525860845,17,10,2,38,1,No,0,Paid Search,East
101088,Dec-2026,999,130.23108838750775,868.7689116124923,1018.7091333456441,642.9241678780724,10.0,75.84474373441991,172,79.34301688571834,26,10,4,53,0,Yes,0,Referral,South
101089,Dec-2026,1299,261.12818949934933,1037.8718105006506,1238.125817070264,941.1845884402534,5.0,21.687222060397175,130,110.5601349976807,20,10,4,8,1,No,0,Affiliate,East
101090,Dec-2026,499,29.737614784851587,469.2623852151484,474.1331288703361,154.64770578063735,9.0,179.61467943451106,145,43.59716767199602,0,10,4,35,2,Yes,0,Organic,West
101091,Dec-2026,1499,222.56209163395224,1276.4379083660478,1571.5157616432602,1082.1483471245012,5.0,119.28956124154655,50,41.56537162558542,13,9,3,9,0,No,0,Paid Search,South
101092,Dec-2026,999,114.02238516376049,884.9776148362395,953.0307053254986,799.8514759631569,0.0,85.1261388730826,140,35.53866192114812,26,4,4,21,0,Yes,0,Paid Search,South
101093,Dec-2026,699,34.017191888752336,664.9828081112477,724.5735951445172,431.6765495880327,8.0,113.30625852321492,221,54.525685012184866,13,10,3,41,3,Yes,0,Referral,East
101094,Dec-2026,699,392.7507946663282,306.2492053336718,730.8615123707519,160.65032506161978,4.0,85.59888027205201,277,85.57578518535873,13,14,2,5,0,No,0,Organic,East
101095,Dec-2026,999,149.93324450941978,849.0667554905802,979.8295603561257,823.1888351107536,1.0,10.877920379826598,226,65.77117711911217,0,8,1,19,2,No,0,Affiliate,North
101096,Dec-2026,699,81.82885325079107,617.1711467492089,701.805545564571,422.2888689836316,5.0,119.88227776557731,56,34.422700371593685,3,12,5,57,1,Yes,0,Affiliate,South
101097,Jan-2027,1299,56.374449316031786,1242.6255506839682,1318.1483208085451,1115.418939289923,6.0,37.20661139404532,169,52.48248594209638,22,10,1,48,1,No,0,Paid Search,East
101098,Jan-2027,499,255.73949621240357,243.26050378759643,500.0192982880356,189.7873789892126,3.0,8.473124798383829,180,16.95119309465695,6,9,5,16,2,Yes,1,Referral,South
101099,Jan-2027,1299,76.55325282439063,1222.4467471756093,1261.7841909280755,1072.376180023293,9.0,15.070567152316137,143,,23,14,2,18,1,Yes,0,Referral,North
101100,Jan-2027,699,240.78217182492307,458.21782817507693,704.6782946424892,392.83541707094037,3.0,20.382411104136537,178,39.899508499866215,11,11,3,12,1,No,0,Referral,East
101101,Jan-2027,1499,149.70242026522072,1349.2975797347792,1462.8247594138627,1171.5193671496645,8.0,57.7782125851146,228,111.16437084737245,12,12,4,16,0,Yes,0,Affiliate,West
101102,Jan-2027,499,283.9425677320618,215.05743226793822,482.28461400286517,122.7759899502386,3.0,47.28144231769963,147,58.82067526793532,24,7,3,5,1,Yes,0,Referral,North
101103,Jan-2027,499,24.895266302053926,474.1047336979461,499.2756506045267,225.9434284803247,15.0,23.16130521762136,215,45.07014642261711,14,7,5,3,1,Yes,0,Organic,South
101104,Jan-2027,999,41.63241130847946,957.3675886915205,986.2126826852063,707.9566544474553,5.0,174.41093424406512,92,49.96812480831221,19,11,4,7,1,No,0,Paid Search,West
101105,Jan-2027,999,116.27936231639177,882.7206376836082,951.788232497103,640.563581682734,9.0,,232,44.56677941550507,1,13,5,52,1,Yes,0,Referral,West
101106,Jan-2027,1499,126.23202029702689,1372.7679797029732,1566.4066981441172,1243.4475961972262,1.0,114.3203835057471,234,20.287618540702283,25,10,5,32,2,Yes,0,Affiliate,North
101107,Jan-2027,499,107.45315655635873,391.54684344364125,476.02387515763684,185.76859522045984,4.0,145.7782482231814,102,84.46959134119726,27,6,4,31,0,No,0,Organic,North
101108,Jan-2027,1499,465.77284865118213,1033.2271513488179,1559.403078085654,870.7379048690807,6.0,72.48924647973723,277,4.177914546171814,30,10,1,14,5,Yes,0,Paid Search,North
101109,Jan-2027,999,397.58964052222893,601.4103594777711,968.0046575740809,482.9444473105989,7.0,13.46591216717215,210,34.89092795225449,13,6,1,24,0,Yes,1,Paid Search,North
101110,Jan-2027,999,185.8866089785252,813.1133910214749,963.2220460581876,765.9920931008883,2.0,17.121297920586557,284,27.03065440173416,29,17,5,48,1,Yes,0,Referral,South
101111,Jan-2027,499,200.0366488860549,298.9633511139451,477.50128128700675,237.904244890752,3.0,16.059106223193098,257,35.552212729115205,11,16,2,33,2,Yes,0,Affiliate,North
101112,Jan-2027,1299,121.62813839045029,1177.3718616095498,1289.349044708305,987.4912133257349,5.0,114.88064828381498,239,83.14468089753964,12,5,3,5,4,No,1,Affiliate,West
101113,Jan-2027,699,24.02093597782431,674.9790640221756,705.0716870425041,575.0795112946771,5.0,24.899552727498488,151,45.39005672064599,13,13,1,8,1,No,0,Paid Search,West
101114,Jan-2027,999,128.15133113336975,870.8486688666303,1039.3330849403726,623.6211769677475,2.0,217.22749189888276,188,50.547293059234356,28,6,4,2,2,No,0,Referral,North
101115,Jan-2027,999,242.53413017544645,756.4658698245536,1027.3464783235245,674.2332005564682,4.0,22.232669268085388,249,79.81745374412999,25,3,5,54,1,Yes,0,Affiliate,North
101116,Jan-2027,1299,306.6752113881611,992.3247886118389,1254.7851099633817,784.4924239152446,4.0,147.83236469659437,229,75.76589269534949,2,9,3,39,3,No,0,Affiliate,North
101117,Jan-2027,1299,269.48501046272463,1029.5149895372754,1255.8375906349731,866.2509364377493,1.0,148.26405309952605,50,71.90190071853036,24,3,3,38,0,No,1,Organic,North
101118,Jan-2027,1499,31.172915178505377,1467.8270848214947,1425.2732390270548,1262.8787768344316,7.0,99.94830798706317,63,51.18581384709683,26,6,5,42,2,No,0,Paid Search,West
101119,Jan-2027,1499,115.29267862155442,1383.7073213784456,1527.1544472579574,1129.0615544799107,,179.64576689853482,271,106.57643144262622,12,8,3,35,2,Yes,0,Referral,North
101120,Jan-2027,699,26.264107783919087,672.7358922160809,665.2718007603718,428.4346849051002,14.0,34.301207310980644,262,26.266603104581385,7,9,2,38,1,Yes,1,Organic,South
101121,Jan-2027,699,290.26122688832623,408.73877311167377,673.7345359008257,318.4773778941264,2.0,60.261395217547374,171,45.103814575343364,15,13,5,55,2,No,1,Referral,North
101122,Jan-2027,499,100.51387262396008,398.4861273760399,505.7139862243208,210.53200515037588,8.0,67.95412222566401,70,36.30415172468232,5,12,3,51,0,No,0,Affiliate,South
101123,Jan-2027,1499,144.34678612427604,1354.6532138757238,1446.5752142851438,1182.443584338042,5.0,97.20962953768179,83,37.85855761685892,10,7,3,58,0,No,0,Paid Search,North
101124,Jan-2027,999,207.60603216060022,791.3939678393998,964.3563522693257,515.8766336227488,12.0,95.51733421665091,279,23.418990749936892,28,10,1,34,2,Yes,0,Organic,South
101125,Jan-2027,1499,481.9367903774279,1017.0632096225721,1459.1270705484176,960.5541315987745,1.0,41.50907802379766,267,91.99802711203728,14,11,3,51,1,Yes,0,Paid Search,East
101126,Jan-2027,999,182.19299277474315,816.8070072252568,987.5375551447676,698.1481233462184,0.0,118.65888387903838,154,77.3089483015313,18,10,3,30,0,Yes,0,Affiliate,South
101127,Jan-2027,1299,121.40747546324978,1177.5925245367503,1235.0718060843928,1142.3457854025926,1.0,20.246739134157636,63,44.11210102452826,25,10,1,49,0,Yes,0,Paid Search,West
101128,Feb-2027,1499,1.0749454555632099,1497.9250545444368,1535.8847543948664,1261.1589351395303,,206.7661194049065,295,68.86094932091363,23,13,5,23,2,Yes,0,Referral,East
101129,Feb-2027,1299,325.03673382037266,973.9632661796273,1334.569704375831,883.7207688240647,2.0,60.242497355562605,217,95.89768809325273,28,8,1,4,3,Yes,0,Affiliate,East
101130,Feb-2027,699,128.20362428435095,570.796375715649,689.6854216580309,419.63463910293694,,91.16173661271208,171,139.6865798060872,1,10,4,35,3,Yes,0,Referral,South
101131,Feb-2027,699,348.85709579132396,350.14290420867604,719.838854513118,71.06319577573541,7.0,174.07970843294063,212,15.374679865135734,10,11,4,14,0,Yes,0,Organic,East
101132,Feb-2027,499,282.67357355384684,216.32642644615316,488.26010434773895,50.97179146576207,7.0,60.354634980391104,219,46.4046569176558,19,11,2,22,4,Yes,0,Referral,East
101133,Feb-2027,1499,94.4452676869834,1404.5547323130165,1571.8054488799646,1141.7822100182009,6.0,172.77252229481567,131,114.92610997043406,19,8,3,30,1,Yes,1,Organic,West
101134,Feb-2027,1299,17.07314170270851,1281.9268582972916,1285.7154179862862,1185.2751646486022,0.0,96.6516936486893,197,192.65924912092956,8,10,4,3,2,Yes,0,Affiliate,West
101135,Feb-2027,999,182.7082940644328,816.2917059355672,1015.8647715397263,674.4852438904367,3.0,96.80646204513046,109,64.51186332453435,23,12,5,11,1,No,0,Affiliate,West
101136,Feb-2027,699,76.21157654740779,622.7884234525923,686.5889754767246,601.655530399706,0.0,21.13289305288629,186,90.21788321160261,22,6,5,10,0,No,1,Paid Search,East
101137,Feb-2027,699,154.7215010947567,544.2784989052433,695.5630763228141,405.76168268008473,0.0,138.51681622515858,282,2.137153610479482,3,9,4,3,0,Yes,0,Paid Search,North
101138,Feb-2027,999,275.8859528225205,723.1140471774795,1013.4939268814599,706.6253023352999,1.0,1.4887448421796137,164,66.99183209114058,22,9,1,41,0,Yes,0,Paid Search,West
101139,Feb-2027,1299,48.42985387498004,1250.57014612502,1279.193501348437,1050.480887299076,11.0,35.0892588259442,286,42.86843146853095,16,5,2,48,3,Yes,0,Affiliate,North
101140,Feb-2027,1299,181.75366128818567,1117.2463387118144,1319.3413426120424,816.5104629249329,10.0,150.73587578688142,82,84.18460924158344,26,9,1,50,2,Yes,0,Paid Search,West
101141,Feb-2027,1499,241.1515429062884,1257.8484570937117,1445.9376178262673,1087.1877589400613,10.0,20.66069815365035,98,145.39291532589374,23,10,2,5,0,Yes,0,Organic,South
101142,Feb-2027,1499,246.97326741072757,1252.0267325892723,1496.5645074406,1129.2035742206149,3.0,77.82315836865749,245,50.7787295492873,7,14,4,58,2,No,0,Affiliate,South
101143,Feb-2027,499,13.625060542490758,485.37493945750924,487.66567064559234,379.6847297924652,4.0,45.69020966504402,53,48.89836223761589,24,10,1,15,1,Yes,0,Organic,North
101144,Feb-2027,699,200.32037637287564,498.67962362712433,728.3599847293227,450.1995330092425,0.0,48.480090617881814,172,31.925053673831627,24,9,4,58,2,Yes,0,Affiliate,West
101145,Feb-2027,1499,294.4243898288031,1204.5756101711968,1547.6730830774059,1151.5324009913277,1.0,38.043209179869,225,4.419895079698569,15,6,2,48,2,Yes,0,Paid Search,South
101146,Feb-2027,1299,191.1880558080091,1107.811944191991,1297.365801159504,1029.9178320499273,3.0,,65,34.11335798731914,0,13,5,50,0,Yes,1,Referral,West
101147,Feb-2027,999,136.1166952669756,862.8833047330244,994.379631392992,679.2718513986181,6.0,93.61145333440632,224,14.282930539678937,30,12,1,6,4,Yes,0,Paid Search,South
101148,Feb-2027,1299,286.75355286881324,1012.2464471311868,1342.3851975478315,791.5167030318415,8.0,100.7297440993452,75,15.881140832362066,9,16,4,4,2,No,0,Organic,West
101149,Feb-2027,699,66.6817427473404,632.3182572526596,712.3124635902576,628.8772502819068,0.0,3.441006970752774,119,67.82184774561232,6,8,2,23,0,Yes,0,Referral,West
101150,Feb-2027,1299,33.579948984392416,1265.4200510156077,1322.8133462576702,1205.8031452527628,3.0,14.616905762845008,86,18.204618009096635,14,11,5,45,1,No,0,Paid Search,North
101151,Feb-2027,499,125.92826220828822,373.07173779171177,501.4079006400379,160.0324388143045,6.0,123.03929897740726,199,54.13725227838522,0,10,1,1,1,No,0,Affiliate,North
101152,Feb-2027,699,214.20542300447983,484.7945769955202,724.3289307433811,365.89759553021986,6.0,28.896981465300307,283,178.19757953473484,21,4,2,56,1,Yes,0,Affiliate,West
101153,Feb-2027,999,274.67241137237204,724.327588627628,967.9810095341747,636.9198167435266,2.0,57.40777188410146,280,37.71001765393948,15,8,1,34,1,Yes,1,Paid Search,North
101154,Feb-2027,499,213.66030890015188,285.3396910998481,517.0581172413293,219.8119118529802,3.0,20.527779246867922,56,15.965747133586985,20,14,1,15,2,No,1,Organic,North
101155,Feb-2027,699,250.29852824698293,448.7014717530171,700.4498059446856,388.77928869090226,1.0,44.92218306211484,219,150.5775028449651,26,11,3,4,0,Yes,0,Organic,East
101156,Mar-2027,999,275.43737161247515,723.5626283875249,1011.1206165373743,643.4683340830818,4.0,20.094294304443068,79,22.67755581013609,1,10,4,27,4,Yes,0,Affiliate,North
101157,Mar-2027,499,109.27475924422673,389.72524075577326,522.0748253952811,373.12330129220885,1.0,1.601939463564392,123,35.256374551684296,28,4,3,13,4,Yes,0,Organic,North
101158,Mar-2027,499,132.2472837710892,366.7527162289108,495.2327131785949,190.61824969503357,11.0,11.134466533877259,170,102.040243139936,2,8,1,55,4,Yes,0,Organic,North
101159,Mar-2027,699,304.4601351779851,394.5398648220149,710.7454407744046,200.47717476876483,5.0,119.06269005325007,256,19.641200462684203,14,12,2,46,2,No,0,Referral,North
101160,Mar-2027,1499,4.781157092317528,1494.2188429076825,1502.3172918667983,1317.8518495824462,8.0,56.366993325236265,55,,23,10,4,47,1,Yes,0,Referral,North
101161,Mar-2027,499,201.4959433826754,297.50405661732464,520.5371306086656,181.1695223936312,3.0,71.33453422369342,73,18.616729593383067,17,10,2,40,0,Yes,0,Organic,East
101162,Mar-2027,499,63.99494052995745,435.00505947004257,498.3835126825333,342.85501449556295,4.0,32.15004497447959,243,101.04947963518009,14,14,2,32,2,No,0,Affiliate,West
101163,Mar-2027,999,282.0313923877163,716.9686076122837,974.6375818872356,510.26760816123294,3.0,161.70099945105076,217,17.88154340841379,26,7,5,9,2,No,0,Referral,North
101164,Mar-2027,1299,147.84774233098324,1151.1522576690168,1296.7570251908119,993.794658902631,3.0,112.35759876638586,170,74.35379906849901,3,6,1,37,0,Yes,0,Paid Search,East
101165,Mar-2027,699,150.91127224537487,548.0887277546251,728.1313475129805,423.89143826615816,5.0,49.197289488466964,293,46.94228067577955,2,8,2,25,0,No,1,Referral,East
101166,Mar-2027,699,357.4655864876023,341.5344135123977,699.0499493836488,291.3762380355285,3.0,5.158175476869182,192,31.278441474842563,27,6,1,57,1,Yes,0,Paid Search,West
101167,Mar-2027,1499,20.874866466162445,1478.1251335338375,1445.956565390921,1399.238179376202,2.0,48.886954157635614,230,46.1221602107447,6,7,3,3,0,Yes,0,Organic,East
101168,Mar-2027,1499,175.89833678623236,1323.1016632137676,1505.236972272003,1227.9597527860833,6.0,5.141910427684181,134,35.675716818077476,23,9,3,39,3,No,0,Paid Search,West
101169,Mar-2027,699,128.38486426826148,570.6151357317385,691.1431897549521,342.95326912207366,7.0,122.66186660966486,259,26.17065042485348,19,10,2,40,0,Yes,0,Organic,West
101170,Mar-2027,1499,213.88935792516372,1285.1106420748363,1521.4511267547643,1086.5152881106847,9.0,63.59535396415163,182,8.026548279549589,21,6,1,16,3,Yes,0,Affiliate,South
101171,Mar-2027,999,381.51969440267357,617.4803055973264,973.1610666951515,447.947981574344,9.0,34.532324022982394,138,19.25682955637743,18,11,5,17,0,Yes,0,Organic,West
101172,Mar-2027,699,77.3710188089781,621.6289811910219,686.5782978141636,418.1571917203409,5.0,128.47178947068102,85,58.68396598982444,22,6,4,27,1,No,1,Organic,West
101173,Mar-2027,1499,6.312274517514595,1492.6877254824853,1501.4846166899947,1418.49905445843,2.0,44.18867102405544,251,39.83373978716164,7,6,3,10,1,Yes,0,Referral,West
101174,Mar-2027,699,52.88070891815926,646.1192910818407,672.3178699235859,557.3603051081968,4.0,28.758985973643867,292,73.31030915010082,6,10,3,53,1,Yes,0,Paid Search,West
101175,Mar-2027,1299,122.06183013348974,1176.9381698665102,1261.394659495554,1092.0982367020274,1.0,69.83993316448286,223,54.00681610481275,3,6,5,1,1,No,0,Affiliate,East
101176,Mar-2027,499,157.70770004439922,341.2922999556008,514.036931771878,197.59746238404625,7.0,38.69483757155455,200,2.4344663519625853,29,16,2,51,0,Yes,1,Referral,North
101177,Mar-2027,699,163.74345549438988,535.2565445056101,729.7014411583135,231.8881243675189,7.0,198.3684201380912,137,67.80250083743191,9,9,3,50,1,Yes,0,Organic,North
101178,Mar-2027,499,366.319314141052,132.68068585894798,522.4298083812255,-4.441202969765882,4.0,77.12188882871386,94,16.53628299828376,27,11,3,29,0,Yes,0,Referral,South
101179,Mar-2027,1499,344.980685358581,1154.019314641419,1564.5455224958866,1033.8011069365486,2.0,90.21820770487025,59,50.10942177166987,24,12,4,18,0,Yes,0,Organic,North
101180,Mar-2027,499,306.3535786880352,192.6464213119648,521.0567624538913,-18.357416071157616,12.0,31.003837383122388,103,10.90961969940168,9,12,5,52,0,Yes,0,Paid Search,East
101181,Mar-2027,699,451.73263639408106,247.26736360591894,721.4443600513297,47.6293406898381,5.0,124.63802291608084,119,,14,18,5,32,3,No,0,Organic,East
101182,Mar-2027,1299,248.89181479951577,1050.1081852004843,1329.6063332348533,1015.8893385702577,2.0,4.218846630226722,254,85.58053140317338,23,6,1,37,0,Yes,0,Organic,East
101183,Mar-2027,1499,283.0026100215168,1215.9973899784832,1458.8026231808662,1182.2759445265235,0.0,33.72144545195968,134,41.40797319060664,21,11,5,43,1,Yes,0,Referral,West
101184,Mar-2027,699,246.57246262725192,452.4275373727481,694.9269413311105,381.27002615416717,2.0,41.15751121858089,81,83.25628446723361,17,21,4,33,1,Yes,0,Organic,East
101185,Mar-2027,1499,226.9086376552544,1272.0913623447457,1483.7050584637877,1134.7228457478363,2.0,107.36851659690939,92,20.574693750857683,9,10,5,59,4,No,0,Paid Search,South
101186,Mar-2027,999,197.327582901941,801.672417098059,1022.0113158768492,705.4149478051513,2.0,66.25746929290764,167,29.272690626522355,22,9,1,22,0,No,0,Affiliate,East
101187,Apr-2027,499,102.37715461016154,396.62284538983846,497.77177925234605,204.31270622767738,4.0,132.31013916216108,170,96.17238120443709,8,5,4,43,3,No,0,Paid Search,West
101188,Apr-2027,999,0.3866102594562335,998.6133897405438,985.031344794937,842.0688595424748,2.0,126.54453019806893,64,1.101427546782839,24,8,3,11,3,No,1,Organic,North
101189,Apr-2027,699,134.3215237245464,564.6784762754536,720.9538396547288,401.93100845977347,1.0,147.74746781568012,115,42.68027302282846,24,8,2,37,1,Yes,0,Paid Search,West
101190,Apr-2027,1299,217.8928439606476,1081.1071560393525,1331.46283983332,944.0692648714798,6.0,47.03789116787277,299,64.1903191262122,8,14,3,29,1,Yes,0,Organic,West
101191,Apr-2027,1499,158.67142811687881,1340.3285718831212,1479.335699862841,1040.0035872295866,12.0,120.32498465353467,192,33.71043272471524,21,11,1,20,3,No,0,Organic,North
101192,Apr-2027,499,22.159716705689277,476.8402832943107,494.97410530167895,437.1346370710661,,24.705646223244656,164,114.8293732964775,15,14,4,22,4,Yes,0,Paid Search,East
101193,Apr-2027,1499,130.0940340019946,1368.9059659980053,1557.938908911203,1255.766769704966,0.0,113.13919629303935,130,137.26722859977878,16,6,3,32,2,No,0,Referral,South
101194,Apr-2027,699,123.83966297002345,575.1603370299765,715.2642288897744,446.17222842375816,8.0,8.988108606218397,69,67.65248756686408,15,7,1,50,2,Yes,1,Affiliate,South
101195,Apr-2027,1499,142.5174429637464,1356.4825570362536,1527.4783893155934,1248.320706961885,2.0,78.16185007436864,227,16.67385976489846,29,10,3,8,1,Yes,0,Affiliate,East
101196,Apr-2027,499,208.9098418711991,290.0901581288009,509.5640117821327,87.27519717939549,2.0,172.81496094940542,55,84.35341297128365,5,8,2,22,2,No,0,Organic,East
101197,Apr-2027,699,234.75096442923626,464.24903557076374,671.2009640375142,234.6141292532945,7.0,124.63490631746924,128,172.5872410248159,4,12,3,15,1,Yes,0,Referral,East
101198,Apr-2027,1499,89.9938258830537,1409.0061741169463,1508.5188768777286,1355.224065527858,2.0,23.78210858908821,174,52.01102745818677,6,9,3,35,1,No,0,Referral,North
101199,Apr-2027,1299,267.73454256150166,1031.2654574384983,1271.851041359256,990.1547330195567,0.0,41.1107244189416,194,44.39156812185519,12,15,3,16,0,Yes,0,Affiliate,North
101200,Apr-2027,699,285.7965743601975,413.2034256398025,669.979816685472,256.096196206462,3.0,,169,21.898489409740403,7,7,1,52,0,Yes,1,Organic,South
101201,Apr-2027,699,188.43623196582544,510.5637680341746,715.1515879311197,280.0063405177534,5.0,155.5574275164212,75,61.74606103643891,0,10,4,44,1,Yes,0,Paid Search,West
101202,Apr-2027,1299,229.7700326343682,1069.2299673656319,1273.583164944719,909.8460082032241,5.0,84.38395916240773,71,45.535720979065935,29,8,5,29,0,Yes,1,Organic,North
101203,Apr-2027,999,268.10777309543386,730.8922269045661,980.0248312675909,601.7860643397026,8.0,9.106162564863432,250,3.614793782468647,9,9,1,34,0,Yes,0,Affiliate,South
101204,Apr-2027,499,18.282642050463437,480.71735794953656,505.978786235838,292.3677539281858,9.0,,113,,19,13,5,20,0,Yes,0,Paid Search,South
101205,Apr-2027,999,276.5677601978155,722.4322398021845,1015.6096914112899,562.8367092839849,5.0,84.59553051819961,253,14.783597435265015,19,9,5,57,0,Yes,0,Organic,South
101206,Apr-2027,1499,55.192695288245616,1443.8073047117543,1495.1122931145105,1385.9717568185229,1.0,42.83554789323143,263,192.59285980151952,28,11,3,52,0,Yes,0,Referral,North
101207,Apr-2027,1299,66.87580360459457,1232.1241963954055,1306.335138985515,1193.421745235949,1.0,23.702451159456558,107,54.64713550387085,0,6,2,13,0,No,0,Organic,North
101208,Apr-2027,999,173.55470013777133,825.4452998622287,1033.8538377248256,570.3462145691817,8.0,135.09908529304698,264,41.544964360629656,26,15,5,56,0,No,1,Paid Search,South
101209,Apr-2027,699,107.2848150809603,591.7151849190398,671.5349107272267,376.4522930007655,1.0,200.26289191827422,86,52.75663651644464,19,8,5,51,0,No,0,Paid Search,West
101210,Apr-2027,1499,171.07443698709125,1327.9255630129087,1433.8460378473555,1073.801177531455,6.0,164.12438548145363,127,50.25359856833628,22,12,3,13,0,Yes,0,Organic,South
101211,Apr-2027,1499,267.8137136346963,1231.1862863653037,1522.4211048394645,1077.4930559903428,2.0,123.69323037496088,265,35.75192971656798,30,14,2,31,2,Yes,0,Affiliate,West
101212,Apr-2027,999,47.51086157352199,951.489138426478,1009.3707028989825,764.0105751368221,,142.47856328965594,249,9.751054760703985,13,14,3,21,1,Yes,0,Paid Search,East
101213,Apr-2027,999,280.6811189455741,718.3188810544259,967.6237501680944,607.0629023984134,1.0,96.25597865601254,267,116.5759652085181,14,5,5,50,3,Yes,0,Affiliate,South
101214,Apr-2027,1299,66.1454857767054,1232.8545142232947,1301.8446541819303,1170.2720124455652,4.0,2.5825017777294264,273,,5,4,1,30,1,Yes,0,Organic,South
101215,Apr-2027,499,174.8234136591361,324.1765863408639,511.2588260595592,157.2019761060222,4.0,106.97461023484169,170,101.74104545624922,19,6,5,57,1,Yes,0,Affiliate,East
101216,Apr-2027,999,83.57105915934457,915.4289408406554,1022.1474176299749,814.5198890232232,4.0,40.9090518174322,77,11.317874093965564,1,15,1,48,1,Yes,0,Referral,South
101217,May-2027,999,218.7502180954855,780.2497819045145,1008.562733314264,671.1552567951045,2.0,79.09452510941003,273,25.189986690928535,27,11,4,25,2,No,0,Organic,North
101218,May-2027,699,272.99370673965166,426.00629326034834,673.168271882111,297.45790202249,6.0,38.54839123785834,263,33.292107884116675,28,13,2,30,0,Yes,1,Organic,North
101219,May-2027,1499,227.6412437258997,1271.3587562741004,1469.6206698295077,1107.7781576838263,1.0,148.5805985902742,98,17.13250860853287,6,6,4,10,3,Yes,0,Paid Search,South
101220,May-2027,499,149.522262060756,349.477737939244,494.29853110478007,67.83618290932353,9.0,146.64155502992045,250,80.56561642347569,23,9,3,7,2,Yes,0,Organic,East
101221,May-2027,699,92.89735960878897,606.102640391211,719.1488792548113,488.6693663373883,2.0,87.43327405382273,116,40.210134996430114,24,12,5,34,1,No,0,Referral,East
101222,May-2027,1299,141.68375647546642,1157.3162435245335,1304.6908469357659,947.4910408209546,10.0,59.82520270357888,266,60.520141123698906,24,11,4,4,2,Yes,0,Referral,North
101223,May-2027,1299,228.716575795157,1070.283424204843,1329.292673316161,1026.249461608785,1.0,29.03396259605791,152,28.80799759339257,29,11,2,22,0,Yes,0,Organic,North
101224,May-2027,999,232.83196790075027,766.1680320992498,1041.3086037036737,508.27260126237763,10.0,107.8954308368722,175,104.76380931960999,19,6,1,57,1,Yes,0,Affiliate,East
101225,May-2027,999,216.09918986113468,782.9008101388654,1011.379926062686,665.2815316021021,1.0,102.61927853676329,253,87.4931865909534,18,11,1,29,1,Yes,0,Paid Search,West
101226,May-2027,1299,3.9093049868453136,1295.0906950131548,1264.855405694473,1259.1683639508421,2.0,5.922331062312701,142,78.7569629995445,4,17,3,54,0,Yes,0,Affiliate,West
101227,May-2027,999,147.2373049877508,851.7626950122492,962.9941275677382,815.9539508443067,2.0,5.808744167942486,244,54.557322789582464,21,9,3,4,2,Yes,0,Referral,South
101228,May-2027,499,73.98852429634178,425.0114757036582,474.07708084220013,402.02619872148847,1.0,7.985276982169751,218,,27,9,5,1,2,Yes,0,Organic,South
101229,May-2027,999,229.79148238869934,769.2085176113006,966.5952692458426,681.839590753939,4.0,27.368926857361664,223,88.24350131526384,28,12,4,48,3,Yes,0,Organic,West
101230,May-2027,1499,58.20338959456839,1440.7966104054317,1464.404801342758,1414.7317500651855,1.0,11.064860340246241,136,46.63162824259955,7,8,5,23,3,Yes,0,Affiliate,West
101231,May-2027,999,204.246450970107,794.7535490298931,976.0009659552722,641.2391315641341,10.0,3.5144174657589033,136,31.35591747969249,2,10,1,23,0,Yes,1,Referral,South
101232,May-2027,699,116.13746870225643,582.8625312977435,710.6790272032823,543.8719456696592,0.0,38.990585628084354,104,40.05604234981119,29,11,1,6,1,Yes,1,Paid Search,South
101233,May-2027,499,75.49154199188897,423.508458008111,481.5469399164242,325.30913272129317,3.0,,259,69.96867472228419,30,7,4,51,1,Yes,0,Organic,West
101234,May-2027,699,261.7151143065597,437.2848856934403,694.4884376504828,225.32065990299662,5.0,136.96422579044366,188,11.220579323662554,12,7,5,5,2,No,0,Affiliate,East
101235,May-2027,699,146.96553337632508,552.0344666236749,664.3930711619118,354.5326862158488,7.0,92.50178040782615,277,,5,11,3,23,2,Yes,0,Referral,East
101236,May-2027,1499,303.117275491883,1195.882724508117,1463.1981185458274,898.341659458697,10.0,147.54106504942,203,115.428829188969,20,14,4,38,1,Yes,0,Organic,East
101237,May-2027,499,49.837089441316465,449.1629105586835,476.09862165784995,424.37765183548544,1.0,9.78525872319807,249,98.02910595478592,28,6,3,7,1,Yes,0,Affiliate,South
101238,May-2027,499,115.01744268990049,383.98255731009954,509.457029694403,170.14201928319093,1.0,198.8405380269086,269,40.31436282221192,22,10,4,5,2,Yes,1,Affiliate,South
101239,May-2027,499,124.03146948481623,374.9685305151838,491.7298898964695,181.1127677725263,6.0,103.85576274265749,259,279.273030616671,13,14,3,33,3,No,0,Referral,West
101240,May-2027,499,182.42475494859738,316.5752450514026,498.00681056947167,27.788192205256166,13.0,93.78705284614641,62,84.82451781942208,24,15,2,26,1,No,0,Affiliate,West
101241,May-2027,499,9.022476498839922,489.9775235011601,512.0465119709793,388.2986960340251,4.0,41.678827467134944,213,52.594490925156535,6,8,1,59,2,Yes,1,Organic,North
101242,May-2027,1499,215.2845428128535,1283.7154571871465,1553.4021639764799,978.6735299701038,6.0,215.04192721704268,283,99.27772548257448,10,11,4,21,1,No,0,Affiliate,East
101243,May-2027,999,379.399488753724,619.600511246276,1000.6656828753382,497.0489187665636,5.0,47.55159247971239,281,30.233059513383143,21,12,2,34,1,Yes,1,Affiliate,East
101244,May-2027,699,206.94448157586382,492.05551842413615,709.4690343776501,276.1197247664336,3.0,170.93579365770253,177,26.260947276616186,8,9,4,26,1,No,0,Paid Search,South
101245,May-2027,499,161.14468821882144,337.85531178117856,510.7755361413162,273.81794276921323,4.0,4.037369011965296,285,45.243403417489986,9,8,1,10,0,Yes,0,Paid Search,South
101246,May-2027,999,15.294888843044816,983.7051111569551,977.5528582949427,876.3776189826236,0.0,107.32749217433147,113,50.658167968852,19,6,1,2,0,Yes,0,Referral,South
101247,May-2027,999,57.090466373156985,941.909533626843,1019.7053883321137,725.055071608258,1.0,201.85446201858494,100,26.312335538378495,29,13,3,20,0,Yes,0,Organic,South
101248,Jun-2027,699,143.29861190126726,555.7013880987328,709.7421906970359,522.8635069782954,1.0,17.837881120437316,125,126.35311818340746,16,6,1,14,0,Yes,0,Affiliate,East
101249,Jun-2027,1499,86.4268234988605,1412.5731765011394,1490.4653543881661,1173.2723630178466,10.0,89.30081348329287,71,37.33608273871333,7,10,1,54,0,Yes,0,Paid Search,West
101250,Jun-2027,1299,273.1507711525182,1025.8492288474818,1278.3146315925292,944.3392349440788,5.0,6.5099939034028935,109,8.562603014706841,21,15,1,53,1,Yes,1,Affiliate,South
101251,Jun-2027,1299,214.04438411623653,1084.9556158837636,1360.5283547679205,820.5826096835114,12.0,84.3730062002522,179,54.664601946557795,5,12,5,7,1,Yes,0,Affiliate,North
101252,Jun-2027,999,473.08543051763644,525.9145694823635,1047.5832293463395,114.39548803993563,14.0,201.51908144242788,105,42.458306972276866,29,8,5,10,1,Yes,0,Affiliate,South
101253,Jun-2027,699,32.29698762908504,666.703012370915,712.6379362147276,582.0294819073106,4.0,24.673530463604422,217,91.56232527248653,30,8,1,31,0,Yes,1,Referral,North
101254,Jun-2027,1299,153.97375336700793,1145.026246632992,1283.9525973158022,977.5456056635755,7.0,62.48064096941654,205,30.54572800134297,20,9,5,8,2,No,0,Paid Search,West
101255,Jun-2027,999,16.01908470411493,982.9809152958851,1024.1284057459595,921.2232146555507,3.0,16.757700640334434,254,81.11142362014968,25,9,4,58,1,Yes,0,Affiliate,North
101256,Jun-2027,1499,116.69289295083894,1382.307107049161,1525.8679896360622,1297.649612122582,3.0,39.657494926578835,146,60.98195362467282,10,8,2,1,1,No,0,Paid Search,West
101257,Jun-2027,1299,236.72651753437833,1062.2734824656218,1304.8436291363726,902.5753743225287,4.0,99.69810814309312,52,103.42753072351934,2,12,2,29,1,Yes,0,Affiliate,South
101258,Jun-2027,999,209.59384595608276,789.4061540439172,962.220504296661,718.259617280029,,26.146536763888264,240,54.292703383110286,5,6,5,31,1,Yes,0,Affiliate,South
101259,Jun-2027,999,47.44914784250521,951.5508521574948,1043.6156223146297,775.6377335658478,0.0,,275,25.131441796629797,16,12,2,8,3,Yes,0,Organic,North
101260,Jun-2027,499,161.16355435121082,337.8364456487892,485.6650481065375,189.16895509107226,4.0,88.66749055771695,200,63.321385667889956,6,12,5,16,0,Yes,0,Organic,West
101261,Jun-2027,1499,74.48788812893464,1424.5121118710654,1482.999472656912,1323.6391840750548,3.0,55.87292779601056,104,19.277997264520117,5,13,3,46,3,Yes,0,Paid Search,South
101262,Jun-2027,499,90.69510541880688,408.30489458119314,491.13658575304106,302.72133178654053,2.0,,209,,20,7,1,19,3,Yes,0,Affiliate,North
101263,Jun-2027,699,111.56584646804711,587.4341535319529,674.7974936308576,420.5447254182066,0.0,166.8894281137463,133,26.921895036482127,12,7,2,26,0,Yes,0,Paid Search,North
101264,Jun-2027,499,42.41217871148666,456.58782128851334,475.27304288347466,303.1946843462539,4.0,93.39313694225945,77,108.06912365897107,13,12,1,10,2,Yes,0,Affiliate,West
101265,Jun-2027,499,64.0020108216052,434.9979891783948,520.447110581153,319.13710560991495,3.0,70.86088356847984,173,161.69958383192375,18,10,2,18,3,No,0,Paid Search,South
101266,Jun-2027,1299,67.38774672668951,1231.6122532733104,1330.1074549640227,1190.4148137551772,1.0,26.19743951813334,57,11.027334190973114,7,9,4,2,3,Yes,0,Paid Search,West
101267,Jun-2027,999,200.74546161039967,798.2545383896004,951.1193178025264,651.016676068871,7.0,42.23786232072942,52,95.64631283328522,12,10,4,37,0,No,0,Referral,North
101268,Jun-2027,1499,182.90642111817772,1316.0935788818224,1527.1462688116887,1145.2262393388635,8.0,50.867339542958916,143,144.14116804647824,19,9,5,29,1,Yes,0,Referral,North
101269,Jun-2027,499,122.68448862182368,376.3155113781763,480.52226591828764,50.640373454087324,12.0,145.675137924089,138,18.746505894677497,8,10,1,2,1,Yes,0,Paid Search,North
101270,Jun-2027,1499,19.478174815479207,1479.5218251845208,1532.5762756580139,1317.4259429431188,5.0,87.09588224140201,230,127.24496463166426,24,7,5,52,0,No,0,Organic,West
101271,Jun-2027,499,23.81367765296632,475.1863223470337,499.25845811391423,300.4504948634583,3.0,129.73582748357538,271,15.153726827581307,4,11,3,3,2,Yes,0,Organic,West
101272,Jun-2027,699,86.92159510995299,612.0784048900471,732.4021060222876,527.2440312119,5.0,9.834373678147053,206,45.42476548514848,10,7,5,24,1,Yes,0,Affiliate,East
101273,Jun-2027,499,148.27923480322104,350.720765196779,495.62450332759215,207.12207539571187,5.0,68.59868980106711,288,66.44099258449171,6,8,5,9,1,Yes,0,Referral,South
101274,Jun-2027,1299,124.2705765951968,1174.7294234048031,1331.3381754324055,1021.4404951067979,5.0,78.28892829800517,143,20.260029425193547,5,7,5,43,2,Yes,0,Paid Search,South
101275,Jun-2027,999,22.312738824215486,976.6872611757846,953.1768835814778,681.8634847136531,12.0,114.82377646213149,275,122.06768835017817,11,14,2,48,2,Yes,0,Organic,East
101276,Jun-2027,699,236.60358221346922,462.3964177865308,729.4453253145247,321.4089454568522,6.0,50.98747232967856,138,49.121623855958454,11,6,2,14,2,Yes,1,Affiliate,North
101277,Jun-2027,499,41.68752157674113,457.3124784232589,502.11674756467517,244.1415259046728,8.0,93.17095251858612,258,89.55573136619049,5,10,3,46,0,Yes,0,Affiliate,East
101278,Jul-2027,1499,61.83524928886587,1437.164750711134,1471.1512935629767,1349.2371162958068,3.0,42.92763441532715,108,21.416085297553458,30,11,1,54,1,Yes,0,Paid Search,West
101279,Jul-2027,699,184.13901430734202,514.860985692658,672.9198146436323,453.72047835173896,2.0,31.140507340919058,201,168.06617409013526,3,10,4,52,1,Yes,0,Affiliate,North
101280,Jul-2027,699,188.444227715129,510.555772284871,708.843256425334,351.0640116058101,5.0,84.49176067906092,215,72.37778705554877,25,6,1,43,1,Yes,0,Referral,South
101281,Jul-2027,499,76.59604066404258,422.40395933595744,511.2900402030843,360.7714937678832,2.0,31.632465568074206,77,,12,16,4,11,0,No,0,Referral,South
101282,Jul-2027,699,202.3394436118988,496.6605563881012,670.014855335981,420.20368815836224,0.0,76.45686822973899,274,65.5678140853164,11,8,2,50,1,No,0,Organic,South
101283,Jul-2027,1499,43.741093609458204,1455.2589063905418,1448.7325762397152,1332.459162048833,,77.79974434170882,111,70.94976008745233,14,14,5,43,1,Yes,0,Paid Search,West
101284,Jul-2027,699,169.42658234883078,529.5734176511692,690.9913358464062,417.5932565482066,4.0,51.98016110296254,277,83.56296535800392,7,10,3,24,0,Yes,0,Referral,North
101285,Jul-2027,1499,232.63296644280362,1266.3670335571965,1551.7284316767236,1000.1581761189234,0.0,266.20885743827307,100,37.43392325848437,12,15,3,14,1,Yes,1,Organic,East
101286,Jul-2027,499,140.4844010965864,358.5155989034136,523.0982606131407,219.42540219570688,1.0,124.09019670770672,56,14.274339762787717,10,10,3,51,0,Yes,0,Affiliate,West
101287,Jul-2027,999,92.52167435092615,906.4783256490739,1023.4782233012241,807.2640685089804,3.0,54.21425714009354,72,14.973919496343328,10,9,1,18,1,No,1,Paid Search,West
101288,Jul-2027,699,425.18532068391886,273.81467931608114,664.4399765599809,189.5228109894233,3.0,39.29186832665785,295,52.38185842661847,29,9,2,36,3,Yes,1,Paid Search,East
101289,Jul-2027,999,105.30166541935748,893.6983345806425,1039.3054089312789,740.4288498729923,2.0,123.26948470765026,95,147.05090936535996,10,16,2,13,1,No,1,Affiliate,East
101290,Jul-2027,1499,223.46792241493267,1275.5320775850673,1428.030446420322,1197.7628139743422,4.0,17.769263610725133,267,45.15018555358212,25,12,5,34,0,Yes,0,Referral,North
101291,Jul-2027,699,10.20625145122753,688.7937485487724,726.7591534043521,422.7671239264125,9.0,131.0266246223599,127,111.92467122644284,18,13,1,19,4,Yes,0,Affiliate,South
101292,Jul-2027,1299,19.179858094923958,1279.820141905076,1287.3501800551298,1108.4331488411374,4.0,111.38699306393868,155,46.74488819690971,20,15,5,41,3,Yes,0,Affiliate,South
101293,Jul-2027,999,227.67907337546694,771.3209266245331,1023.1567503193309,705.900758451498,2.0,35.42016817303505,77,135.6977308138153,16,9,4,55,0,Yes,1,Organic,West
101294,Jul-2027,699,275.3473530942445,423.6526469057555,670.1360311158168,415.4660983475905,0.0,,73,69.67388934679357,0,7,2,11,1,Yes,0,Paid Search,South
101295,Jul-2027,999,103.23397317679151,895.7660268232084,965.5262018984198,723.3275935029064,10.0,22.43843332030203,56,62.40745635882582,12,5,3,49,0,Yes,0,Affiliate,South
101296,Jul-2027,699,71.83628299566249,627.1637170043375,695.5586743959866,552.5662310141469,2.0,44.59748599019064,161,104.59894619807575,24,14,5,26,0,Yes,0,Organic,East
101297,Jul-2027,499,129.89311927185292,369.1068807281471,475.971434297295,109.82318332063778,15.0,34.283697407509266,277,69.07348852876811,19,11,4,5,2,Yes,0,Affiliate,South
101298,Jul-2027,999,172.7287080935474,826.2712919064526,987.9866981612151,688.0224254786516,2.0,108.24886642780095,280,81.02705950621993,8,9,3,21,2,No,1,Paid Search,South
101299,Jul-2027,1299,161.85816467145892,1137.141835328541,1331.7303909421921,1008.425675436635,4.0,68.71615989190605,128,51.62441725754205,22,8,3,9,3,Yes,0,Affiliate,South
101300,Jul-2027,1299,82.39324020467937,1216.6067597953206,1319.0971999994385,1065.6187615134888,10.0,0.9879982818317572,226,65.52395529464812,25,4,5,48,1,No,0,Paid Search,South
101301,Jul-2027,1499,131.65390568868742,1367.3460943113125,1476.7814272284709,1344.3498712875462,0.0,22.996223023766248,52,16.369591021981783,23,8,5,12,1,Yes,0,Paid Search,North
101302,Jul-2027,699,60.0267786859073,638.9732213140927,664.668217446341,608.70169397357,1.0,15.271527340522809,289,120.98852168862123,10,9,5,1,1,Yes,0,Organic,West
101303,Jul-2027,999,16.5794131515768,982.4205868484232,975.9907077062014,816.0211446229308,6.0,76.39944222549238,51,123.7463678814978,8,7,2,49,0,No,0,Affiliate,North
101304,Jul-2027,1499,240.6802224776166,1258.3197775223834,1540.406721747659,1163.7655721010508,4.0,34.554205421332696,56,38.98438930270018,16,13,1,14,2,Yes,1,Affiliate,East
101305,Jul-2027,999,161.73579760832527,837.2642023916748,983.0688966814995,545.8390617429441,5.0,216.42514064873072,170,48.04862209330594,6,13,5,26,2,No,0,Affiliate,South
101306,Jul-2027,699,131.91797296532042,567.0820270346796,690.4370311969308,397.1014946844813,8.0,49.98053235019831,257,165.51987694842614,7,4,2,7,2,Yes,0,Referral,North
101307,Jul-2027,1299,89.14227086734064,1209.8577291326594,1243.6883620014319,1129.7592971776012,1.0,65.09843195505832,70,39.9061462367589,29,15,1,55,2,Yes,0,Paid Search,East
101308,Jul-2027,499,128.37917321579042,370.6208267842096,504.0743606557232,126.53793219584162,10.0,94.08289458836799,186,87.21826624402932,1,7,4,59,0,No,0,Referral,North
101309,Aug-2027,1299,169.23797145443956,1129.7620285455605,1314.8348546475495,997.7172685100018,5.0,57.04476003555885,189,59.4007236040453,13,13,1,16,1,Yes,0,Paid Search,West
101310,Aug-2027,1499,357.44178909771676,1141.5582109022832,1488.6342736201127,981.8460972576479,8.0,39.71211364463534,270,12.036595560082656,9,10,2,15,1,No,0,Referral,East
101311,Aug-2027,499,228.54442197925727,270.45557802074273,512.002487001472,143.0980308318608,8.0,7.3575471888819095,73,71.69962621592033,8,4,2,56,1,Yes,0,Affiliate,West
101312,Aug-2027,1499,70.04290536610966,1428.9570946338904,1555.4922018610055,1360.378116870499,0.0,68.5789777633914,82,119.01279099427744,27,13,1,4,2,Yes,0,Organic,East
101313,Aug-2027,699,71.30835087531709,627.691649124683,716.5126589201033,525.2973039217414,,,255,43.24084356113133,0,9,1,30,0,Yes,0,Paid Search,South
101314,Aug-2027,499,52.59826796104852,446.4017320389515,501.21091970948515,328.2067466012981,1.0,103.19498543765337,92,17.234590075694065,11,10,2,23,1,No,0,Paid Search,East
101315,Aug-2027,1499,125.93753624964307,1373.062463750357,1564.3100126150073,1279.2734662183093,5.0,18.788997532047574,131,92.54451272546119,13,11,2,22,0,No,0,Referral,South
101316,Aug-2027,699,52.50582597109384,646.4941740289062,690.7660830751296,584.7751834682572,1.0,46.71899056064893,167,12.62475481827969,30,13,4,15,1,Yes,0,Referral,South
101317,Aug-2027,1299,206.97884939875507,1092.021150601245,1319.0986974968928,919.6499254610889,5.0,97.3712251401561,54,13.493831857878181,18,11,2,17,0,Yes,1,Referral,South
101318,Aug-2027,699,167.22195069576634,531.7780493042337,704.2592869358417,226.04845337485415,12.0,125.72959592937956,256,171.1584353954237,28,7,2,2,0,Yes,0,Organic,East
101319,Aug-2027,999,214.2201971129693,784.7798028870307,1033.1226291590897,666.3778724440668,3.0,73.4019304429638,172,106.60705021135229,10,7,3,8,0,No,0,Paid Search,West
101320,Aug-2027,699,183.04529853665167,515.9547014633483,698.9715694777849,347.73540309639384,6.0,78.21929836695446,120,54.07288631982669,8,16,3,6,0,No,0,Organic,East
101321,Aug-2027,699,301.52909797771673,397.47090202228327,702.7386954784479,239.28874008064213,2.0,128.18216194164117,138,73.331615735303,16,7,3,39,0,Yes,0,Organic,East
101322,Aug-2027,999,255.21474654647437,743.7852534535257,994.3859620074427,660.6439905204479,0.0,83.14126293307783,191,22.705196373711352,19,8,5,56,1,Yes,0,Referral,South
101323,Aug-2027,1499,67.95626576951359,1431.0437342304865,1445.1136504250708,1298.2096994774377,0.0,132.83403475304894,165,58.7486377209699,25,9,5,28,1,Yes,0,Affiliate,East
101324,Aug-2027,1499,241.71576971262084,1257.2842302873792,1556.9253383386645,1000.8128292958354,9.0,121.47140099154373,281,,5,11,2,48,1,Yes,0,Referral,North
101325,Aug-2027,699,129.83190273428391,569.1680972657161,724.2915260550253,495.86246134338035,2.0,43.30563592233585,213,18.453810231410554,5,9,3,5,3,Yes,0,Paid Search,South
101326,Aug-2027,999,82.11681089331242,916.8831891066876,1019.2256166346815,832.4281908601628,2.0,54.45499824652486,84,95.78989678744767,29,3,4,21,1,Yes,0,Affiliate,West
101327,Aug-2027,999,169.05983276746701,829.940167232533,983.7943313394444,789.3709083953485,0.0,40.56925883718455,157,35.28272089227916,19,13,4,50,1,Yes,0,Paid Search,North
101328,Aug-2027,1299,75.08958953151661,1223.9104104684834,1280.176585546089,1134.054371008769,2.0,59.85603945971424,227,30.697619721510538,9,9,4,20,2,Yes,0,Paid Search,East
101329,Aug-2027,1499,150.02658196764,1348.97341803236,1429.4464917370021,1271.640035981888,4.0,17.333382050472082,265,68.26352425272114,9,5,2,43,0,Yes,0,Affiliate,West
101330,Aug-2027,499,348.17397963302926,150.82602036697074,477.92464151022807,-202.29218118893124,16.0,113.11820155590199,128,29.66863292522731,30,11,3,34,2,No,0,Referral,North
101331,Aug-2027,1499,176.97442832785902,1322.025571672141,1501.0682715959379,1254.8710671859671,,,60,42.31008535243275,25,10,2,7,2,Yes,1,Referral,West
101332,Aug-2027,1499,27.919817857200457,1471.0801821427995,1431.5173869777836,1318.499621115241,8.0,32.58056102755832,201,154.85379844218812,25,12,2,30,1,Yes,0,Affiliate,North
101333,Aug-2027,1299,265.72980067394445,1033.2701993260555,1246.9387032538561,822.7471861871848,3.0,165.5230131388707,124,13.386541623076711,16,7,4,30,1,Yes,0,Organic,North
101334,Aug-2027,499,193.50510841637262,305.49489158362735,486.5851469480089,46.1397684890579,7.0,154.35512309456945,93,138.55453978522587,20,17,3,15,1,Yes,0,Paid Search,West
101335,Aug-2027,1299,13.780580516171,1285.219419483829,1282.5925792878813,1222.6086646407366,,62.61075484309242,228,296.4324351133612,13,7,5,27,1,Yes,0,Organic,West
101336,Aug-2027,499,42.74853209695871,456.2514679030413,498.46839687769574,395.30041094934205,4.0,0.9510569536992506,194,14.447770640908168,4,14,1,9,3,No,0,Paid Search,South
101337,Aug-2027,699,32.719492893753525,666.2805071062464,686.73402740721,495.5386637654801,6.0,80.74184334076625,174,16.692456904784873,2,8,2,27,1,No,0,Paid Search,East
101338,Aug-2027,499,250.35621608060666,248.64378391939334,520.9901705421611,149.15182961266208,4.0,39.491954306731245,247,77.82414111002575,10,11,3,2,3,Yes,0,Paid Search,South
101339,Aug-2027,1299,113.80774396283448,1185.1922560371654,1357.571274345668,989.5379010115917,7.0,90.65435502557372,134,55.065092716328294,18,12,1,36,2,Yes,0,Organic,West
101340,Sep-2027,1499,159.7371022746493,1339.2628977253507,1432.4507143193503,1271.5699808166305,4.0,7.692916908720136,57,26.255543242749297,19,6,1,27,0,No,0,Affiliate,West
101341,Sep-2027,499,10.623560493140246,488.37643950685975,523.2222184813107,392.90213970864204,3.0,50.47429979821773,128,121.62345393874008,18,7,5,47,2,Yes,1,Affiliate,East
101342,Sep-2027,499,253.5862774820908,245.4137225179092,482.67794015398033,88.2888429344832,,,167,37.58500038213554,13,9,5,40,1,Yes,0,Organic,West
101343,Sep-2027,999,91.82203972292848,907.1779602770715,982.1543510512028,804.4023663487585,1.0,87.77559392831301,293,62.02609201695758,14,13,2,25,1,Yes,0,Organic,South
101344,Sep-2027,1499,71.3546980718778,1427.645301928122,1549.5186258519657,1248.2720044042876,8.0,59.37329752383439,273,85.54078606011322,2,15,2,36,2,Yes,0,Affiliate,North
101345,Sep-2027,699,200.21566309365525,498.7843369063447,712.1215256616993,293.97715236777594,8.0,84.8071845385688,171,72.90877001380423,2,8,3,40,1,Yes,1,Referral,North
101346,Sep-2027,1299,15.284226595278568,1283.7157734047214,1241.6156885825285,1175.9622228887956,3.0,62.75355051592588,123,51.095619062973086,22,5,5,7,1,Yes,0,Affiliate,South
101347,Sep-2027,699,223.69551353405313,475.30448646594687,718.1947574365277,236.30466511082625,4.0,178.9998213551206,77,88.3924670052451,8,10,5,13,1,Yes,0,Referral,North
101348,Sep-2027,1499,45.69672257380772,1453.3032774261924,1523.4700893849213,1384.0526429469237,3.0,24.250634479268783,256,11.473976410826591,10,4,3,37,0,Yes,0,Affiliate,North
101349,Sep-2027,499,2.8715288620431636,496.1284711379568,521.4797752655306,448.23377483883536,2.0,17.894696299121463,189,106.21961220134702,14,9,5,20,2,Yes,0,Organic,East
101350,Sep-2027,499,304.37784775733695,194.62215224266305,519.4594452246852,-88.69466293439547,4.0,223.31681517705852,220,39.88264251681439,28,8,4,54,2,Yes,0,Referral,West
101351,Sep-2027,1499,168.4716231718806,1330.5283768281195,1570.2366071772083,1265.6289405527837,1.0,49.899436275335745,259,,16,7,1,22,1,No,0,Referral,East
101352,Sep-2027,499,212.28432936595516,286.71567063404484,496.74880344525076,256.30129664182243,2.0,0.41437399222238724,169,49.435083796625214,23,10,4,18,0,Yes,0,Organic,South
101353,Sep-2027,499,272.1851501463236,226.81484985367638,509.304711698619,72.93618977144828,5.0,78.8786600822281,214,30.78421524011346,25,20,1,51,1,No,1,Paid Search,East
101354,Sep-2027,499,164.3158739401116,334.6841260598884,522.049106548882,149.66244994601993,3.0,140.02167611386847,157,46.512662291378454,11,14,3,11,2,Yes,0,Referral,South
101355,Sep-2027,1299,226.1739167964383,1072.8260832035617,1234.325319505849,933.03922536253,1.0,124.78685784103163,176,63.42308928636794,16,12,3,6,1,No,0,Organic,South
101356,Sep-2027,1299,58.676977860678335,1240.3230221393217,1336.5322500855104,1177.1325662471286,2.0,33.190455892192986,265,71.20911874401006,8,20,1,4,0,No,0,Paid Search,East
101357,Sep-2027,999,74.4872651071303,924.5127348928697,954.4401174438059,684.301117230345,4.0,180.21161766252476,112,64.25538467449317,12,9,1,3,0,No,0,Referral,South
101358,Sep-2027,699,202.49292931987037,496.50707068012963,733.8742459798754,304.38224930914413,7.0,87.12482137098552,150,28.896322276204707,7,9,1,52,2,Yes,0,Organic,North
101359,Sep-2027,1499,106.43510719086566,1392.5648928091343,1426.130850049708,1362.0152724027964,1.0,15.549620406337809,295,20.68954651978504,30,5,1,6,1,Yes,0,Affiliate,North
101360,Sep-2027,1499,221.34252905478246,1277.6574709452175,1507.200013774733,1178.841434372938,6.0,8.816036572279515,142,22.589438880955786,21,10,2,15,1,Yes,0,Affiliate,North
101361,Sep-2027,1499,145.09884389807019,1353.9011561019297,1502.1354346272826,1193.1774195392895,7.0,55.72373656264008,112,41.967303050555515,5,10,5,3,0,Yes,0,Affiliate,South
101362,Sep-2027,999,170.18508176208684,828.8149182379132,979.4929597192663,576.6290051224365,2.0,222.18591311547664,59,80.05836683704806,26,9,5,17,3,Yes,0,Affiliate,East
101363,Sep-2027,1299,91.17340895816528,1207.8265910418347,1329.1819540752574,1065.8307464417428,5.0,66.99584460009183,255,84.03063660896913,25,11,3,30,1,Yes,0,Paid Search,South
101364,Sep-2027,999,22.208005301023405,976.7919946989766,974.7240752424124,740.3390732572284,1.0,221.45292144174823,129,32.16472966593272,22,11,2,22,1,No,1,Referral,North
101365,Sep-2027,1499,61.1618915102994,1437.8381084897005,1467.6387441045074,1287.5911176834045,2.0,120.246990806296,86,51.306896509794214,23,15,1,2,0,No,0,Affiliate,West
101366,Sep-2027,699,137.66110434240667,561.3388956575933,676.6571152882703,510.35501787985555,0.0,50.983877777737746,60,12.65427521186216,28,5,2,57,2,Yes,0,Affiliate,North
101367,Sep-2027,499,370.46860713294467,128.53139286705533,509.6819410383023,-94.06944027072427,4.0,162.6008331377796,164,37.521893972485685,6,11,1,16,1,Yes,1,Organic,North
101368,Sep-2027,1299,326.6287678936251,972.3712321063749,1256.1376696900456,916.8391199447788,2.0,25.53211216159619,139,31.975362170961738,30,16,5,22,1,No,0,Organic,East
101369,Sep-2027,1299,71.60448265687265,1227.3955173431273,1350.6576871715765,1136.6044638319465,6.0,0.7910535111807064,281,25.84864182523079,28,8,1,49,2,No,0,Referral,North
101370,Oct-2027,999,157.23092127989702,841.7690787201029,977.8047346399527,679.7088332304735,6.0,72.06024548962947,68,55.579516066962924,0,19,5,11,0,No,0,Affiliate,South
101371,Oct-2027,1299,115.47324312647427,1183.5267568735258,1301.4190402361035,1060.8015692697218,5.0,47.72518760380405,101,158.355540283109,9,10,1,36,0,Yes,0,Organic,North
101372,Oct-2027,1499,165.6319942642829,1333.3680057357171,1495.262119278795,1151.8948508679366,4.0,121.47315486778048,167,53.4550610014658,14,9,3,53,0,Yes,0,Paid Search,West
101373,Oct-2027,1499,181.0695297051331,1317.9304702948668,1529.3326545722855,1182.792715681761,3.0,90.13775461310583,67,111.69454215819438,28,6,5,12,0,Yes,0,Organic,East
101374,Oct-2027,999,213.30180189067212,785.6981981093279,972.4303464223792,700.1324613734856,3.0,40.56573673584225,143,95.77155264957666,13,9,3,40,3,No,0,Referral,South
101375,Oct-2027,1499,198.13665381808903,1300.8633461819109,1549.7620360099252,1054.9492538117702,4.0,185.91409237014065,81,33.37718558875779,3,7,2,35,2,No,0,Affiliate,North
101376,Oct-2027,699,193.9798399064328,505.0201600935672,715.6288768489512,402.98324962523276,6.0,,200,,30,8,1,43,1,Yes,1,Paid Search,East
101377,Oct-2027,999,102.12947649400236,896.8705235059977,983.277149450657,716.8685522775035,10.0,30.001971228494156,294,164.48805333954925,3,9,2,45,0,No,0,Organic,East
101378,Oct-2027,699,65.40745029220754,633.5925497077925,672.4581383728911,396.5286196332095,10.0,87.06393007458306,189,16.865627838032996,28,6,1,57,0,Yes,0,Organic,West
101379,Oct-2027,499,245.31080137944844,253.68919862055156,499.2377728368062,205.1438689638598,0.0,48.54532965669177,107,95.6790317257386,8,6,5,41,1,Yes,0,Affiliate,North
101380,Oct-2027,699,326.01892996857225,372.98107003142775,732.5887303101146,228.350969089101,5.0,69.63010094232676,254,,14,16,1,15,0,Yes,0,Paid Search,East
101381,Oct-2027,499,232.68037728496884,266.3196227150312,475.260295037949,157.2667068423834,0.0,109.05291587264779,70,29.069413572280478,11,13,4,44,0,Yes,0,Paid Search,North
101382,Oct-2027,499,87.77380713466864,411.22619286533137,516.2085752595302,271.03361923908506,7.0,35.19257362624629,198,68.08832891451912,8,17,4,42,3,Yes,0,Referral,South
101383,Oct-2027,699,20.879321983330726,678.1206780166692,712.9634555226999,464.4319662823881,1.0,198.68871173428113,270,69.43793758779418,2,10,4,59,2,Yes,0,Organic,South
101384,Oct-2027,999,210.74933137316162,788.2506686268384,967.3497472828549,687.0517462417764,2.0,71.19892238506199,270,220.16775732803887,26,11,3,21,1,Yes,0,Paid Search,East
101385,Oct-2027,1499,171.90191958976268,1327.0980804102373,1495.4654037737218,1313.1295708927476,0.0,13.968509517489707,291,30.0688386740583,14,8,4,4,2,Yes,0,Affiliate,South
101386,Oct-2027,1499,219.4819329353324,1279.5180670646675,1518.1391666599088,1032.3517274678154,10.0,97.16633959685214,268,53.391852240090934,24,14,1,7,1,Yes,0,Organic,West
101387,Oct-2027,499,137.77637878823637,361.22362121176366,508.81454466981285,288.06212209552467,2.0,43.161499116238986,78,52.647570356905646,20,8,2,29,4,No,0,Affiliate,North
101388,Oct-2027,499,262.04954506055907,236.95045493944093,520.0261124691964,132.88670936871628,3.0,59.063745570724656,256,29.9053625747081,10,9,3,41,3,Yes,0,Organic,South
101389,Oct-2027,999,8.422828299899095,990.577171700101,1036.2703616012018,832.0865773732603,8.0,38.49059432684071,96,,5,10,5,6,0,No,0,Organic,South
101390,Oct-2027,1299,129.45132522539416,1169.5486747746058,1276.7126941528693,960.1251967589535,12.0,29.423478015652293,189,36.8316877248971,14,8,3,39,1,Yes,0,Referral,North
101391,Oct-2027,699,119.9638848494532,579.0361151505468,672.4404426113701,444.10888819747555,0.0,134.92722695307128,107,47.07801934147323,6,12,2,17,1,Yes,1,Affiliate,West
101392,Oct-2027,499,136.78695788927206,362.21304211072794,479.2528953505165,208.46444601238227,7.0,48.74859609834567,218,21.679962919928517,18,14,4,36,2,No,0,Affiliate,North
101393,Oct-2027,1499,290.1517995544689,1208.8482004455311,1569.264645076691,1168.6382990862217,0.0,40.20990135930941,68,99.52722593363565,13,5,2,2,0,Yes,0,Affiliate,East
101394,Oct-2027,999,137.41893310814848,861.5810668918515,1044.5362618835416,650.5130158636404,9.0,76.0680510282111,189,74.50712151131793,3,6,3,17,0,Yes,0,Organic,North
101395,Oct-2027,699,114.62490590729647,584.3750940927035,721.3339661358793,256.3330128829111,11.0,163.04208120979246,72,17.32191643327782,20,7,3,29,1,Yes,0,Referral,West
101396,Oct-2027,999,37.59678242273624,961.4032175772637,1046.9982019463869,934.9054265446525,1.0,11.497791032611197,182,,0,8,3,27,4,Yes,0,Affiliate,North
101397,Oct-2027,699,309.4295365705751,389.5704634294249,683.2143509557493,188.8585070393832,6.0,110.71195639004169,171,56.460955713290275,23,8,2,7,2,No,0,Affiliate,West
101398,Oct-2027,699,21.743546709435265,677.2564532905648,721.7568399433004,516.8984331362379,8.0,40.35802015432678,203,85.384213879694,26,17,1,11,4,Yes,0,Affiliate,West
101399,Oct-2027,499,83.6400680583105,415.3599319416895,499.11125895069534,275.95033964886056,1.0,124.40959229282893,166,47.362501803300866,22,3,1,26,3,Yes,0,Organic,South
101400,Oct-2027,999,353.27244805169914,645.7275519483009,1028.8921878249685,517.0414889214303,5.0,,112,82.01192899705941,12,5,4,52,0,No,0,Referral,North
101401,Nov-2027,999,206.18919576858414,792.8108042314159,1010.071870230509,658.163403725211,6.0,44.647400506204946,101,65.31722850538944,10,11,5,50,0,Yes,1,Referral,West
101402,Nov-2027,1499,147.57880179584757,1351.4211982041525,1550.8931038093956,1072.4114644104707,13.0,84.00973379368187,59,88.9198718278264,27,7,2,53,0,No,0,Organic,North
101403,Nov-2027,1499,152.6030466631541,1346.3969533368459,1483.6121265456402,1254.9849750992214,6.0,1.4119782376244032,135,26.73042885197715,28,6,1,39,1,No,0,Affiliate,South
101404,Nov-2027,499,36.43464151706186,462.5653584829381,523.4080746615243,425.44735231479245,2.0,7.118006168145648,216,76.15152870079193,17,12,4,32,0,Yes,1,Referral,East
101405,Nov-2027,499,141.77673061709703,357.22326938290297,484.9896223346336,166.13771273449623,3.0,146.08555664840674,200,48.56995893023938,22,14,5,50,0,Yes,0,Referral,North
101406,Nov-2027,1299,108.01609932050482,1190.9839006794953,1321.4219812056278,1122.8756285592162,3.0,,60,109.49188627707207,27,10,4,23,1,No,0,Referral,West
101407,Nov-2027,1499,171.55543193460048,1327.4445680653996,1544.3565439308693,1224.3701382844315,0.0,103.07442978096799,269,26.212174283657948,8,7,4,51,1,Yes,0,Organic,West
101408,Nov-2027,699,30.748966275157045,668.251033724843,704.994155987806,564.0154778574295,,89.23555586741348,144,66.21684783466162,20,8,5,46,1,Yes,0,Affiliate,South
101409,Nov-2027,999,197.7422409323183,801.2577590676817,978.0505037500092,667.252591334576,1.0,119.00516773310572,121,53.72289161283458,29,14,3,40,0,No,0,Paid Search,East
101410,Nov-2027,499,271.9955609863571,227.00443901364292,502.05882529622755,63.70334956388727,,118.30108944975565,294,44.810434847863974,10,14,1,7,1,No,0,Paid Search,West
101411,Nov-2027,999,125.54122498553119,873.4587750144688,999.4702740164561,752.6854106664006,8.0,0.7733643480681351,177,37.68376747458588,5,12,1,1,3,No,0,Organic,East
101412,Nov-2027,999,227.65180719669686,771.3481928033032,968.0431384254678,706.3298774550661,1.0,50.018315348237,280,39.98755104068939,15,13,5,25,2,Yes,0,Affiliate,West
101413,Nov-2027,1299,187.2415529813493,1111.7584470186507,1333.1901103011348,869.2562398109059,10.0,92.50220720774482,97,150.8927455118102,4,11,1,31,1,Yes,1,Affiliate,West
101414,Nov-2027,1499,77.07118318007329,1421.9288168199266,1464.1014847503932,1174.8158023657634,8.0,127.11301445416336,141,43.80978902100176,0,4,2,6,1,No,0,Referral,East
101415,Nov-2027,499,22.976917625146214,476.0230823748538,515.5723867568374,190.85665159458915,13.0,90.16643078026462,65,143.51607603252702,21,10,2,28,0,Yes,0,Affiliate,West
101416,Nov-2027,999,39.79338135352096,959.206618646479,970.4605410787917,772.1567237614202,5.0,112.04989488505883,223,44.776126366583966,13,8,2,31,1,Yes,0,Organic,East
101417,Nov-2027,499,185.1471082985658,313.8528917014342,499.11560444267315,275.28109249344277,2.0,8.571799207991432,224,58.00357484124993,29,5,5,36,2,Yes,0,Affiliate,South
101418,Nov-2027,699,143.26258416177546,555.7374158382245,712.6457798467058,362.529666905813,4.0,133.20774893241148,293,51.09528758624625,22,7,4,16,3,Yes,1,Paid Search,East
101419,Nov-2027,1299,303.01116262580376,995.9888373741962,1363.4084149038465,861.6932211893093,0.0,134.29561618488702,144,149.07544195230972,20,13,4,15,2,Yes,0,Paid Search,South
101420,Nov-2027,699,244.9044134644673,454.0955865355327,682.9921904798869,413.4141564139646,1.0,25.6814301215681,282,92.00423185664194,18,11,3,22,3,Yes,0,Referral,East
101421,Nov-2027,499,244.65419797527613,254.34580202472387,505.7669453405968,188.05947512159628,2.0,36.2863269031276,97,34.876935901557076,30,17,3,18,1,No,1,Affiliate,South
101422,Nov-2027,499,181.5696962054667,317.4303037945333,481.7025273597043,-7.197132023737453,14.0,114.62743581827075,257,13.329356338492865,5,10,2,50,2,No,1,Organic,East
101423,Nov-2027,1499,34.53612608140024,1464.4638739185998,1546.914052988764,1397.328989872636,1.0,52.134884045963915,246,35.58742850423913,27,11,2,8,2,Yes,0,Paid Search,South
101424,Nov-2027,999,189.040715516999,809.959284483001,1035.1084056704653,628.7456691444571,5.0,106.21361533854395,276,123.27257286009743,11,13,5,10,2,Yes,0,Organic,North
101425,Nov-2027,999,157.66237980338673,841.3376201966132,1037.7568958856575,504.94897859317757,6.0,246.3886416034356,294,18.460138330687656,26,11,2,37,2,No,0,Paid Search,West
101426,Nov-2027,699,13.394233373310243,685.6057666266897,730.1428413653522,501.48449710828356,6.0,94.1212695184062,202,,6,10,2,39,0,No,0,Paid Search,North
101427,Nov-2027,1299,295.1939110270454,1003.8060889729546,1280.2530458571457,995.5152432480685,,8.290845724886104,126,29.413269709852013,9,11,2,49,2,Yes,0,Paid Search,South
101428,Nov-2027,999,282.2747249914982,716.7252750085017,1015.6278980253057,455.948198136801,13.0,65.77707687170076,142,21.530076286435225,9,16,1,6,1,Yes,0,Organic,East
101429,Nov-2027,1499,12.702102669952751,1486.2978973300474,1471.3799497542034,1292.1635009474871,6.0,104.13439638256014,268,24.749987494492988,27,10,4,43,2,Yes,0,Organic,North
101430,Nov-2027,699,73.46461138601659,625.5353886139834,720.2358858698296,434.01482532754926,,56.520563286434154,153,7.8929709180897305,29,9,1,59,2,Yes,0,Affiliate,North
101431,Dec-2027,699,84.00597366714281,614.9940263328572,693.0999576319512,539.6772481553281,1.0,60.31677817752909,130,58.76977052922693,24,7,2,10,2,No,0,Referral,South
101432,Dec-2027,1499,223.1821852559538,1275.8178147440462,1507.2308728717921,1116.4921864739483,1.0,144.32562827009798,86,67.61049388825141,12,8,2,39,2,Yes,0,Affiliate,South
101433,Dec-2027,1299,209.36702165447957,1089.6329783455203,1251.3255234074359,756.7010888329092,15.0,107.93188951261111,151,43.64953409979939,6,13,1,58,0,No,0,Organic,South
101434,Dec-2027,1499,155.3288655343628,1343.6711344656371,1551.5390041702926,1204.5979812360642,6.0,49.07315322957283,240,13.530515206634462,18,9,1,7,0,Yes,0,Affiliate,South
101435,Dec-2027,1299,182.86287364789501,1116.137126352105,1296.7845039390716,876.1926068594613,1.0,,78,29.567925750755066,0,9,5,42,1,Yes,0,Organic,South
101436,Dec-2027,1499,4.515863573464031,1494.484136426536,1520.0574557833293,1347.630538893383,1.0,131.85359753315305,107,66.07297168713677,14,5,5,45,0,No,0,Paid Search,North
101437,Dec-2027,1499,195.76335376301432,1303.2366462369857,1524.3753312230467,1213.9851302092827,4.0,29.251516027702962,275,72.67916824116084,13,8,2,35,3,No,0,Referral,South
101438,Dec-2027,499,137.89375493447153,361.10624506552847,487.7351187445423,217.29568022423464,,143.81056484129383,143,8.273295457519158,12,8,1,28,0,Yes,0,Referral,East
101439,Dec-2027,699,68.51481809296925,630.4851819070308,719.6192957194826,425.09143668364163,,70.39374522338919,208,52.2866778654319,6,3,5,25,1,Yes,0,Organic,South
101440,Dec-2027,1499,33.900752871638275,1465.0992471283616,1548.9211918195274,1218.6345617043785,3.0,201.46468542398327,135,27.554708277286018,11,13,3,28,3,No,0,Affiliate,West
101441,Dec-2027,1499,153.23533874236225,1345.7646612576377,1501.3615238997634,1100.32594491678,8.0,125.4387163408578,159,49.730929003429466,7,12,1,9,1,Yes,0,Organic,West
101442,Dec-2027,999,192.83518754613718,806.1648124538629,1039.2008087706001,657.4203892368505,4.0,88.74442321701237,266,14.68223664045906,14,15,4,5,0,No,0,Organic,West
101443,Dec-2027,699,54.29781620479051,644.7021837952095,675.2968421587236,455.5119354340966,7.0,84.1902483611129,245,9.86730436451121,26,8,3,57,1,No,0,Organic,East
101444,Dec-2027,999,152.21832847877158,846.7816715212284,990.4517007295557,666.7028700454687,9.0,45.078801475759775,276,42.75044667501166,16,16,3,16,1,Yes,0,Organic,North
101445,Dec-2027,699,164.66877022181947,534.3312297781805,667.1479633992702,360.293080044461,,9.038149733719536,90,45.909979785405184,20,5,1,29,1,Yes,0,Referral,West
101446,Dec-2027,999,83.49245482228073,915.5075451777193,988.8664202441101,773.83933140483,5.0,66.66821377288929,227,23.692932483201997,11,13,2,43,1,Yes,0,Referral,North
101447,Dec-2027,1499,195.58058428742092,1303.4194157125792,1573.505985114092,1228.6794292692769,1.0,59.73998644330223,93,135.2923583695137,27,14,4,55,0,No,0,Affiliate,West
101448,Dec-2027,1499,134.08051004672163,1364.9194899532783,1493.4807884389857,1247.5443744529227,2.0,87.3751155003556,186,26.880144078870185,12,9,5,23,3,Yes,1,Referral,South
101449,Dec-2027,499,183.98052064036364,315.01947935963636,494.9686105231304,275.5572331069743,2.0,9.46224625266207,236,26.452426285678886,7,6,5,57,2,Yes,0,Paid Search,North
101450,Dec-2027,999,214.1096319450067,784.8903680549934,1017.7633788469236,766.344753379716,0.0,18.545614675277303,139,50.960448717888845,9,6,2,18,3,Yes,0,Paid Search,North
101451,Dec-2027,1299,214.17682873806282,1084.8231712619372,1240.3639904794397,977.9671310002894,0.0,106.85604026164773,268,46.14408476534296,6,18,4,26,0,Yes,0,Organic,East
101452,Dec-2027,499,272.01845921358023,226.98154078641977,491.7029941506681,176.45753488397742,3.0,,204,26.982065295496756,30,12,4,47,2,Yes,0,Paid Search,North
101453,Dec-2027,999,190.59902265414962,808.4009773458504,1002.3038306397962,705.8419694825943,1.0,87.55900786325601,259,,1,6,3,5,1,Yes,1,Referral,South
101454,Dec-2027,999,92.75511110678151,906.2448888932184,997.4081945089638,814.6472868186661,2.0,61.59760207455231,271,66.86282623798517,28,10,3,8,4,Yes,0,Organic,North
101455,Dec-2027,499,72.26519462961636,426.73480537038364,506.10959197661384,317.04483820101353,5.0,34.68996716937012,158,51.76114786841426,28,8,4,40,0,Yes,0,Paid Search,West
101456,Dec-2027,1499,22.402949655765298,1476.5970503442347,1444.8766976548523,1281.085559151809,5.0,120.51149119242568,108,58.38500290628997,15,10,1,19,1,No,0,Affiliate,North
101457,Dec-2027,999,168.14155717354873,830.8584428264512,989.2711623169364,646.2381842411504,4.0,124.62025858530076,159,48.47355815700278,28,8,1,37,1,Yes,0,Referral,East
101458,Dec-2027,1499,308.5574057583028,1190.4425942416972,1519.026140612999,1046.4742583668603,1.0,128.96833587483675,272,46.342192739953575,3,8,1,28,1,No,1,Organic,East
101459,Dec-2027,499,106.98568728154197,392.01431271845803,489.1023506643557,84.39986197333968,7.0,202.61445074511835,155,14.925350139227564,5,11,4,4,0,Yes,0,Organic,West
101460,Dec-2027,1499,203.95298972519518,1295.0470102748047,1515.9207521021053,1262.9378183831257,1.0,17.10919189167913,180,53.91323131078063,6,13,5,20,1,Yes,0,Referral,South
101461,Dec-2027,699,59.72639945818074,639.2736005418193,731.0360032734065,473.3019850008693,4.0,105.97161554095001,270,93.15344822348345,29,7,1,50,1,Yes,0,Referral,North
101462,Jan-2028,1299,173.37658981927612,1125.6234101807238,1354.9070687108667,1078.0629078082688,3.0,2.560502372454877,56,58.467205010911506,22,12,5,22,0,No,0,Affiliate,North
101463,Jan-2028,999,301.1216553689328,697.8783446310672,1021.5288010006861,571.1189841974574,0.0,126.75936043360979,131,39.19699873458973,18,9,1,12,1,Yes,0,Paid Search,East
101464,Jan-2028,1299,232.3497567998331,1066.6502432001669,1257.124016899252,1023.1598370770026,0.0,43.490406123164206,65,90.27997846797905,27,10,4,1,2,No,0,Referral,North
101465,Jan-2028,1499,38.49744397669883,1460.5025560233012,1541.6081067864661,1398.1207413903048,0.0,62.38181463299625,98,58.5231685640332,23,12,1,8,0,Yes,1,Referral,West
101466,Jan-2028,999,218.48337792426534,780.5166220757346,993.6757813664252,635.8427839746,4.0,,170,26.690482747734176,22,8,5,58,0,No,0,Affiliate,West
101467,Jan-2028,1499,223.94709345522625,1275.0529065447738,1566.7147750158058,1036.424505610102,5.0,163.6284009346719,81,90.11880452801299,3,9,2,41,4,Yes,0,Referral,East
101468,Jan-2028,699,170.81843678725065,528.1815632127493,706.7882981113415,429.49495866647794,0.0,98.68660454627138,279,33.43057598934471,9,16,5,27,1,No,1,Organic,West
101469,Jan-2028,499,230.10265352428092,268.8973464757191,484.90939306113944,258.63060453540726,0.0,10.266741940311839,138,19.312475070783034,28,7,2,21,1,No,0,Affiliate,West
101470,Jan-2028,999,49.97975523389542,949.0202447661046,980.2617197845834,703.4190023008166,3.0,200.60124246528807,221,24.006842171854363,3,12,5,45,0,Yes,0,Referral,West
101471,Jan-2028,699,157.59157857649032,541.4084214235097,686.3521791275163,204.49613171263297,5.0,261.91228971087673,273,30.940192383859145,19,9,1,54,1,Yes,0,Referral,South
101472,Jan-2028,699,283.2208729125722,415.7791270874278,683.3623889875493,237.9915188163019,3.0,132.78760827112595,68,14.150329830602171,4,10,1,33,1,Yes,0,Organic,East
101473,Jan-2028,999,272.3939380159641,726.6060619840359,1026.1549714393598,466.1786045745333,10.0,110.42745740950264,52,116.63639209323784,13,13,5,38,2,Yes,1,Organic,West
101474,Jan-2028,1499,215.76539688071654,1283.2346031192835,1474.528164905199,1190.974315171891,0.0,,171,9.40176732359701,10,14,1,33,0,Yes,0,Affiliate,West
101475,Jan-2028,699,44.04057317989404,654.9594268201059,677.724050802955,506.5042574778504,2.0,118.45516934225549,109,73.16577108609992,1,15,1,46,2,Yes,0,Organic,West
101476,Jan-2028,1299,25.144347525686584,1273.8556524743135,1311.483008926215,947.1860679315639,8.0,206.66958454274962,212,60.63994370865573,8,16,4,37,2,Yes,0,Organic,West
101477,Jan-2028,699,163.7452409332025,535.2547590667975,696.5380219758982,417.43729655834636,6.0,27.817462508451186,291,57.76853073749011,21,11,3,45,2,No,0,Organic,South
101478,Jan-2028,1499,171.69290864710086,1327.307091352899,1427.3729432653547,1259.43320417658,3.0,22.87388717631911,78,66.72744877619401,11,17,3,57,2,Yes,1,Referral,North
101479,Jan-2028,1499,137.9553873267292,1361.0446126732709,1465.8896415558254,1284.867615172,2.0,46.17699750127095,124,42.301400143656124,23,10,5,5,0,Yes,0,Referral,North
101480,Jan-2028,1299,53.42580261640167,1245.5741973835984,1239.011196294061,1104.6295185853896,3.0,95.94467879820884,119,73.40275220299533,26,8,3,15,0,Yes,0,Paid Search,East
101481,Jan-2028,699,202.43532904684724,496.56467095315276,717.6661503511835,246.33061785356733,5.0,175.23405309958542,132,45.28145395665394,0,13,2,30,1,No,0,Referral,South
101482,Jan-2028,1499,163.21984184334497,1335.780158156655,1566.6086204728124,1207.7538146702814,3.0,83.02634348637358,150,36.11803188538523,30,13,5,3,1,No,1,Affiliate,East
101483,Jan-2028,999,184.77891798605683,814.2210820139431,999.0169928116426,609.2023725365774,7.0,100.01870947736577,222,15.820628782026823,21,10,5,28,0,Yes,0,Organic,North
101484,Jan-2028,499,221.21205115489323,277.78794884510677,501.9024808909893,53.6505690570807,8.0,104.13737978802605,204,62.50402157073356,14,10,2,30,0,Yes,0,Referral,East
101485,Jan-2028,499,117.16202547863847,381.8379745213615,516.2197092035236,269.9911216657184,4.0,51.846852855643064,246,63.36145807537938,5,7,3,36,2,No,0,Referral,North
101486,Jan-2028,499,91.34899471446761,407.6510052855324,474.9963860779858,285.94157241649157,7.0,16.709432869040796,139,48.384250088633195,23,11,2,3,0,Yes,0,Paid Search,East
101487,Jan-2028,699,282.90783879703474,416.09216120296526,675.3964519169408,360.118032626259,0.0,55.97412857670626,212,84.43642279831741,28,4,1,52,2,Yes,0,Affiliate,South
101488,Jan-2028,1299,59.11698161637983,1239.88301838362,1319.051057698154,1162.5393368898526,5.0,2.343681493767569,196,106.18703463806955,16,7,5,44,1,Yes,0,Affiliate,South
101489,Jan-2028,1499,93.69909606455909,1405.3009039354408,1535.2368275254037,1404.3332219036295,0.0,0.9676820318112647,66,32.138524610128854,20,19,4,58,3,No,0,Organic,West
101490,Jan-2028,999,298.1097378512968,700.8902621487032,1011.6071595231411,606.4474161846862,1.0,79.44284596401701,295,75.32227312922286,14,10,2,31,0,Yes,0,Affiliate,South
101491,Jan-2028,999,84.35708987884078,914.6429101211593,1042.8805656556265,797.9008898428142,7.0,11.742020278345137,84,15.545310152144507,29,11,5,14,1,Yes,0,Referral,East
101492,Jan-2028,699,138.16588276313283,560.8341172368672,691.4765134726811,333.0977520106337,2.0,197.73636522623346,288,51.05909623650013,13,16,5,6,2,Yes,0,Affiliate,North
101493,Feb-2028,499,100.56361570643662,398.4363842935634,501.7486122010445,336.7129551388192,0.0,61.72342915474414,162,42.57751980769218,29,11,2,19,0,No,0,Paid Search,East
101494,Feb-2028,699,63.9865777540557,635.0134222459443,730.9026166026075,431.2732006688259,3.0,158.7402215771184,254,86.09972511265852,18,8,4,5,0,No,0,Affiliate,North
101495,Feb-2028,1299,135.20308175942438,1163.7969182405757,1350.9132402639955,1054.1893670582363,4.0,49.60755118233941,255,34.260052037286975,21,17,5,55,1,Yes,0,Referral,West
101496,Feb-2028,1299,28.72538837057425,1270.2746116294256,1238.0512762239696,1103.115606762304,8.0,47.159004867121666,207,109.97938945156194,8,11,1,49,1,No,0,Referral,West
101497,Feb-2028,1499,180.54965191722732,1318.4503480827727,1476.8357745361773,1277.335848711082,0.0,41.11449937169063,171,40.68891659657308,25,5,1,51,2,Yes,1,Affiliate,South
101498,Feb-2028,1499,282.67662120493344,1216.3233787950667,1534.8253312102781,1001.382036248725,6.0,124.94134254634177,97,15.810396920682075,2,12,1,59,0,Yes,0,Referral,West
101499,Feb-2028,1299,115.7008479808386,1183.2991520191613,1234.1639202452304,1157.5037800820876,1.0,10.795371937073732,234,10.46552070157422,24,9,4,54,1,Yes,0,Paid Search,West
101500,Feb-2028,1299,101.16996191996637,1197.8300380800335,1346.1520663878955,1065.8601871578398,6.0,41.96985092219376,284,80.628893380632,27,15,3,26,1,No,0,Affiliate,South
101501,Feb-2028,1299,204.27878795579772,1094.7212120442023,1299.2740158493052,919.7271787800894,3.0,,66,14.133133441812445,24,10,1,50,4,Yes,1,Affiliate,East
101502,Feb-2028,699,112.0018702115733,586.9981297884267,670.1032922205303,508.040412981429,4.0,18.957716806997674,150,,14,6,2,56,0,Yes,0,Affiliate,North
101503,Feb-2028,1299,310.3518432506678,988.6481567493322,1291.526002933246,978.0466850541163,0.0,10.601471695215935,294,79.57489308836912,16,10,3,55,2,No,0,Referral,North
101504,Feb-2028,999,195.58704441641802,803.412955583582,998.2629471962969,636.7415679054516,4.0,106.6713876781304,64,26.321355739239067,1,5,2,44,3,No,0,Referral,North
101505,Feb-2028,499,279.98553863182815,219.01446136817185,492.35980544965645,164.69157971302985,0.0,54.32288165514201,177,59.63504425241694,26,10,4,18,0,Yes,0,Affiliate,East
101506,Feb-2028,1299,82.3262564266285,1216.6737435733714,1293.0651198665375,1196.5668749564882,0.0,20.106868616883244,259,134.76356998164857,3,6,1,37,2,Yes,1,Paid Search,West
101507,Feb-2028,499,96.80150756685708,402.1984924331429,518.5306619662189,283.0563852006375,4.0,59.14210723250541,161,43.34917587773852,13,11,5,45,0,Yes,0,Organic,North
101508,Feb-2028,699,130.68763742411167,568.3123625758883,686.7021850394843,475.9908314921701,0.0,92.32153108371817,63,11.667870637457645,10,11,1,36,2,Yes,0,Organic,West
101509,Feb-2028,499,406.58508570618477,92.41491429381523,521.9997438913941,-23.396927441997747,0.0,115.81184173581298,191,29.971725324839195,26,4,4,31,0,Yes,0,Referral,West
101510,Feb-2028,699,308.172643259648,390.827356740352,712.0728514366033,202.53512030718468,4.0,128.29223643316732,222,,11,6,1,18,3,Yes,0,Paid Search,West
101511,Feb-2028,999,165.88172394104964,833.1182760589504,1038.5618984045132,732.316184730348,5.0,25.802091328602405,146,83.98777500049067,22,11,1,52,1,Yes,0,Referral,West
101512,Feb-2028,699,180.52821259809406,518.4717874019059,678.6576302518695,391.8707264481621,,126.6010609537438,215,17.69531528051197,15,6,1,9,1,Yes,0,Affiliate,East
101513,Feb-2028,699,226.18845739019196,472.81154260980804,698.4299745065484,352.3196021156275,2.0,90.49194049418057,240,104.35963300986018,11,16,4,26,1,Yes,0,Referral,South
101514,Feb-2028,1499,436.9865785189751,1062.013421481025,1508.8065562968077,789.3168365780275,11.0,107.6965849029975,168,108.37033239651953,1,7,1,2,2,Yes,1,Paid Search,South
101515,Feb-2028,1299,195.9263751668461,1103.0736248331539,1245.1284776947105,1057.3710571699864,3.0,0.7025676631674145,252,34.60228359505389,6,12,5,58,1,No,0,Organic,South
101516,Feb-2028,1299,155.5151275342524,1143.4848724657477,1298.1739736998281,1040.2762280451316,0.0,,60,15.265280671515347,20,10,5,32,3,No,0,Paid Search,West
101517,Feb-2028,999,109.36819240620147,889.6318075937985,1035.059286992177,776.8518231677524,5.0,37.77998442604611,298,98.24559107821673,25,8,3,42,1,Yes,0,Paid Search,West
101518,Feb-2028,999,178.18982970233293,820.8101702976671,954.2641611676362,751.980704124452,1.0,53.82946617321512,97,158.87506579183534,30,8,3,45,0,Yes,0,Referral,South
101519,Feb-2028,1299,79.5573817978549,1219.442618202145,1317.4856261057741,1141.2312909986754,1.0,63.21132720346968,297,,22,9,3,6,0,Yes,0,Paid Search,West
101520,Feb-2028,1499,209.53108056922474,1289.4689194307753,1572.2644886300345,890.4141085507079,12.0,219.05481088006746,203,80.62927820833879,29,7,3,20,1,Yes,1,Paid Search,West
101521,Feb-2028,1299,21.911595574984943,1277.0884044250151,1302.5627493472616,1238.8999503962752,1.0,23.188454028739926,116,27.499557132115378,27,15,5,8,1,Yes,1,Referral,East
101522,Mar-2028,1499,118.73992927124009,1380.26007072876,1469.5247844436285,1190.114758443342,3.0,145.14531228541807,74,26.50735957598346,24,8,3,45,2,Yes,1,Paid Search,East
101523,Mar-2028,999,238.15594256728036,760.8440574327196,1007.4860574399296,536.4142547109191,4.0,164.42980272180057,258,59.76730219080975,24,15,2,4,0,Yes,0,Paid Search,East
101524,Mar-2028,499,194.29483852048247,304.7051614795175,501.0677234194715,68.6580481372055,8.0,116.04711334231203,238,,2,10,4,25,2,Yes,0,Paid Search,South
101525,Mar-2028,999,94.4850455938018,904.5149544061982,959.5553929933543,852.351025536574,3.0,7.163928869624215,135,47.30648309866326,2,7,4,31,0,No,0,Organic,South
101526,Mar-2028,999,122.15705875000339,876.8429412499966,970.4577345125147,691.1224946974498,0.0,185.72044655254675,270,110.73899595225018,12,9,5,58,0,Yes,0,Paid Search,North
101527,Mar-2028,699,274.24016240306537,424.75983759693463,710.8412024640032,401.32094900003995,0.0,23.438888596894714,159,12.629719917674215,6,13,4,19,3,Yes,0,Paid Search,East
101528,Mar-2028,699,4.751796477189458,694.2482035228105,705.4699902495148,529.2787102142747,4.0,104.96949330853579,203,87.9656225149723,4,6,4,7,5,Yes,0,Affiliate,North
101529,Mar-2028,699,5.448762250640385,693.5512377493596,688.1179782903923,633.8780833936366,0.0,59.67315435572304,211,56.39951612951926,20,6,1,47,2,Yes,0,Paid Search,South
101530,Mar-2028,699,38.443925738700344,660.5560742612996,732.4491313506518,610.0880690020398,,20.46800525925986,139,67.36902580126632,4,13,3,37,4,Yes,0,Affiliate,North
101531,Mar-2028,1499,148.71865628800276,1350.2813437119971,1520.7008204094857,1256.5466186141327,0.0,93.73472509786433,298,52.55287462535466,24,9,3,30,2,Yes,0,Referral,West
101532,Mar-2028,1299,12.808568070743064,1286.1914319292569,1264.0319766533512,1040.8385673435348,3.0,200.35286458572207,58,121.10794150499301,30,11,1,27,0,Yes,0,Referral,West
101533,Mar-2028,499,264.36019113191776,234.63980886808224,497.5619448966526,-15.867819522362936,12.0,70.50762839044516,89,64.69817826436159,19,11,5,17,1,No,0,Affiliate,South
101534,Mar-2028,999,39.084904937296145,959.9150950627038,1020.1380582581188,676.6401414518139,5.0,208.27495361088998,252,37.030830043593326,21,16,2,32,1,Yes,0,Referral,West
101535,Mar-2028,1499,176.92266692917553,1322.0773330708244,1524.7806891516102,1121.7398671910437,11.0,35.33746587978069,56,56.55714492813474,5,12,5,19,3,Yes,0,Referral,West
101536,Mar-2028,499,80.51122788967164,418.48877211032834,486.34179999027134,287.29557565150054,5.0,56.19319645882779,207,35.44079509396387,12,14,2,25,1,Yes,0,Organic,North
101537,Mar-2028,1499,142.14035029923286,1356.859649700767,1521.1623641301608,1158.7963308862913,10.0,48.06331881447579,167,28.101130536267867,6,6,2,29,0,Yes,0,Affiliate,West
101538,Mar-2028,1499,42.401509159049226,1456.5984908409507,1473.9480300258497,1391.2255504514865,4.0,5.372940389464141,243,103.56343572892348,1,11,1,25,0,No,0,Referral,East
101539,Mar-2028,999,270.1579494251947,728.8420505748053,994.7547103623508,606.3116569883828,6.0,32.530393586422576,207,35.589216854156945,21,7,5,53,2,Yes,0,Affiliate,South
101540,Mar-2028,1299,34.62024019543189,1264.379759804568,1320.972529093201,1135.703267953198,7.0,23.67649185136992,245,9.758495872893796,28,11,3,32,1,No,1,Referral,East
101541,Mar-2028,699,22.053993474755686,676.9460065252443,704.6614860613028,635.126641052911,1.0,26.81936547233329,107,,8,11,5,37,0,Yes,0,Affiliate,East
101542,Mar-2028,1299,435.48108160825115,863.5189183917489,1326.633692737305,807.5713106334975,3.0,10.947607758251351,104,37.23876803223805,18,12,5,11,1,Yes,0,Paid Search,North
101543,Mar-2028,999,216.51687731491296,782.483122685087,987.1955692373864,710.4103327307047,3.0,27.072789954382294,63,136.80240628386505,1,10,2,4,1,Yes,0,Affiliate,West
101544,Mar-2028,999,265.489968993969,733.510031006031,1024.1748573393868,558.58694649018,2.0,144.92308451585092,254,75.99402986424711,12,6,2,46,2,Yes,1,Affiliate,South
101545,Mar-2028,999,205.06696756342785,793.9330324365721,950.6151106977727,649.2865863416392,,69.64644609493288,167,132.31489352974228,7,7,3,31,3,Yes,1,Affiliate,North
101546,Mar-2028,499,95.7023328016318,403.29766719836823,483.429573556823,211.72334215567264,5.0,116.57432504269559,266,86.5784828915877,15,9,3,36,0,No,0,Paid Search,West
101547,Mar-2028,1299,6.821982894601263,1292.1780171053988,1360.4717886394271,1096.3118144687187,7.0,90.86620263668016,254,105.45976996178575,0,10,2,4,1,Yes,1,Affiliate,East
101548,Mar-2028,1299,114.14155350892095,1184.8584464910791,1245.3158754401886,1077.0664897549264,6.0,17.791956736152784,126,65.26465154650147,10,11,5,2,1,Yes,0,Referral,South
101549,Mar-2028,1499,32.62087865693252,1466.3791213430675,1523.2692761231206,1230.421515081941,9.0,100.95760626112666,214,90.59681206153596,7,9,2,39,0,Yes,0,Referral,North
101550,Mar-2028,1499,39.826179307857714,1459.1738206921423,1561.4719507427574,1302.6784802939285,9.0,21.49534039821387,173,24.89771910363462,20,5,4,51,3,Yes,0,Paid Search,East
101551,Mar-2028,1499,39.98247947636361,1459.0175205236364,1552.896021478815,1393.6142162068218,3.0,20.403304316814644,221,86.28997252722874,24,6,4,33,2,No,0,Affiliate,East
101552,Mar-2028,999,163.73711517545954,835.2628848245405,1040.2342654668296,621.6556815672526,13.0,18.60720325728788,183,14.975900747324756,24,13,2,44,1,No,0,Referral,North
101553,Apr-2028,1299,338.80945770310154,960.1905422968985,1361.859766932534,724.9640722115207,9.0,100.22647008537777,75,47.43498819901078,19,8,3,27,0,No,0,Affiliate,East
101554,Apr-2028,999,216.97640676317388,782.0235932368262,984.7416296364277,648.1096274348617,1.0,118.91396580196448,177,31.081588739891824,0,13,2,26,1,No,1,Organic,West
101555,Apr-2028,499,137.30515345779452,361.6948465422055,490.5248865856529,146.85293908084407,4.0,154.84190746136142,167,60.02904369430919,20,6,5,19,1,Yes,0,Affiliate,East
101556,Apr-2028,1499,145.1313752627818,1353.8686247372182,1442.1672084884274,1240.7063416043252,6.0,23.16228313289296,191,34.85349606752623,6,7,4,57,1,No,0,Paid Search,North
101557,Apr-2028,999,215.7332774872316,783.2667225127684,969.1788757052404,651.4298254924976,5.0,56.83689702027079,185,15.54421871093462,24,10,1,44,4,Yes,0,Affiliate,West
101558,Apr-2028,999,99.13974937207482,899.8602506279252,1014.2725460645435,840.3625770889332,0.0,59.497673538991975,73,14.198891136339542,25,10,3,41,2,Yes,0,Referral,North
101559,Apr-2028,499,21.2011074264407,477.7988925735593,490.5742817875329,427.3730950513043,1.0,35.42579752225507,263,16.864554693835736,24,9,1,58,2,Yes,0,Affiliate,West
101560,Apr-2028,699,166.12950334827318,532.8704966517269,687.8962104683322,518.1896056491682,0.0,14.680891002558646,281,61.19517952568184,8,15,3,39,1,Yes,1,Paid Search,East
101561,Apr-2028,1299,118.80288135981189,1180.1971186401881,1317.9555076604809,927.3365653825836,4.0,192.86055325760464,216,62.88239885489481,21,12,1,33,3,Yes,0,Referral,North
101562,Apr-2028,699,45.683455055095166,653.3165449449049,671.3630700213502,468.6356993034062,9.0,49.680845641498635,226,34.75388035257397,1,8,1,38,3,Yes,0,Organic,East
101563,Apr-2028,1499,163.4276045386319,1335.5723954613682,1432.4361441787069,1147.6908646616985,8.0,,134,69.53907954620641,20,13,2,10,1,Yes,0,Organic,West
101564,Apr-2028,999,162.39349836083315,836.6065016391668,1029.2536757199493,756.1152082988033,5.0,5.491293340363555,284,43.90795032186075,18,4,3,1,0,No,0,Affiliate,South
101565,Apr-2028,499,332.2348847347713,166.7651152652287,513.4632816554958,121.16180692881983,2.0,15.603308336408858,112,66.0042733075865,27,9,4,50,1,Yes,0,Affiliate,West
101566,Apr-2028,499,232.37010005360756,266.62989994639247,493.26603719845826,164.9265476510563,0.0,,75,49.71437590685325,5,8,1,35,2,No,0,Organic,East
101567,Apr-2028,1299,176.03673480442473,1122.9632651955753,1311.089497110162,1015.7952422557521,6.0,17.16802293982323,59,88.60720308610595,26,11,2,11,0,No,1,Paid Search,North
101568,Apr-2028,699,36.29826316183292,662.7017368381671,680.6917483541934,468.1031076999048,1.0,179.5986291382623,254,24.5226538762599,4,10,5,59,2,Yes,0,Referral,West
101569,Apr-2028,1299,21.187305707101387,1277.8126942928986,1281.8061235303505,1153.5114026315312,3.0,,155,8.005858985930518,12,20,3,14,1,Yes,0,Paid Search,North
101570,Apr-2028,999,221.8617608923929,777.1382391076071,952.6866337432483,701.4851933784228,5.0,,166,44.24966922198929,29,6,3,6,1,Yes,0,Paid Search,East
101571,Apr-2028,1299,125.99167530714841,1173.0083246928516,1269.5916869149257,1074.6181889827474,2.0,68.39013571010419,107,53.65098358751722,9,6,4,43,0,Yes,0,Paid Search,East
101572,Apr-2028,499,179.9238709351929,319.0761290648071,474.8673293383198,148.1270693435012,1.0,155.9490597213059,63,19.927174793290156,26,7,1,39,1,Yes,0,Organic,East
101573,Apr-2028,499,267.3600629005872,231.6399370994128,495.21138255936944,64.54181600334107,8.0,47.09812109607175,122,23.17294270603268,0,10,2,40,1,Yes,0,Organic,West
101574,Apr-2028,1499,31.57665301701718,1467.4233469829828,1501.9565149958314,1320.334494601605,,27.088852381377873,248,74.56296312717102,25,10,1,25,0,Yes,0,Referral,South
101575,Apr-2028,1499,317.64424620347927,1181.3557537965207,1498.3000691550094,934.547475832889,11.0,81.80827796363172,88,75.9463398568443,25,7,2,23,1,Yes,0,Organic,North
101576,Apr-2028,999,266.32581443387954,732.6741855661205,983.0870305727559,570.753003108758,0.0,161.92118245736253,171,,27,14,4,54,4,Yes,1,Referral,South
101577,Apr-2028,699,96.53282663851738,602.4671733614827,678.5155295365072,460.18167303717973,5.0,67.28550032430297,208,,17,12,1,5,1,Yes,0,Referral,North
101578,Apr-2028,1299,432.37109386931724,866.6289061306827,1293.0692463897858,680.2168512536861,3.0,141.41205487699665,227,72.54308470003915,26,19,5,26,2,Yes,1,Organic,South
101579,Apr-2028,999,188.56515828977479,810.4348417102252,1035.9559210218256,723.9258091416871,4.0,26.50903256853809,193,53.213158195968276,20,6,4,18,1,Yes,0,Organic,West
101580,Apr-2028,1499,92.57540394924555,1406.4245960507544,1571.4361759164947,1349.5174293461732,2.0,26.90716670458113,121,,13,13,4,32,3,Yes,1,Organic,West
101581,Apr-2028,1299,212.28746683259106,1086.712533167409,1274.6730863554228,958.1354120569808,4.0,68.57712111042815,161,95.10784687748604,11,15,3,47,1,Yes,0,Referral,East
101582,Apr-2028,1499,32.7030435673517,1466.2969564326484,1570.1169861635042,1430.5082626732917,2.0,5.788693759356647,100,3.878519151596079,5,14,2,56,3,No,0,Paid Search,South
101583,May-2028,1299,215.53540238322614,1083.464597616774,1290.4982414055523,963.3647926980913,1.0,105.09980491868268,192,47.552093912606566,13,10,1,21,2,Yes,0,Referral,West
101584,May-2028,699,54.780424999762644,644.2195750002373,706.9177254704953,521.9658392886929,7.0,17.25373571154445,138,73.20464963235275,16,11,2,26,1,No,0,Referral,East
101585,May-2028,999,392.4431442564721,606.5568557435279,1029.3409900600593,503.3202616995269,4.0,43.236594044001016,288,15.105830385504836,6,7,4,50,1,Yes,0,Affiliate,North
101586,May-2028,1299,157.21202326876812,1141.787976731232,1280.7386907399296,952.5560284568031,4.0,129.23194827442885,87,,2,3,1,35,1,No,0,Affiliate,East
101587,May-2028,499,227.97876624873885,271.02123375126115,484.44330258343575,230.99893355403998,0.0,40.022300197221185,154,145.03646066893828,16,12,5,10,0,Yes,1,Paid Search,North
101588,May-2028,499,55.672188041743325,443.3278119582567,487.67651419675997,352.734626678398,4.0,30.59318527985869,128,75.32071870969956,22,8,2,58,0,Yes,0,Referral,North
101589,May-2028,1299,247.979522867203,1051.020477132797,1342.9862421842736,742.983372509512,11.0,143.03710462328485,138,121.68599727373005,22,15,2,28,1,Yes,1,Referral,East
101590,May-2028,1299,148.49039237974654,1150.5096076202535,1355.4382758251497,1000.9010302513095,2.0,119.60857736894405,120,90.49374391674571,9,17,5,31,2,Yes,0,Organic,West
101591,May-2028,1299,19.42220499863339,1279.5777950013667,1250.740419057495,1227.6403256398373,0.0,51.93746936152935,139,62.003937186958666,2,16,4,15,1,Yes,0,Affiliate,North
101592,May-2028,499,121.34847361341025,377.65152638658975,508.70617074230347,222.21647410125092,5.0,80.4350522853388,121,157.81745577347942,15,10,2,55,1,Yes,0,Organic,North
101593,May-2028,499,381.7333282635045,117.26667173649548,475.7917273217151,-2.5147400461700897,7.0,,259,57.24054780440829,5,14,3,58,0,Yes,0,Affiliate,North
101594,May-2028,1299,253.07724312519696,1045.922756874803,1347.7065300151603,842.8008297972946,4.0,143.12192707750853,198,44.68197136623337,30,9,3,40,1,Yes,0,Affiliate,South
101595,May-2028,1499,104.52299173122077,1394.4770082687792,1552.4883376291314,1330.352956452357,2.0,34.12405181642216,65,90.56378699871603,3,13,1,53,3,Yes,0,Paid Search,South
101596,May-2028,1499,74.29989132011218,1424.7001086798878,1540.1629640928425,1374.359412472925,1.0,35.340696206962775,160,96.22629005327083,29,12,5,58,2,No,1,Organic,North
101597,May-2028,699,50.10105861232421,648.8989413876758,721.6742461382044,416.7530294622276,6.0,142.14591192544822,116,68.49740623284886,19,9,4,8,1,No,0,Affiliate,South
101598,May-2028,999,18.776880484135376,980.2231195158646,1009.424514691852,750.3419953639423,10.0,79.88112415192239,114,31.57031876587443,8,8,3,46,2,No,0,Organic,South
101599,May-2028,1499,71.40096077201977,1427.5990392279803,1446.1314286756226,1371.6339793115753,1.0,40.965059916404925,62,90.29336455976886,28,14,1,10,1,Yes,0,Organic,West
101600,May-2028,499,244.27093561983628,254.72906438016372,519.6864440327014,145.08236344047782,1.0,94.64670093968589,167,31.073837529933062,6,11,1,45,2,Yes,1,Affiliate,East
101601,May-2028,1499,157.48648756561988,1341.5135124343801,1445.1893486255258,1236.4291987202118,3.0,60.08431371416839,241,50.9204126688054,15,12,2,10,0,Yes,1,Paid Search,East
101602,May-2028,699,365.4130138012729,333.5869861987271,679.7914061895615,239.26544918527009,3.0,49.321537013457004,110,23.092014111856173,5,7,4,38,1,Yes,0,Paid Search,West
101603,May-2028,699,30.282972144284514,668.7170278557155,694.2896740960475,599.3816319074256,3.0,24.335395948289943,81,24.43040691065561,11,11,3,18,2,Yes,0,Organic,North
101604,May-2028,999,149.72628782890436,849.2737121710957,998.7965303465703,843.4355888715152,0.0,5.838123299580495,189,43.68384424765135,24,7,5,48,1,Yes,0,Affiliate,East
101605,May-2028,1499,17.300922209629704,1481.6990777903702,1438.488038869959,1203.9415163884457,11.0,112.7575614019245,144,63.4061435671893,28,11,2,28,1,Yes,0,Affiliate,North
101606,May-2028,499,78.61519666005091,420.3848033399491,512.0577637037073,311.74279154825734,3.0,63.64201179169174,90,153.94758504140077,2,10,3,28,3,Yes,0,Referral,North
101607,May-2028,499,123.34680456808971,375.65319543191026,480.90157940102756,356.6566765931639,0.0,18.99651883874634,243,,11,8,1,50,0,Yes,0,Paid Search,West
101608,May-2028,1299,105.04152386260228,1193.9584761373976,1319.1033086253153,1096.245623669174,1.0,82.71285246822372,282,52.27945786357119,19,10,5,56,1,Yes,0,Affiliate,East
101609,May-2028,499,156.42487567386013,342.57512432613987,496.6038383078362,317.5601782395658,1.0,10.014946086574064,185,45.47882906745977,13,9,1,20,3,Yes,0,Paid Search,West
101610,May-2028,999,266.59314759016644,732.4068524098336,1030.062492282574,623.3365503685328,0.0,109.07030204130082,236,65.17813965539078,13,7,2,24,0,Yes,0,Referral,East
101611,May-2028,999,253.9701102545465,745.0298897454535,978.5808515555929,583.9852571551421,5.0,86.04463259031135,74,,8,5,5,57,1,Yes,0,Referral,West
101612,May-2028,499,57.67984990904408,441.3201500909559,515.7926945126702,274.280081281063,9.0,32.04006880989287,182,76.3248335456487,3,13,5,6,3,Yes,1,Organic,East
101613,May-2028,499,146.3575053763621,352.6424946236379,486.6377726743596,255.6238177506134,4.0,37.01867687302451,94,21.78698227549956,22,6,2,41,0,No,0,Referral,North
101614,Jun-2028,1299,245.29156499513326,1053.7084350048667,1308.657101997715,1031.0543092845498,0.0,22.654125720316898,179,48.932214293298735,24,11,1,48,3,No,1,Referral,North
101615,Jun-2028,499,274.2883808915407,224.71161910845927,498.3070069665442,-54.963742711048496,10.0,129.67536181950777,219,62.676759875752374,19,10,5,32,1,Yes,0,Affiliate,West
101616,Jun-2028,1299,70.66119784150168,1228.3388021584983,1279.8496869518722,1056.0514544692219,7.0,67.28734768927643,299,100.05297448293496,24,6,4,6,1,No,0,Affiliate,South
101617,Jun-2028,1299,234.97973457602876,1064.0202654239713,1235.5799380112237,941.3392133213292,6.0,32.681052102642106,215,77.31792282398658,14,16,4,11,0,Yes,0,Referral,North
101618,Jun-2028,499,189.73758110252413,309.26241889747587,493.90263876665705,251.63754665247092,2.0,27.62487224500495,280,48.10332656898525,6,4,1,30,1,Yes,0,Affiliate,East
101619,Jun-2028,699,22.081306375328523,676.9186936246715,672.3234012714443,549.7593700472239,2.0,97.15932357744755,52,24.460039615826155,19,18,5,3,1,Yes,0,Affiliate,North
101620,Jun-2028,699,246.0189555102882,452.9810444897118,679.7885006123058,284.5606294936928,5.0,93.42041499601905,223,166.48958974724107,18,8,1,8,1,No,1,Organic,East
101621,Jun-2028,1299,168.18518501189627,1130.8148149881038,1323.4601819676616,1047.86620842012,5.0,7.948606567983624,289,27.436228010631872,5,9,4,33,1,No,0,Affiliate,East
101622,Jun-2028,499,58.96687275918313,440.03312724081684,502.55730029512205,378.6456825946252,3.0,,279,16.470558370592677,18,9,5,54,0,No,0,Organic,West
101623,Jun-2028,699,114.73757271463568,584.2624272853643,700.8928722844199,483.62356771325017,4.0,40.63885957211414,199,29.88691514903376,6,13,5,47,1,Yes,0,Affiliate,North
101624,Jun-2028,499,154.7829049901967,344.2170950098033,502.19443760360895,151.9270421385691,10.0,42.29005287123421,153,13.442357799701593,0,5,1,47,0,Yes,0,Organic,West
101625,Jun-2028,499,77.30106254188875,421.69893745811123,480.04066378117125,125.80239194575455,16.0,55.89654551235668,82,62.17696779148667,6,10,5,19,1,Yes,1,Organic,East
101626,Jun-2028,499,297.38741105982297,201.61258894017703,482.26557826342406,59.977561879233235,4.0,81.6350270609438,293,47.87082763131321,2,5,1,58,2,Yes,0,Paid Search,West
101627,Jun-2028,1499,301.7362188813727,1197.2637811186273,1505.4158985477904,994.9062261242841,10.0,52.35755499434312,81,40.58583235739499,24,6,3,10,2,Yes,0,Organic,North
101628,Jun-2028,499,104.10118093045861,394.8988190695414,494.3507035886451,355.66637147883466,2.0,9.232447590706713,160,,5,23,3,19,2,Yes,0,Affiliate,West
101629,Jun-2028,1499,90.93293743755092,1408.067062562449,1493.4839874375486,1392.803455553007,1.0,0.26360700944208304,66,31.448176126985697,22,11,4,9,0,Yes,0,Organic,East
101630,Jun-2028,1299,134.25183919568147,1164.7481608043186,1348.251884758855,1018.6368866958339,4.0,86.1112741084847,169,7.121422809977735,24,6,4,7,0,No,1,Referral,North
101631,Jun-2028,699,125.99033210319831,573.0096678968017,676.9929859506478,455.3698774150049,3.0,72.6397904817968,131,90.68805458848071,5,9,2,14,2,No,0,Organic,West
101632,Jun-2028,699,78.89977274376928,620.1002272562307,727.7078102334397,414.9702997381711,3.0,160.12992751805965,233,33.88335292319236,25,15,3,2,2,Yes,0,Organic,South
101633,Jun-2028,699,295.05559311879495,403.94440688120505,723.9883753911017,271.5165813783089,5.0,57.42782550289615,52,14.02288601664038,10,7,3,22,1,Yes,0,Referral,North
101634,Jun-2028,699,360.5774250719537,338.4225749280463,727.0849695544259,196.93217746956037,5.0,66.49039745848592,297,9.424182886235354,1,12,2,45,0,No,0,Affiliate,East
101635,Jun-2028,699,150.05015565337706,548.949844346623,708.8811683661229,445.9055028863476,4.0,43.044341460275334,119,113.58059793799502,30,12,1,20,1,No,0,Affiliate,West
101636,Jun-2028,699,128.60278656851082,570.3972134314891,724.4390775918916,512.5190753796373,1.0,42.87813805185178,226,36.90028008694557,5,8,3,26,0,Yes,0,Affiliate,East
101637,Jun-2028,699,189.02029560623407,509.9797043937659,733.3341396898782,304.8255704951883,10.0,55.154133898577655,232,36.1865617685621,21,12,3,59,5,No,0,Organic,West
101638,Jun-2028,1299,140.3930701759092,1158.606929824091,1295.2868117592186,1102.0699757232733,0.0,56.536954100817546,254,67.3712344405529,17,11,4,55,0,Yes,0,Referral,West
101639,Jun-2028,499,98.36209864254607,400.6379013574539,517.05423987024,192.47067205429607,9.0,73.16722930315782,296,31.59819952794892,22,5,2,4,0,No,1,Paid Search,North
101640,Jun-2028,999,29.322481632966074,969.6775183670339,1039.328913165261,773.1068025776502,3.0,151.5707157893837,167,,13,8,2,39,1,Yes,1,Affiliate,West
101641,Jun-2028,1499,70.63353317948349,1428.3664668205165,1470.4839296220716,1389.0218719053553,0.0,39.34459491516124,80,29.03740668529485,11,5,4,54,2,No,0,Referral,East
101642,Jun-2028,999,12.525471594527232,986.4745284054727,993.2762969082737,771.2815688109131,2.0,185.19295959455968,258,57.263404908173335,8,13,3,40,1,No,0,Referral,South
101643,Jun-2028,999,15.99911199478234,983.0008880052177,1006.3600847535859,868.8000645440218,,69.20082346119594,198,28.855944551391836,12,11,5,23,1,Yes,0,Affiliate,West
101644,Jul-2028,499,228.11065896491627,270.8893410350837,491.4728992624773,131.05410195450582,4.0,79.83523908057788,65,23.555305074865114,25,13,2,16,2,Yes,0,Paid Search,North
101645,Jul-2028,499,236.95477761172737,262.04522238827263,490.1250333175855,167.3369107754125,3.0,49.70831161286016,66,18.7504347819819,19,11,3,25,2,No,0,Affiliate,South
101646,Jul-2028,499,44.18410746398746,454.81589253601254,493.0477347117064,271.8849219538838,5.0,107.93097058212874,145,63.19703025791327,26,7,1,52,2,Yes,0,Referral,South
101647,Jul-2028,699,169.63849685248738,529.3615031475126,693.6810457620658,355.65473083732525,7.0,68.70677231018738,178,56.10732780877572,20,11,2,9,0,Yes,0,Referral,North
101648,Jul-2028,1299,151.09448634022516,1147.905513659775,1266.8198426759586,934.3075663359283,3.0,168.5979473238466,161,69.09458186960279,21,14,4,53,1,Yes,0,Paid Search,South
101649,Jul-2028,699,99.41493412088178,599.5850658791182,697.1345079434793,477.91546956077775,4.0,61.669596318340524,151,40.76937648989786,0,9,2,11,2,Yes,0,Referral,West
101650,Jul-2028,1299,96.44850159598425,1202.5514984040158,1335.2093967703886,1057.549915168262,7.0,40.00158323575378,121,33.56925428767322,7,13,4,25,2,Yes,0,Affiliate,East
101651,Jul-2028,1299,264.7124970917238,1034.287502908276,1315.1708411853972,850.8018676337898,3.0,138.48563527448633,242,24.604753641701116,27,8,1,31,1,Yes,0,Affiliate,West
101652,Jul-2028,999,166.63831505674227,832.3616849432577,986.9884090363568,686.1324220771957,6.0,56.22926286606205,115,37.14073820651971,28,9,3,46,1,Yes,0,Paid Search,West
101653,Jul-2028,999,32.83444217759049,966.1655578224095,964.6539771851822,896.5771992067157,4.0,9.588358615693835,160,10.066499260738988,8,10,4,27,1,Yes,1,Affiliate,South
101654,Jul-2028,1299,5.2304359249140475,1293.769564075086,1341.0931648366418,1226.9543685707508,4.0,6.8151955043352,86,59.194695155883295,16,7,4,36,1,Yes,1,Affiliate,East
101655,Jul-2028,1299,118.48663716180525,1180.5133628381948,1300.47206182478,858.2317493965013,1.0,307.2816134416935,201,,12,12,1,51,3,Yes,0,Affiliate,South
101656,Jul-2028,699,41.23046853724297,657.7695314627571,731.9396955038767,607.8035533741248,,19.96597808863224,140,98.1026507481609,3,11,5,47,1,Yes,1,Paid Search,North
101657,Jul-2028,699,141.31228511668593,557.6877148833141,681.713257932495,465.72378015807965,0.0,91.9639347252345,133,45.80599209434164,5,19,2,14,2,Yes,0,Paid Search,West
101658,Jul-2028,999,273.1370453282359,725.8629546717641,966.5837494856866,568.6869704806879,5.0,82.17598419107614,160,6.892931505605521,12,10,5,23,1,No,0,Organic,East
101659,Jul-2028,499,15.573889391934017,483.426110608066,474.44956432827405,344.59723160269436,3.0,93.82887900537165,111,,25,13,2,16,4,Yes,1,Paid Search,South
101660,Jul-2028,1299,160.53353217707624,1138.4664678229237,1244.782801326644,1036.1693533660825,1.0,87.29711445684121,70,169.40935689677164,16,14,1,20,1,No,0,Referral,East
101661,Jul-2028,699,259.8059979203268,439.1940020796732,690.989590575731,245.60341983173674,11.0,28.59058224793649,155,63.04746077961235,18,12,1,53,1,Yes,1,Organic,North
101662,Jul-2028,999,139.6575197018269,859.3424802981731,968.8542246075531,768.3785782549515,0.0,90.96390204322151,86,81.8005225581093,29,12,5,3,1,Yes,0,Referral,West
101663,Jul-2028,699,236.58970741411838,462.4102925858816,666.6980641834951,249.95982166589533,10.0,,84,105.17958999002562,22,11,1,6,0,Yes,0,Paid Search,East
101664,Jul-2028,1299,115.52730094614452,1183.4726990538554,1263.325270469303,1134.498347979967,0.0,48.974351073888336,215,22.76236936355927,30,13,3,29,3,Yes,0,Affiliate,East
101665,Jul-2028,1299,170.49936953083642,1128.5006304691635,1328.7152145789405,948.5860769728749,8.0,59.914553496288654,230,,23,10,5,4,1,No,0,Affiliate,East
101666,Jul-2028,1499,202.89419188106118,1296.1058081189387,1534.3305912423436,1185.8872522088147,1.0,95.21855591012402,192,23.779014620124954,28,13,4,1,2,Yes,0,Organic,South
101667,Jul-2028,499,81.35970740842384,417.64029259157616,481.51682498158556,325.72969906339677,5.0,16.910593528179398,163,75.21207607267242,7,11,4,50,2,No,0,Referral,South
101668,Jul-2028,1499,388.88112206279993,1110.1188779372,1564.4297613225567,1079.742148753789,,0.3767291834110864,287,24.036924163465486,20,7,1,8,1,Yes,0,Organic,East
101669,Jul-2028,999,219.3096216398306,779.6903783601695,964.9377067761287,627.6229285510553,2.0,122.06744980911414,219,40.51187653630459,16,9,1,48,0,No,0,Organic,North
101670,Jul-2028,699,306.3582598460305,392.6417401539695,670.294951802534,368.9494854867136,0.0,23.692254667255874,143,79.6640924148139,16,15,2,20,3,No,0,Affiliate,East
101671,Jul-2028,999,278.52287356329214,720.4771264367079,965.3274512645729,694.974605806417,1.0,10.502520630290888,53,74.62094116321775,23,7,5,16,0,Yes,0,Paid Search,West
101672,Jul-2028,1299,189.27471231400935,1109.7252876859907,1252.3036468222044,1031.144715353546,5.0,3.5805723324446888,156,53.073483700255345,20,9,5,47,2,Yes,0,Organic,West
101673,Jul-2028,1499,316.2947306831769,1182.705269316823,1518.742794978959,1040.1397583635965,3.0,97.56551095322651,293,105.99379119086761,14,8,3,31,0,Yes,0,Affiliate,West
101674,Jul-2028,1499,172.5497653430301,1326.45023465697,1447.4730024887986,1248.2315022128003,3.0,33.21873244416966,216,79.36956704979423,26,15,4,32,0,Yes,0,Referral,East
101675,Aug-2028,1499,62.426966019076445,1436.5730339809236,1519.1357663892877,1044.5484108252572,11.0,227.02462315566652,128,29.148973750990155,24,6,4,58,0,Yes,0,Organic,South
101676,Aug-2028,999,151.77830778755558,847.2216922124444,976.6821701934014,687.6258590044507,7.0,54.59583320799366,72,13.61611171697488,0,9,3,34,0,Yes,0,Organic,East
101677,Aug-2028,1299,29.259970510184246,1269.7400294898157,1266.3177890129207,1133.2118599713615,6.0,46.528169518454206,154,21.768281279702602,1,11,2,29,1,Yes,0,Paid Search,East
101678,Aug-2028,699,102.20451937317625,596.7954806268237,726.7678870268575,491.7454026410561,6.0,15.050077985767672,64,82.87510529986906,19,16,3,12,1,Yes,0,Paid Search,West
101679,Aug-2028,699,47.69493083291695,651.305069167083,679.0318570463772,548.8794055228185,0.0,102.42566364426452,267,62.51575109676298,9,8,2,4,1,Yes,0,Paid Search,North
101680,Aug-2028,999,158.74578395650497,840.254216043495,1035.4219981856186,778.267918083046,4.0,1.9862979604490505,189,106.75883860746582,26,6,2,55,3,Yes,0,Paid Search,North
101681,Aug-2028,1499,277.43097425856973,1221.5690257414303,1469.5487411117106,1172.94650400023,0.0,48.62252174120026,259,67.23590359116406,15,16,2,43,0,No,0,Paid Search,West
101682,Aug-2028,499,47.33769545083749,451.6623045491625,523.5122932817999,233.38587220415604,6.0,128.2764323450065,247,80.6327792490453,22,6,1,34,1,No,0,Affiliate,East
101683,Aug-2028,999,271.21949442325854,727.7805055767415,1047.0448092270792,572.4711013407358,1.0,140.30940423600566,177,58.584973806425516,3,9,1,6,0,Yes,0,Organic,East
101684,Aug-2028,999,4.718041703174748,994.2819582968252,1031.7284226937754,866.2353856194378,8.0,8.046572677387466,131,,7,8,2,49,1,Yes,0,Affiliate,West
101685,Aug-2028,1299,39.65730406326597,1259.3426959367341,1346.814448441099,1139.8885370379412,6.0,,170,27.136749764188068,15,8,3,51,1,Yes,1,Affiliate,North
101686,Aug-2028,699,323.8987924075742,375.1012075924258,721.5959340827993,272.3552346571831,3.0,57.74597293524273,291,21.962975668067074,6,17,3,9,2,Yes,0,Paid Search,North
101687,Aug-2028,999,155.71452239549947,843.2854776045006,1011.9515937483264,565.8993608458454,8.0,157.3861167586552,231,28.307800734868135,4,6,3,5,4,Yes,0,Organic,West
101688,Aug-2028,999,129.1653665658428,869.8346334341572,1029.8713774050188,696.8503702626211,9.0,37.98426317153606,137,108.5868967117742,22,15,1,46,1,Yes,0,Paid Search,East
101689,Aug-2028,1499,178.23359878893922,1320.7664012110608,1518.2293191082956,1166.9884174941292,5.0,78.7779837169316,215,73.64027921047077,7,8,2,16,1,Yes,0,Paid Search,East
101690,Aug-2028,1499,5.231609913834518,1493.7683900861655,1550.2906835420106,1379.3331220195882,4.0,54.43526806657728,205,41.24399617733525,2,16,4,59,1,Yes,0,Referral,East
101691,Aug-2028,499,110.2982245711413,388.7017754288587,520.7341155349061,276.9401616891409,6.0,21.761613739717816,128,63.899402945667916,2,9,3,56,5,No,0,Paid Search,South
101692,Aug-2028,1299,150.31933897518618,1148.6806610248138,1331.9063707027767,939.6935921569702,4.0,148.98706886784356,68,63.2231668613782,17,5,1,1,0,No,0,Paid Search,North
101693,Aug-2028,499,297.76571234153187,201.23428765846813,522.1878841511652,42.00705875602645,2.0,129.22722890244168,118,114.88749555793893,3,11,5,20,0,No,0,Affiliate,North
101694,Aug-2028,1499,50.45005671616815,1448.549943283832,1491.2396772174934,1245.487806938832,,,241,38.143419078160186,26,6,2,35,1,Yes,0,Affiliate,South
101695,Aug-2028,699,361.5588378450925,337.4411621549075,728.7345673575143,178.02494562147368,1.0,144.4162165334338,181,56.14481192032537,3,11,3,10,0,Yes,0,Organic,North
101696,Aug-2028,1499,135.04227140099482,1363.9577285990051,1457.9620580460194,1313.1417651715115,0.0,50.815963427493585,258,81.06516222499965,14,0,1,25,3,Yes,0,Organic,West
101697,Aug-2028,1299,16.733250123958896,1282.266749876041,1238.1244720040518,1077.712784271463,7.0,99.55396560457791,294,28.015365643202436,29,8,5,47,0,Yes,0,Paid Search,South
101698,Aug-2028,1499,4.996165936126943,1494.003834063873,1443.2517014942043,1372.4571150847657,3.0,76.54671897910725,59,121.40951420108372,14,10,2,55,0,Yes,1,Paid Search,North
101699,Aug-2028,1299,182.77791804050474,1116.2220819594952,1254.8661218550064,1033.6555076563122,4.0,22.566574303183017,189,78.38551222721077,28,15,4,28,0,No,0,Referral,East
101700,Aug-2028,1299,11.665137608223091,1287.3348623917768,1341.1430151884213,1082.9823934803042,10.0,54.352468911472585,246,21.786956273518545,3,10,2,35,2,Yes,0,Referral,West
101701,Aug-2028,1299,82.78517458882814,1216.214825411172,1286.1410998307792,1106.6940545538023,2.0,79.52077085736953,184,148.80960411679862,1,8,2,33,0,Yes,1,Affiliate,South
101702,Aug-2028,1299,120.0116326946642,1178.9883673053357,1264.3398594150099,1106.2705273905428,1.0,57.71783991479279,93,106.13945047117912,22,12,3,45,3,No,0,Organic,South
101703,Aug-2028,1299,287.2410887285791,1011.7589112714209,1339.563958645256,853.6719859680475,9.0,23.086925303373338,200,71.70972456411982,25,5,2,15,2,No,0,Organic,East
101704,Aug-2028,699,272.21441511167683,426.78558488832317,678.1784748900742,324.1750944671885,4.0,42.61049042113465,51,7.982261181054509,2,9,5,21,1,Yes,0,Organic,South
101705,Aug-2028,499,72.8409131857249,426.1590868142751,477.935963806701,189.60198051538768,3.0,191.55710629888742,143,32.279440012931175,27,13,5,42,2,Yes,0,Affiliate,North
101706,Sep-2028,999,124.47801957348936,874.5219804265106,995.6224667111957,750.1531953669398,0.0,124.3687850595708,165,53.36764929709237,30,12,2,35,3,Yes,1,Organic,South
101707,Sep-2028,499,41.44618802108948,457.5538119789105,477.5134217046574,296.3621058306203,4.0,101.1917061482902,290,56.37148301118994,9,14,2,59,0,Yes,0,Affiliate,East
101708,Sep-2028,1299,94.69146158924642,1204.3085384107535,1270.2839873979724,1011.9068471251146,5.0,117.40169128563898,286,50.28963069311068,0,5,5,50,0,Yes,0,Affiliate,South
101709,Sep-2028,699,2.513706288885629,696.4862937111144,713.0034752006933,479.0683659772219,6.0,127.41792773389248,214,16.59810334169078,17,11,5,51,1,No,0,Organic,West
101710,Sep-2028,1499,284.7716833590972,1214.228316640903,1480.1923782456815,1033.9599985232105,8.0,60.26831811769249,118,39.59707300292814,4,13,3,53,0,Yes,0,Referral,West
101711,Sep-2028,699,243.60968666657521,455.3903133334248,670.164632355724,413.84573376566834,1.0,26.54457956775647,197,42.696584016053215,8,11,4,37,4,Yes,0,Referral,North
101712,Sep-2028,1299,196.0123515115937,1102.9876484884062,1286.3987938750156,1050.4390714347892,2.0,22.54857705361705,267,6.304217766467623,19,4,5,10,0,Yes,0,Organic,East
101713,Sep-2028,699,24.91493839446923,674.0850616055308,699.9186798303559,525.7261941754462,,73.35886743008462,221,71.32941273287653,5,14,4,56,1,Yes,0,Referral,South
101714,Sep-2028,699,64.60085071306254,634.3991492869375,681.5409306380753,489.0465689379081,7.0,40.35258034902935,157,130.38374762118394,18,10,4,16,0,Yes,0,Referral,South
101715,Sep-2028,1299,47.06147661856541,1251.9385233814346,1256.2487403978494,1126.660320786578,3.0,80.27820259485648,280,44.98846848234081,8,9,5,20,2,Yes,0,Affiliate,West
101716,Sep-2028,699,130.08019552553253,568.9198044744675,717.2910465901476,488.13850720035407,4.0,20.781297274113342,119,72.23618621461932,17,13,3,50,1,Yes,0,Affiliate,East
101717,Sep-2028,999,122.5135732041461,876.486426795854,955.8269183015902,835.2928267489333,1.0,26.193600046920626,270,22.18043264989615,23,10,2,8,2,No,0,Organic,East
101718,Sep-2028,999,29.765177196500574,969.2348228034995,1044.6410117206324,766.6305792786104,3.0,157.6042435248891,123,61.29286754556523,14,11,1,45,1,No,0,Paid Search,West
101719,Sep-2028,699,191.9060169478252,507.0939830521748,664.5811563807413,374.7216816740924,1.0,117.3723013780824,228,62.05883312646697,14,9,2,31,1,Yes,0,Organic,North
101720,Sep-2028,1499,177.47356562450867,1321.5264343754914,1521.6711883577555,1261.6202679944572,,59.906166381034225,129,98.3748573815001,26,9,1,8,1,No,0,Organic,South
101721,Sep-2028,1299,62.54122810884641,1236.4587718911537,1251.4050850324973,1145.0780288994629,2.0,61.38074299169074,147,111.26199897599756,13,14,5,58,5,Yes,0,Affiliate,West
101722,Sep-2028,999,186.51340699590375,812.4865930040962,1003.7050410621924,705.8961632934795,2.0,76.59042971061666,208,71.61679353834366,29,11,2,13,1,No,0,Organic,East
101723,Sep-2028,1499,284.91424419966245,1214.0857558003377,1452.1276887876706,1072.1182894253077,4.0,81.96746637502997,149,28.80579039165869,2,11,2,24,0,No,1,Referral,North
101724,Sep-2028,699,321.3672932547895,377.6327067452105,666.4490882747251,259.6795470113882,0.0,117.95315973382228,218,27.931189510070894,7,9,1,12,0,Yes,0,Organic,West
101725,Sep-2028,1499,208.8794587931831,1290.1205412068168,1552.9289659733408,1092.0526231022527,8.0,78.06791810456407,107,110.49185132934704,18,5,3,45,2,Yes,0,Paid Search,East
101726,Sep-2028,499,205.35215320912272,293.6478467908773,495.2043149869703,32.56254929063971,15.0,36.08529750023757,182,18.112416368206592,10,10,5,59,2,Yes,1,Affiliate,South
101727,Sep-2028,999,121.18333031708264,877.8166696829173,976.5445605993147,734.4506515213837,5.0,68.36601816153355,210,32.10680891858228,27,11,5,17,0,Yes,0,Affiliate,South
101728,Sep-2028,699,273.5655474642191,425.4344525357809,730.2642721844136,355.6759387568671,2.0,39.75851377891382,220,67.9706136601466,27,6,5,47,0,Yes,1,Organic,North
101729,Sep-2028,1299,21.55782583922553,1277.4421741607744,1244.7005051809715,1139.523864290019,1.0,122.9183098707554,196,127.653367907806,3,9,2,41,0,Yes,0,Organic,North
101730,Sep-2028,699,259.66201720897976,439.33798279102024,688.4109653066232,361.94491035807766,4.0,17.393072432942603,81,134.504176745209,14,6,4,52,2,No,0,Paid Search,East
101731,Sep-2028,1299,115.48743189830367,1183.5125681016964,1257.0895325617082,1003.0901693507831,10.0,30.422398750913374,170,4.345151427582295,23,14,1,36,0,Yes,0,Referral,South
101732,Sep-2028,699,328.91241926420753,370.08758073579247,733.3345940609416,48.84085068483512,12.0,141.24673005095735,264,59.85205642574226,9,16,2,56,2,No,0,Referral,South
101733,Sep-2028,1499,220.58476884480893,1278.4152311551911,1505.8983335507187,1122.140143784502,9.0,21.275087370689047,52,47.30371357191936,19,16,3,12,4,No,0,Affiliate,South
101734,Sep-2028,1499,141.85605227122795,1357.143947728772,1545.801938462692,1244.5577675942545,7.0,7.586180134517434,178,24.864878017321697,10,6,3,56,1,No,0,Organic,North
101735,Sep-2028,1499,121.62148213148718,1377.3785178685127,1448.5637430119536,1224.9386506201824,5.0,,277,,24,11,2,54,1,Yes,0,Affiliate,North
101736,Oct-2028,499,213.07354253381243,285.92645746618757,489.24128738609045,240.1607206103056,2.0,15.765736855881983,218,47.05805556417529,8,12,1,36,1,Yes,1,Paid Search,South
101737,Oct-2028,1299,207.25492172232663,1091.7450782776734,1314.5366422003663,903.4691620617152,2.0,158.27591621595823,269,17.762908933425443,21,3,5,13,3,Yes,0,Referral,South
101738,Oct-2028,1499,102.19883945993666,1396.8011605400634,1450.7367057521005,1208.0156388037722,1.0,173.7855217362913,97,66.19328567517594,16,7,5,35,2,No,0,Referral,East
101739,Oct-2028,499,161.02029099220158,337.9797090077984,499.00311497949826,287.1589416319773,2.0,,216,50.34087959702157,8,17,4,5,2,Yes,0,Paid Search,North
101740,Oct-2028,1299,257.56681048183225,1041.4331895181676,1355.0666062211176,996.9938582835288,0.0,44.43933123463892,182,8.139869363847732,24,11,2,13,2,Yes,0,Paid Search,East
101741,Oct-2028,699,13.602750945629992,685.39724905437,729.0746406353455,489.1650341501371,6.0,106.23221490423296,126,41.33135295170424,29,10,4,46,1,Yes,0,Affiliate,North
101742,Oct-2028,499,237.10538646644557,261.89461353355443,491.7585303989541,214.85133676363125,1.0,32.04327676992318,60,13.232842488776676,28,11,3,8,1,Yes,0,Affiliate,East
101743,Oct-2028,999,212.54574940312244,786.4542505968775,1000.6125691256309,691.9293400194829,1.0,79.5249105773946,287,57.90395800300148,22,8,5,55,2,No,0,Paid Search,East
101744,Oct-2028,499,292.3976970673789,206.60230293262111,483.9505723587286,-32.73604136764635,0.0,239.33834430026747,71,76.38323404420098,8,8,5,11,1,Yes,0,Affiliate,East
101745,Oct-2028,499,64.12155584361146,434.8784441563885,522.8779659608507,263.66933476463214,4.0,111.20910939175639,290,35.63718714709708,23,11,4,8,4,Yes,0,Affiliate,South
101746,Oct-2028,1299,150.68593033114692,1148.314069668853,1301.5813806899785,889.656666985047,10.0,108.65740268380614,264,,24,12,2,31,1,Yes,0,Referral,West
101747,Oct-2028,699,174.60820512058748,524.3917948794125,678.4712929091102,336.8867458025096,2.0,,241,58.672374182229106,8,11,4,12,2,No,0,Organic,West
101748,Oct-2028,999,238.65558206402824,760.3444179359717,1033.4417366094397,578.0416869100304,4.0,122.30273102594134,61,,22,13,3,11,1,No,0,Paid Search,West
101749,Oct-2028,1499,201.49403149932002,1297.50596850068,1487.0640703421868,1087.7315137269072,12.0,29.774454773772725,102,49.93756747024462,21,10,2,17,2,Yes,0,Organic,West
101750,Oct-2028,1499,1.2533881425270579,1497.746611857473,1519.4069265358712,1318.3628031132753,9.0,44.38380874419781,104,41.320392943562794,1,13,3,27,2,Yes,0,Paid Search,West
101751,Oct-2028,499,184.92528394339752,314.0747160566025,516.1439948085623,199.75424246203005,5.0,39.32047359457241,102,40.1263777830332,12,8,2,13,2,Yes,0,Paid Search,East
101752,Oct-2028,1299,390.50745291244897,908.492547087551,1274.215471185479,805.9180378118016,5.0,27.574509275749378,70,17.268950285800326,22,10,4,36,0,Yes,0,Affiliate,North
101753,Oct-2028,1299,223.4109091153578,1075.5890908846422,1309.1198605765,1048.1393731602466,0.0,27.449717724395718,68,122.55230267752026,0,15,1,13,1,No,0,Affiliate,East
101754,Oct-2028,1499,346.565633344392,1152.434366655608,1432.4624404714427,1132.7345687238667,0.0,19.699797931741344,246,40.92310788897139,5,6,4,41,1,Yes,0,Paid Search,South
101755,Oct-2028,999,275.1673652753775,723.8326347246225,972.4808801769077,660.022325355525,,18.810309369097492,137,134.5114029811089,5,11,2,22,1,No,0,Paid Search,West
101756,Oct-2028,699,313.4882322526091,385.5117677473909,673.7490434620977,271.68569320533993,3.0,68.82607454205093,143,75.43487050731707,15,7,3,46,0,Yes,0,Affiliate,South
101757,Oct-2028,999,187.1962393181646,811.8037606818355,1013.4046516389841,791.3386594009025,1.0,5.465101280932956,249,43.88753888352683,11,10,4,44,2,Yes,1,Affiliate,South
101758,Oct-2028,699,212.62141315345403,486.378586846546,681.8503365281922,313.93753730080834,6.0,82.44104954573767,115,53.34825786536095,14,8,2,58,0,No,0,Organic,South
101759,Oct-2028,1499,180.662130796965,1318.337869203035,1537.9718908591205,1200.7028366043864,1.0,,108,76.38116347385161,6,4,3,24,2,Yes,1,Referral,East
101760,Oct-2028,699,150.52090380594274,548.4790961940573,717.253448839029,343.2035612185314,8.0,85.27553497552591,226,91.86269590676254,1,8,3,30,2,No,0,Referral,West
101761,Oct-2028,1299,239.06339760829252,1059.9366023917075,1335.9232658117362,1010.0151880720762,2.0,19.921414319631477,275,48.69913207682339,29,10,3,13,1,Yes,0,Organic,East
101762,Oct-2028,499,87.47976731913589,411.5202326808641,480.6681157910244,321.53442584743755,2.0,59.98580683342659,108,,29,9,2,8,1,Yes,0,Paid Search,North
101763,Oct-2028,499,376.245877921756,122.754122078244,500.2998079573017,-97.76322382376634,1.0,205.51734590201033,200,74.52502454676522,28,9,3,5,2,No,0,Affiliate,North
101764,Oct-2028,1499,38.638443877407155,1460.361556122593,1525.84721987704,1437.7017095347683,1.0,7.659846587824745,52,76.84858451871258,11,11,3,43,2,No,0,Paid Search,West
101765,Oct-2028,1299,247.36657439005904,1051.633425609941,1275.9783956363692,738.2397621973302,9.0,178.39366341261086,233,86.73695935844286,19,9,4,56,2,Yes,0,Referral,East
101766,Oct-2028,999,315.4405700764306,683.5594299235694,975.0303766223743,558.0506726351182,,65.5087572884512,165,30.89586746167135,1,9,3,52,0,No,0,Affiliate,North
101767,Nov-2028,1299,128.80538952475163,1170.1946104752483,1327.3125695255917,1023.4876126735332,4.0,86.70699780171509,107,113.73542833854125,29,11,1,6,5,Yes,0,Organic,North
101768,Nov-2028,499,16.44272266342034,482.55727733657966,491.5797391886133,279.33979936695124,11.0,38.217477969628405,299,62.62265221178929,3,10,2,7,0,No,0,Organic,West
101769,Nov-2028,499,288.66355071388256,210.33644928611744,486.46908543098476,118.33231849329309,3.0,47.00413079282435,265,91.69486259737035,2,9,3,54,2,Yes,1,Referral,North
101770,Nov-2028,1299,174.4074372060306,1124.5925627939694,1307.1718099780462,994.1420534738727,6.0,40.45050932009676,111,48.59966918648469,1,15,3,22,1,Yes,1,Paid Search,West
101771,Nov-2028,1299,247.59792871220918,1051.402071287791,1314.6381347128124,967.7311210217522,4.0,23.670950266038684,195,57.3682836923581,17,6,5,56,1,No,0,Paid Search,North
101772,Nov-2028,499,136.8654481395219,362.1345518604781,512.8124456528459,279.92508001974795,0.0,82.20947184073016,238,30.80966762643432,2,8,4,30,0,Yes,0,Paid Search,South
101773,Nov-2028,999,357.8309618786876,641.1690381213124,953.1388923951996,583.1796240567533,2.0,27.989414064559156,175,20.246412931832115,9,13,3,15,0,Yes,0,Referral,North
101774,Nov-2028,1499,104.0409662647618,1394.959033735238,1450.2058634900936,1158.686064366397,7.0,131.2729693688412,288,42.631338742631044,11,9,4,37,0,Yes,0,Referral,East
101775,Nov-2028,1499,195.14130615404815,1303.8586938459518,1540.5597101710575,1073.8457439248052,6.0,140.0129499211466,86,78.68919316509566,3,10,4,56,1,Yes,0,Referral,East
101776,Nov-2028,1299,311.00993805019175,987.9900619498083,1303.1399694747452,823.3859270271146,1.0,149.60413492269373,231,31.538394916134298,22,9,1,41,2,Yes,0,Paid Search,West
101777,Nov-2028,1499,162.64068537952755,1336.3593146204726,1544.88059552039,1283.7273181560358,2.0,22.63199646443664,162,11.60622746153485,19,12,2,20,0,Yes,1,Organic,North
101778,Nov-2028,499,186.28304316202937,312.71695683797066,496.43145254469135,285.4876214185031,1.0,12.22933541946751,144,101.55288610849503,26,3,1,31,1,Yes,1,Paid Search,West
101779,Nov-2028,499,97.918582491959,401.081417508041,496.9732939431783,364.911263538419,0.0,,127,17.9584880270987,6,12,2,51,1,No,0,Referral,South
101780,Nov-2028,1299,152.4826209439941,1146.517379056006,1283.0960481952663,983.296780452489,9.0,28.220598603516912,242,61.25549213710864,19,4,5,5,1,Yes,0,Affiliate,South
101781,Nov-2028,1299,50.6227935763566,1248.3772064236434,1323.8362705085892,1209.4324530494291,1.0,23.94475337421424,191,145.09263929899936,18,9,1,45,1,Yes,0,Referral,South
101782,Nov-2028,1299,63.788240085637014,1235.211759914363,1310.7178802812302,959.7511161577356,11.0,110.46064375662743,154,284.1225767909359,7,10,4,58,2,Yes,0,Affiliate,North
101783,Nov-2028,999,55.58938474773261,943.4106152522673,988.2838103850873,664.4769303740383,12.0,98.9336848782291,54,44.18940042178101,2,7,3,58,2,Yes,0,Referral,East
101784,Nov-2028,1499,230.29487892351577,1268.7051210764841,1452.163479898942,1053.7399212604419,,19.965199816042187,144,102.5534516313956,26,5,5,12,2,No,0,Referral,North
101785,Nov-2028,1299,81.43562888547186,1217.564371114528,1234.3611910491009,1146.2713338499532,2.0,41.29303726457486,272,61.86860997294278,14,6,2,37,1,Yes,1,Affiliate,West
101786,Nov-2028,699,84.90293400722157,614.0970659927784,670.4353911874526,504.971228163168,4.0,49.12583782961036,271,,7,11,1,30,1,Yes,0,Referral,East
101787,Nov-2028,699,104.64919676578323,594.3508032342168,671.588008220378,514.0261558743535,,20.324647359863178,277,41.479112273603604,17,9,5,39,1,Yes,0,Organic,East
101788,Nov-2028,499,60.16263569816191,438.8373643018381,502.4623320103448,306.1661930831958,1.0,117.67117121864229,239,33.73086656726378,28,8,1,3,1,Yes,0,Affiliate,South
101789,Nov-2028,1499,182.2826723114037,1316.7173276885962,1537.853756131583,1180.2510099547883,5.0,,178,99.97944696822692,13,15,4,13,1,Yes,0,Referral,West
101790,Nov-2028,1299,195.3157763319491,1103.684223668051,1293.3987464634033,964.616290011207,1.0,124.0679336568439,112,141.35376510367584,18,11,1,11,0,No,0,Affiliate,North
101791,Nov-2028,699,249.0022295666111,449.9977704333889,693.006756783598,273.9962115882946,6.0,86.00155884509428,244,36.919784058146725,3,7,2,10,1,No,0,Affiliate,East
101792,Nov-2028,1499,228.3300098745531,1270.669990125447,1443.8536487195006,1108.7987018066237,6.0,71.87128831882319,69,11.982941788338762,2,12,2,30,0,No,0,Affiliate,East
101793,Nov-2028,499,216.33092939816407,282.6690706018359,519.0105448187501,196.82177899063117,1.0,70.84729161120477,92,55.94156542020181,21,10,3,9,0,Yes,0,Organic,East
101794,Nov-2028,999,110.52379992030677,888.4762000796932,1022.4964655381277,727.4507354236716,1.0,146.02546465602157,289,24.176179837993114,8,13,3,30,2,Yes,0,Referral,East
101795,Nov-2028,1499,102.82754995945453,1396.1724500405455,1486.544931998088,1363.899845413065,1.0,17.272604627480725,284,19.823294511402054,9,11,2,29,0,Yes,0,Organic,East
101796,Nov-2028,1499,45.45467971818525,1453.5453202818148,1438.5925067801868,1291.9313552522328,10.0,11.613965029581934,134,28.903201059666202,7,10,2,38,0,Yes,0,Affiliate,South
101797,Dec-2028,999,43.29075733270784,955.7092426672922,1033.5738356650031,710.1892764028714,5.0,170.5199662644208,143,27.150934112175246,19,6,2,46,2,No,0,Affiliate,South
101798,Dec-2028,1499,173.31136916151127,1325.6886308384887,1449.4778994442345,1229.3696917219145,4.0,36.3189391165743,91,66.00393053760186,1,12,5,42,1,Yes,1,Paid Search,East
101799,Dec-2028,499,63.670075106390286,435.3299248936097,507.651691263809,341.148267717106,2.0,64.18165717650368,157,76.69051340375559,25,10,1,57,2,Yes,0,Paid Search,North
101800,Dec-2028,499,326.19889600271506,172.80110399728494,490.9964523555699,69.69720700847857,1.0,88.10389698880637,143,60.767436834087505,0,16,5,49,0,Yes,0,Paid Search,East
101801,Dec-2028,999,145.49990123106082,853.5000987689392,1034.919536781179,695.0795304724703,5.0,83.42056829646887,246,24.08236250880669,26,12,4,34,0,No,0,Affiliate,North
101802,Dec-2028,1299,330.16681285914484,968.8331871408552,1310.2941837282626,915.5450162833409,0.0,53.28817085751426,123,24.65997195015318,3,12,3,26,1,Yes,0,Organic,West
101803,Dec-2028,699,218.6120465485401,480.3879534514599,679.9446585280614,400.77693923119864,2.0,49.61101422026127,265,46.93824899183013,15,12,1,2,1,Yes,0,Affiliate,East
101804,Dec-2028,1299,56.73162786339462,1242.2683721366054,1235.6950844009698,1154.2787210943325,3.0,42.98965104227286,158,38.487338261700415,4,9,3,59,0,No,0,Affiliate,South
101805,Dec-2028,1499,142.55445737018186,1356.4455426298182,1455.8825035985667,1285.0106431140703,3.0,26.43489951574793,164,50.48493499826417,17,6,4,56,2,Yes,0,Organic,West
101806,Dec-2028,699,50.81428093412595,648.1857190658741,689.5869953693996,518.6952294022321,8.0,9.490489663641924,216,64.49483510381178,13,14,2,36,2,No,1,Referral,South
101807,Dec-2028,999,172.85104260783422,826.1489573921658,1019.8176561823383,666.0151427066692,4.0,100.13381468549662,239,46.52858267348207,12,12,3,7,2,Yes,0,Paid Search,North
101808,Dec-2028,999,67.70779105856192,931.292208941438,970.6395782438897,798.5004631754537,,57.79174576598441,225,72.67327000431145,15,9,2,52,1,No,0,Affiliate,East
101809,Dec-2028,699,16.385039014168655,682.6149609858313,682.3291716680382,632.7427636446695,1.0,34.87219734116182,174,57.40645929836541,28,12,3,36,1,No,0,Affiliate,East
101810,Dec-2028,499,332.6576110257657,166.34238897423432,495.76149940380276,128.75488935609783,0.0,37.58749961813649,55,74.99890387613395,14,8,4,40,1,No,0,Referral,South
101811,Dec-2028,699,273.6705289181145,425.3294710818855,667.0501723551097,278.117418433594,2.0,117.21205264829146,251,18.76423374949054,18,6,3,14,1,Yes,0,Paid Search,West
101812,Dec-2028,1499,270.3646774514955,1228.6353225485045,1539.233381610737,1076.657606404952,7.0,46.977716143552506,172,10.257802145476372,28,11,4,27,0,Yes,0,Referral,West
101813,Dec-2028,499,243.85335319811333,255.14664680188667,477.979855818292,161.21857882366538,2.0,63.92806797822129,91,23.416381105499124,3,12,1,26,1,Yes,0,Paid Search,West
101814,Dec-2028,999,1.8133147049060483,997.186685295094,1022.6781692706611,980.5063421798535,0.0,16.680343115240518,107,95.49579542339889,18,16,5,20,2,Yes,0,Affiliate,North
101815,Dec-2028,699,101.94246086317949,597.0575391368205,682.780562774445,454.65345347409925,7.0,,220,57.68720051930726,23,16,4,35,2,Yes,0,Paid Search,East
101816,Dec-2028,1299,109.25956302361355,1189.7404369763865,1293.7949677962968,1141.0266858995249,0.0,48.7137510768616,295,31.065891171961503,29,9,3,11,2,Yes,0,Affiliate,North
101817,Dec-2028,1299,55.16844889187175,1243.8315511081282,1287.3603879734478,1242.8777720505636,0.0,0.9537790575645033,59,27.54511198462655,12,8,1,26,1,Yes,0,Organic,South
101818,Dec-2028,1499,83.15986861872129,1415.8401313812788,1462.0139003321638,1277.4117671216693,1.0,,138,78.109660393401,10,6,4,57,3,Yes,0,Organic,East
101819,Dec-2028,1299,84.46824292595477,1214.5317570740453,1267.2670916813881,890.3614962431342,5.0,249.17026083091116,127,58.66711294672295,27,6,3,35,0,No,1,Organic,East
101820,Dec-2028,699,165.11987369939544,533.8801263006046,730.3885859027064,309.6671455059421,10.0,74.21298079466253,160,16.169894563841254,17,8,4,5,1,Yes,0,Referral,West
101821,Dec-2028,699,453.8865120286012,245.1134879713988,685.4024686932203,171.72379088082803,1.0,58.38969709057076,88,16.025757512921754,24,7,4,16,1,No,0,Referral,North
101822,Dec-2028,1299,147.49244680743135,1151.5075531925686,1257.8336768063261,1103.9202264111705,1.0,32.587326781398176,190,73.34870317662231,10,12,2,11,0,Yes,0,Affiliate,South
101823,Dec-2028,699,165.18173454836008,533.81826545164,681.5594103338342,459.0558719981125,1.0,59.762393453527444,252,30.16412014650963,21,9,3,33,2,Yes,0,Referral,South
101824,Dec-2028,1499,119.97476726830297,1379.025232731697,1528.2607165723489,1206.1177406796673,4.0,112.90749205202975,216,12.60956324786106,0,11,5,9,0,Yes,1,Referral,North
101825,Dec-2028,499,238.52554560644933,260.4744543935507,489.4630101240957,145.6750832629627,0.0,114.79937113058799,60,12.394952934479,14,12,4,22,2,Yes,0,Referral,West
101826,Dec-2028,1499,21.129934962506752,1477.8700650374933,1449.773699974589,1228.7298418101514,6.0,159.140223227342,159,66.05432354084266,23,10,1,5,1,Yes,0,Organic,South
101827,Dec-2028,1499,377.52449941847266,1121.4755005815273,1486.1812969094537,1056.599564340022,1.0,49.875936241505386,290,31.417583960892653,9,8,3,20,1,Yes,0,Referral,South
101828,Jan-2029,699,135.10089510398168,563.8991048960183,672.266514549876,422.48482474906814,6.0,51.41428014695017,65,82.17015720188225,21,4,5,56,3,Yes,0,Paid Search,North
101829,Jan-2029,499,102.57722003627228,396.42277996372775,493.9434258366018,220.38782463641007,5.0,101.03495532731768,82,51.636499677322696,3,6,3,43,1,Yes,0,Referral,North
101830,Jan-2029,699,266.40444883965597,432.59555116034403,724.3192276460147,311.57321884670125,6.0,31.022332313642778,282,35.75892402128103,5,7,5,34,1,Yes,0,Paid Search,East
101831,Jan-2029,999,43.08928895461757,955.9107110453824,986.3039243697388,776.9305685465077,8.0,58.98014249887464,282,49.400620814866144,1,9,5,30,0,Yes,0,Organic,South
101832,Jan-2029,699,236.31011796664,462.68988203336,699.9882444391828,355.4385579915272,6.0,17.25132404183279,237,154.09103895680138,16,11,4,10,1,No,0,Affiliate,South
101833,Jan-2029,699,318.62040667144333,380.37959332855667,719.2109461016049,338.2298427906089,0.0,42.14975053794774,273,22.191775053530257,11,11,2,37,1,Yes,0,Referral,East
101834,Jan-2029,699,121.0388673116389,577.9611326883611,700.1166480871677,526.2257319727232,1.0,36.73540071563781,108,105.58907781906603,21,3,3,32,1,Yes,1,Affiliate,West
101835,Jan-2029,499,396.34099356958455,102.65900643041545,476.41470408951795,-199.48325226520973,11.0,137.14225869562517,251,73.95511150195686,23,9,1,24,1,Yes,0,Affiliate,West
101836,Jan-2029,699,227.31498315135048,471.6850168486495,679.0694153360897,337.79758827019884,2.0,103.88742857845071,100,32.6391007776352,28,10,1,17,2,Yes,0,Affiliate,North
101837,Jan-2029,499,228.80331115973152,270.1966888402685,518.673756851295,191.06480256207186,3.0,34.13188627819663,64,73.9175028003336,4,14,2,44,1,Yes,0,Affiliate,South
101838,Jan-2029,1299,313.90384022231876,985.0961597776812,1338.2538553002416,805.9635791002568,4.0,119.13258067742451,257,56.10460447783556,23,10,1,3,2,Yes,0,Referral,West
101839,Jan-2029,999,345.6881945563648,653.3118054436352,1025.0407809138503,492.4312365633846,9.0,25.88056888025063,92,45.89107425143805,18,16,3,39,2,Yes,1,Paid Search,North
101840,Jan-2029,499,181.4206783687656,317.5793216312344,501.3687383600004,41.41064739771545,8.0,156.16867423351894,76,38.25825703479064,28,6,1,43,5,Yes,1,Affiliate,West
101841,Jan-2029,1299,245.62865296523253,1053.3713470347675,1279.938603276736,976.3370565800772,5.0,2.0342904546903497,105,92.00052967221666,5,9,3,43,0,No,0,Organic,West
101842,Jan-2029,499,317.56097917931135,181.43902082068865,508.69976974411526,-68.62043843012509,4.0,190.05945925081375,170,50.599710931786625,16,9,5,26,0,Yes,0,Organic,South
101843,Jan-2029,499,10.582670836627557,488.4173291633724,507.151167714436,292.9279619684445,,75.4893671949279,162,23.670853903452365,28,11,4,12,3,No,0,Paid Search,West
101844,Jan-2029,999,57.540287955917734,941.4597120440823,1013.2618759665907,740.1416650994616,3.0,,109,48.14883993430781,18,2,2,37,1,Yes,0,Affiliate,North
101845,Jan-2029,1499,143.09352955129143,1355.9064704487087,1499.550818740872,1289.3674073782288,3.0,21.539063070479813,164,13.12849061515291,19,8,2,42,0,No,0,Organic,East
101846,Jan-2029,1499,60.41896289032559,1438.5810371096745,1462.9324990824691,1242.9891631769242,2.0,165.59187393275045,158,30.301101074387688,20,14,1,57,2,No,0,Referral,South
101847,Jan-2029,499,112.32058844304572,386.6794115569543,495.77803009436906,284.1250738718843,6.0,12.554337685069974,273,72.28809973296285,2,14,3,12,1,Yes,1,Organic,East
101848,Jan-2029,699,187.72482410389648,511.2751758961035,699.8470249918998,342.9078879838572,2.0,138.36728791224627,247,21.19160458397202,7,8,4,46,2,No,0,Affiliate,North
101849,Jan-2029,1299,116.9233480733848,1182.076651926615,1262.1092035967645,1015.1725874076719,1.0,151.90406451894324,224,190.4892224915742,4,14,1,33,4,Yes,0,Affiliate,West
101850,Jan-2029,699,133.0088342275571,565.9911657724429,680.1308955886362,442.22737042663596,8.0,3.7637953458069333,161,5.85605581551966,22,8,4,27,1,Yes,0,Affiliate,South
101851,Jan-2029,699,29.800018365488995,669.199981634511,719.399857911818,537.448237483716,0.0,131.7517441507951,149,37.62855011230341,4,8,3,14,0,No,0,Affiliate,West
101852,Jan-2029,499,244.57722527651327,254.42277472348673,490.00668978853423,161.66005942565107,3.0,47.76271529783565,57,77.22705100900899,29,12,1,7,0,Yes,1,Organic,West
101853,Jan-2029,499,22.38439594531924,476.6156040546808,522.6364451905322,304.60742588082553,7.0,67.00817817385521,240,13.693978018365495,23,9,1,42,2,No,0,Referral,East
101854,Jan-2029,499,102.34820772660402,396.651792273396,495.8262299020097,275.9870158205599,2.0,,266,78.1732625943365,16,15,4,44,0,Yes,0,Affiliate,North
101855,Jan-2029,499,125.11934729601361,373.88065270398636,504.4266436400685,312.55496169770925,2.0,31.325691006277125,184,74.58973987508836,18,12,1,38,2,Yes,0,Affiliate,East
101856,Jan-2029,1499,259.8023909903947,1239.1976090096052,1499.5907971907184,1101.9564331631764,9.0,2.2411758464287956,130,39.75533739167074,18,6,4,48,2,No,0,Paid Search,West
101857,Jan-2029,499,159.5796950259572,339.4203049740428,498.656848922983,317.997560658161,0.0,21.422744315881786,289,24.322018877107077,25,14,3,42,2,Yes,1,Organic,West
101858,Jan-2029,1499,10.224358190371817,1488.7756418096283,1557.4619072074006,1318.5182593287118,6.0,,271,50.15361165729297,9,9,4,52,1,Yes,1,Referral,North
101859,Feb-2029,1499,162.23411608876035,1336.7658839112396,1437.993626462044,1232.9195846162356,5.0,,179,72.42585855471145,2,13,3,59,0,Yes,0,Referral,West
101860,Feb-2029,499,202.596444572202,296.403555427798,491.30217261622767,113.29520459204662,9.0,48.10835083575135,194,25.949034777257214,21,5,3,44,2,No,0,Referral,East
101861,Feb-2029,999,160.83800298227115,838.1619970177288,977.6225303221266,744.6922587940012,,,170,45.53437867189126,24,5,5,27,0,Yes,0,Paid Search,North
101862,Feb-2029,1299,118.24989037336965,1180.7501096266303,1276.3979719474212,1143.9677610496067,2.0,6.782348577023605,53,14.343753748877365,12,13,4,10,2,Yes,0,Organic,North
101863,Feb-2029,699,208.32464179712983,490.67535820287014,727.8399334224468,340.941854748419,4.0,89.73350345445112,75,85.72770037512032,15,8,2,42,0,Yes,0,Affiliate,South
101864,Feb-2029,1499,58.61122833841745,1440.3887716615825,1434.526418072648,1137.6629922307443,,122.72577943083819,127,138.16993780180422,11,8,5,54,0,Yes,0,Organic,East
101865,Feb-2029,1299,42.72535310849034,1256.2746468915097,1270.8619356858296,1089.6948428943215,3.0,,121,34.630351215473816,21,9,5,58,1,Yes,1,Paid Search,West
101866,Feb-2029,999,6.624971736637235,992.3750282633628,1022.7442746844835,900.1554981870798,3.0,47.21953007628296,246,28.50050808440366,20,13,4,43,0,No,0,Affiliate,South
101867,Feb-2029,699,311.80636463857877,387.19363536142123,680.7387147250903,192.0382587648927,10.0,45.15537659652852,182,97.77749293766234,27,14,5,41,2,Yes,0,Paid Search,East
101868,Feb-2029,699,235.4438065186065,463.5561934813935,722.2846273449445,398.25414993582956,2.0,35.30204354556396,177,96.62055237643673,16,10,5,9,2,Yes,0,Referral,South
101869,Feb-2029,1499,172.2150041176821,1326.7849958823178,1473.5046942545189,1241.2528342166327,0.0,85.53216166568518,54,79.65601989388702,1,11,1,44,1,Yes,0,Paid Search,East
101870,Feb-2029,499,24.07459840233699,474.92540159766304,479.6983270772178,260.35791712601207,5.0,139.56748447165097,140,18.07884163311477,15,10,3,34,1,Yes,0,Affiliate,North
101871,Feb-2029,999,239.2977346737743,759.7022653262256,1000.9195768812405,511.79008972696784,14.0,37.91217559925785,118,2.5897348561285516,10,9,2,46,1,Yes,0,Affiliate,South
101872,Feb-2029,1499,316.38481619901796,1182.615183800982,1500.6990885905966,970.0043243367943,8.0,,52,44.052055960255046,0,7,4,41,4,Yes,0,Paid Search,West
101873,Feb-2029,999,218.57936837562747,780.4206316243725,952.9592162039236,641.1861949977935,6.0,49.23443662657904,215,66.15492683909378,11,11,1,29,2,Yes,0,Organic,East
101874,Feb-2029,499,145.77871001957314,353.22128998042683,509.8737779028721,190.0073024912203,3.0,118.21398748920654,143,34.781437065061475,5,9,2,18,0,Yes,0,Organic,East
101875,Feb-2029,499,225.8061638220738,273.1938361779262,481.1230016370355,175.90838879764198,2.0,67.2854473802842,50,95.32900014395238,18,8,2,54,2,Yes,0,Organic,South
101876,Feb-2029,1499,182.74993371032267,1316.2500662896773,1456.0434855580336,1163.6434712501684,8.0,32.60659503950883,185,29.513951525013645,27,11,1,29,2,No,0,Referral,North
101877,Feb-2029,499,261.12914803676864,237.87085196323136,502.11782316772127,102.32808794984331,0.0,135.54276401338805,62,10.590320697082412,28,13,4,55,2,Yes,0,Referral,East
101878,Feb-2029,1299,258.4422770151544,1040.5577229848457,1349.7624083960186,901.2602810630028,6.0,49.2974419218429,261,34.67875044463395,4,16,3,30,1,Yes,0,Referral,East
101879,Feb-2029,699,123.47213560676082,575.5278643932392,665.4917658858703,308.5346412636269,9.0,131.9932231296123,247,,21,12,1,57,2,Yes,1,Referral,North
101880,Feb-2029,1499,70.72303405390682,1428.2769659460932,1547.3797145153558,1250.5342980904873,4.0,117.74266785560606,291,20.907418768814548,20,10,5,59,1,Yes,0,Organic,North
101881,Feb-2029,999,102.02124711765867,896.9787528823413,1024.389166358375,711.1492399887975,7.0,80.82951289354375,227,57.84884038653094,2,7,2,13,1,Yes,0,Organic,West
101882,Feb-2029,1299,214.3020402005921,1084.697959799408,1255.053810200042,992.8164916632318,3.0,46.88146813617624,161,,17,8,5,22,0,Yes,0,Paid Search,South
101883,Feb-2029,1499,109.267241784263,1389.732758215737,1479.9695363402482,1266.3045277165754,3.0,78.42823049916166,57,136.22491376374617,17,10,4,16,1,No,0,Referral,North
101884,Feb-2029,499,59.936445821541156,439.06355417845884,519.2579954428672,295.47329404676844,0.0,143.5902601316904,207,87.68798626712993,11,8,3,45,0,No,0,Paid Search,South
101885,Feb-2029,499,149.8855954496152,349.1144045503848,481.35465606177934,98.22020083571829,,70.89420371466653,162,202.4533223499713,17,5,3,32,0,Yes,0,Referral,North
101886,Feb-2029,499,282.89483168027414,216.10516831972586,479.6069018726459,-118.97886952634823,6.0,245.0840378460741,217,17.059121715734875,9,14,3,40,1,Yes,0,Affiliate,West
101887,Mar-2029,499,166.21296805608762,332.7870319439124,510.73712951674185,239.70589163438171,5.0,18.081140309530696,128,108.45662623659425,3,13,5,26,0,No,0,Referral,West
101888,Mar-2029,999,116.85384047994872,882.1461595200512,996.094431214942,663.2935503475246,6.0,128.85260917252666,171,7.136641958713157,19,11,4,31,1,Yes,0,Referral,East
101889,Mar-2029,1299,188.4518151536118,1110.5481848463883,1270.9573716336606,1047.6707723781524,0.0,62.877412468235875,123,92.644639718008,27,10,5,44,1,Yes,0,Organic,North
101890,Mar-2029,699,160.08470508598413,538.9152949140159,676.0633721647298,300.3647741617197,7.0,133.55052075229622,176,10.036119465255954,18,8,2,19,2,Yes,0,Affiliate,North
101891,Mar-2029,999,82.03644492116135,916.9635550788387,1021.2000202789973,545.8517265057669,10.0,221.1118285730717,210,,23,9,3,42,4,Yes,1,Referral,North
101892,Mar-2029,999,233.61109716229905,765.3889028377009,992.9564040810172,670.7841458798407,3.0,,250,58.370611797972686,30,11,4,54,1,Yes,0,Affiliate,West
101893,Mar-2029,699,198.8950127936531,500.1049872063469,680.7843572897168,219.97682289479127,5.0,205.12816431155562,162,63.00116616706292,3,13,5,34,3,Yes,1,Paid Search,West
101894,Mar-2029,699,151.94061587348952,547.0593841265105,729.992575382477,480.42366407552333,3.0,21.635720050987143,101,,23,11,5,47,1,Yes,0,Paid Search,North
101895,Mar-2029,499,277.48280408675043,221.51719591324957,502.0471706149368,199.11012720676166,0.0,22.40706870648792,170,73.72057558548909,10,13,5,49,1,Yes,0,Organic,North
101896,Mar-2029,999,295.5599237100238,703.4400762899762,984.3374744255888,585.0340860317572,2.0,88.40599025821899,82,10.520741859183136,2,14,5,6,1,No,0,Referral,South
101897,Mar-2029,1499,245.85223937682616,1253.1477606231738,1531.926727254733,1114.8880350537663,8.0,18.25972556940738,122,136.50499034259585,26,9,5,35,0,Yes,0,Organic,South
101898,Mar-2029,699,47.9639020757359,651.0360979242641,698.7502463111756,473.49940601747994,4.0,117.53669190678421,255,28.11460637449193,14,7,2,11,1,No,0,Paid Search,West
101899,Mar-2029,699,52.11466672476483,646.8853332752352,664.7083679480318,599.8543118727952,1.0,32.03102140244003,297,36.847845602480184,15,15,3,37,3,No,1,Referral,South
101900,Mar-2029,1299,284.080264800238,1014.919735199762,1343.24789230588,862.1191292195376,5.0,77.80060598022436,145,107.44025650050457,11,8,5,22,2,Yes,0,Affiliate,East
101901,Mar-2029,1499,75.26687123342398,1423.733128766576,1433.995430196785,1291.4831595627336,2.0,102.24996920384243,86,51.370134698233564,17,11,2,13,1,No,0,Organic,South
101902,Mar-2029,1499,132.13829818054634,1366.8617018194536,1572.3540901535853,1249.757892139366,0.0,117.10380968008754,247,52.000062248090565,29,11,4,16,3,Yes,1,Referral,East
101903,Mar-2029,699,202.7790968437299,496.2209031562701,688.4965421331611,443.60928000376936,3.0,7.611623152500712,118,68.37940045698731,23,20,4,26,1,Yes,0,Paid Search,East
101904,Mar-2029,499,60.04892825370055,438.9510717462995,500.23946524529595,406.5466949244065,2.0,2.4043768218929955,181,22.149062703820498,5,11,2,22,2,Yes,1,Affiliate,West
101905,Mar-2029,1299,178.1211886620359,1120.8788113379642,1363.890587158215,959.1311538306127,5.0,86.74765750735145,109,27.801052297345876,14,9,2,42,3,Yes,0,Referral,East
101906,Mar-2029,1499,264.5314891903143,1234.4685108096858,1464.4036988529338,1134.2230710551282,0.0,100.24543975455754,289,53.18687028970213,1,10,2,13,0,Yes,0,Referral,South
101907,Mar-2029,699,28.269128412417075,670.7308715875829,696.3906099701284,612.7171929538584,3.0,13.013678633724489,257,142.869636697936,22,11,4,23,0,Yes,0,Organic,North
101908,Mar-2029,1499,348.980424803299,1150.019575196701,1537.2086252498236,910.7171644767325,5.0,164.30241071996858,123,82.10235686425203,11,8,5,32,3,Yes,0,Affiliate,South
101909,Mar-2029,1299,28.820390868130787,1270.1796091318693,1294.7113824818202,1126.3726448259192,5.0,68.80696430595006,80,85.78330210075254,9,4,3,23,1,No,1,Organic,South
101910,Mar-2029,1299,218.9683495772436,1080.0316504227565,1277.4134776885996,985.0541795909737,0.0,94.9774708317828,272,114.01393833434348,22,7,5,43,0,Yes,0,Affiliate,South
101911,Mar-2029,999,139.96842859696406,859.031571403036,961.1009539170115,716.3846678461023,8.0,22.646903556933676,63,95.57798939185794,3,10,1,32,1,Yes,0,Referral,West
101912,Mar-2029,699,158.34187484405416,540.6581251559459,699.9125168221607,409.8214938770076,6.0,40.836631278938285,254,79.45091451392429,7,11,2,48,2,No,0,Affiliate,South
101913,Mar-2029,1299,4.019416280898781,1294.980583719101,1305.7217057569915,1225.6771534913091,1.0,54.303430227791885,109,43.505273877869215,14,8,5,38,1,No,0,Referral,South
101914,Mar-2029,999,301.2567554823671,697.7432445176329,972.3090175893288,680.5394529830654,,17.203791534567486,117,20.601539679479707,18,9,3,28,1,No,0,Paid Search,West
101915,Mar-2029,999,189.106015602028,809.893984397972,982.4060624134819,748.4720525558187,4.0,1.421931842153242,177,23.207620056852,15,14,5,33,2,No,0,Paid Search,South
101916,Mar-2029,1499,344.50082122837875,1154.4991787716212,1468.8133684625745,1081.0615324232344,3.0,28.437646348386888,287,101.91860702821558,12,10,1,40,1,Yes,1,Paid Search,West
101917,Mar-2029,1499,0.8900664694832301,1498.1099335305169,1488.1126750224364,1253.2705917937647,4.0,184.83934173675232,75,72.40493874146712,24,10,1,26,0,Yes,0,Organic,North
101918,Apr-2029,999,128.25184393455672,870.7481560654433,1028.794005507828,626.2871958579366,4.0,184.46096020750664,201,2.2430224248960084,14,8,5,30,2,Yes,1,Affiliate,South
101919,Apr-2029,1499,175.14350876426488,1323.8564912357351,1473.9031963653797,1126.1621252870798,6.0,107.69436594865525,233,50.39599536573789,13,9,3,52,3,Yes,0,Paid Search,North
101920,Apr-2029,1299,157.24597767539098,1141.754022324609,1269.441449432346,1036.9227539310054,4.0,44.83126839360361,186,4.852904784765234,14,7,5,17,4,Yes,0,Affiliate,East
101921,Apr-2029,499,230.01424136069045,268.98575863930955,515.9585868986064,142.8092318456617,4.0,66.17652679364782,84,43.332170063947125,11,7,2,42,0,No,0,Organic,East
101922,Apr-2029,1299,126.72977496913491,1172.270225030865,1339.4100330985993,1017.211147541899,8.0,35.05907748896597,155,97.26162492090434,10,10,3,29,0,No,0,Paid Search,North
101923,Apr-2029,999,404.6431255560823,594.3568744439177,1028.300280318336,465.6457433659401,2.0,98.71113107797757,256,72.29996682843579,20,12,4,2,0,Yes,1,Paid Search,West
101924,Apr-2029,999,154.78107866258156,844.2189213374185,1023.2523138221225,809.8003027677859,1.0,19.4186185696326,73,37.33859943733796,2,13,3,51,0,Yes,0,Affiliate,North
101925,Apr-2029,1299,196.09853229148013,1102.90146770852,1349.4942632872899,1057.444559314,0.0,,208,56.11760335024869,24,11,5,38,4,Yes,0,Paid Search,East
101926,Apr-2029,1499,160.10412100072463,1338.8958789992753,1530.9625717480642,1206.8526328117848,0.0,132.0432461874904,132,28.227389151500667,13,6,5,34,1,No,0,Referral,South
101927,Apr-2029,1499,301.375678183942,1197.624321816058,1449.4430034123861,1150.2699023060857,2.0,17.35441950997233,243,15.664764815445949,1,7,4,50,4,Yes,0,Referral,South
101928,Apr-2029,999,39.20326777793592,959.7967322220641,952.3443650088789,764.1306895143708,6.0,105.66604270769324,243,26.550097396252593,17,10,1,46,0,Yes,1,Paid Search,North
101929,Apr-2029,699,31.589377299451627,667.4106227005484,676.7622881125337,542.6365429476923,5.0,49.77407975285609,218,90.79225275301398,2,9,5,38,3,Yes,0,Referral,East
101930,Apr-2029,1499,49.153235239249184,1449.8467647607508,1478.709271636397,1339.0009946987238,5.0,35.84577006202697,85,110.14117820947804,8,14,1,12,0,Yes,0,Organic,South
101931,Apr-2029,1299,20.822782802744513,1278.1772171972555,1240.9264085696636,1234.2611535242772,1.0,28.916063672978296,150,94.12230108117187,10,6,1,52,0,Yes,0,Organic,North
101932,Apr-2029,1499,92.47179435528071,1406.5282056447193,1537.5243223919294,1277.7283120417026,2.0,98.79989360301661,83,86.94162970920759,25,10,2,21,1,Yes,0,Affiliate,East
101933,Apr-2029,1299,259.11566716190646,1039.8843328380935,1317.35617803112,831.3328256211141,4.0,148.55150721697945,170,19.096689178355987,2,8,1,27,2,Yes,0,Referral,West
101934,Apr-2029,999,333.1599274095232,665.8400725904768,1020.7780127576128,518.093198965807,8.0,27.746873624669803,88,40.05844173549931,4,12,3,40,1,No,0,Paid Search,West
101935,Apr-2029,1499,140.91003887246404,1358.0899611275358,1438.4087860229633,1211.8352933135122,5.0,71.25466781402366,260,43.28581175649825,8,13,1,3,2,Yes,1,Referral,West
101936,Apr-2029,1299,104.58544157070511,1194.4145584292949,1276.7572246126183,1164.6318340012758,0.0,29.782724428018952,279,33.22246710532202,9,5,2,37,0,No,0,Referral,East
101937,Apr-2029,999,186.32375932520793,812.6762406747921,994.9451116944371,707.1568619702746,1.0,90.51937870451754,72,20.78702765883573,5,17,5,49,5,No,0,Affiliate,North
101938,Apr-2029,699,174.32140360622287,524.6785963937771,706.1712225786966,412.10315031338007,3.0,67.575446080397,129,58.21440534891018,5,11,5,26,2,Yes,0,Organic,North
101939,Apr-2029,1299,377.99275999474673,921.0072400052533,1338.329977967033,776.6196863848432,3.0,99.38755362040999,287,56.61506044361482,10,16,4,52,0,Yes,1,Paid Search,East
101940,Apr-2029,699,91.28326914984808,607.7167308501519,732.3379304634866,430.0750390018376,7.0,72.64169184831427,221,,16,10,1,5,0,Yes,0,Organic,South
101941,Apr-2029,699,160.68767216261995,538.31232783738,669.7960369361488,361.5509957517882,10.0,26.761332085591846,119,127.50876020881819,26,16,3,46,0,Yes,0,Referral,East
101942,Apr-2029,499,397.4655028845907,101.5344971154093,506.0680446632503,-125.13332580295511,0.0,226.6678229183644,235,34.60733495821303,1,7,4,20,0,Yes,0,Referral,South
101943,Apr-2029,1499,240.4120431896804,1258.5879568103196,1444.2648743490058,1154.8333810223041,3.0,58.75457578801557,108,45.537828662772796,8,14,4,46,0,Yes,1,Paid Search,East
101944,Apr-2029,1299,81.43540956565079,1217.5645904343492,1273.0031399274353,1051.1827170183149,6.0,76.38187341603435,203,13.44682286944636,23,10,2,41,0,Yes,0,Affiliate,West
101945,Apr-2029,699,170.59185276815458,528.4081472318454,718.0161279017873,426.83137806351004,5.0,26.57676916833536,71,80.15317776036203,17,12,5,8,0,Yes,0,Paid Search,South
101946,Apr-2029,499,179.18611470732796,319.813885292672,523.655518408256,193.5736752542936,2.0,96.24021003837842,158,107.56395766947708,4,12,1,43,0,Yes,0,Organic,East
101947,Apr-2029,999,78.53750515968247,920.4624948403175,1001.6453581643032,530.4912570956575,12.0,209.97123774466,160,11.694699376655299,20,8,1,28,2,Yes,0,Paid Search,North
101948,May-2029,1299,167.01340448297208,1131.986595517028,1279.9200326663722,1004.9422581498227,1.0,112.04433736720532,137,68.59657950979306,5,4,5,29,2,No,0,Affiliate,East
101949,May-2029,699,192.57760495921434,506.42239504078566,679.0153005173602,450.70607879395857,1.0,40.71631624682706,287,37.365676181385005,3,10,2,50,2,Yes,1,Paid Search,North
101950,May-2029,1499,391.863631363539,1107.136368636461,1541.3516541681704,982.8479271912156,0.0,124.28844144524537,89,83.39962305114118,8,9,2,41,1,Yes,1,Referral,South
101951,May-2029,499,265.61414667426493,233.38585332573507,519.1456074201897,140.62176258779584,6.0,2.7640907379392416,134,59.40530954736039,4,7,2,2,1,Yes,0,Referral,South
101952,May-2029,699,358.71877682904903,340.28122317095097,723.3656458998199,206.16300375388388,3.0,89.11821941706708,143,59.48762559785621,3,11,3,54,1,Yes,0,Referral,West
101953,May-2029,1499,11.228578040747323,1487.7714219592526,1500.4528227726178,1400.7514057286858,2.0,57.02001623056696,293,56.48241678012167,29,6,1,2,0,Yes,1,Paid Search,East
101954,May-2029,699,108.33632884585707,590.6636711541429,705.2325347681593,498.3370736825525,3.0,47.326597471590404,60,149.0312942679978,8,13,2,38,2,Yes,0,Affiliate,North
101955,May-2029,1299,179.06963807179505,1119.930361928205,1342.7270494162237,903.2416184548566,2.0,186.68874347334838,166,15.803403590628982,17,10,2,38,1,Yes,0,Affiliate,North
101956,May-2029,1299,80.53209037595556,1218.4679096240445,1354.708162128854,1068.962132313904,0.0,149.50577731014045,58,4.96433572970756,26,8,5,43,0,Yes,0,Paid Search,West
101957,May-2029,1299,291.82312057311367,1007.1768794268863,1356.0272062891265,988.6854149410309,0.0,18.491464485855403,61,80.86587778955854,10,10,4,23,1,No,0,Affiliate,South
101958,May-2029,499,227.06517267735148,271.9348273226485,508.46995115915166,139.8813967853722,0.0,132.0534305372763,203,19.22607977262044,15,9,4,10,2,Yes,1,Referral,East
101959,May-2029,1299,105.94097760553632,1193.0590223944637,1258.9494516236502,1133.8607357805058,1.0,44.198286613957976,87,84.78526615534452,1,12,4,45,0,Yes,0,Affiliate,North
101960,May-2029,1499,127.9998787799058,1371.0001212200941,1470.9668533536817,1268.9661804641926,1.0,87.03394075590163,292,78.35506228519098,28,12,1,53,0,Yes,0,Affiliate,North
101961,May-2029,699,300.4640266588498,398.5359733411502,682.6590321625613,329.734536133616,1.0,53.801437207534185,180,26.05666236510031,15,10,3,28,1,No,0,Affiliate,East
101962,May-2029,999,54.54744628356414,944.4525537164359,966.3802239841689,685.1809685877212,5.0,184.27158512871475,175,232.0478542726684,18,18,1,19,0,Yes,0,Paid Search,North
101963,May-2029,1499,305.3022419594745,1193.6977580405255,1461.6388516746488,1057.1457180355865,4.0,76.5520400049391,274,121.3559813864474,9,12,5,28,2,Yes,1,Referral,West
101964,May-2029,1499,119.75535160964544,1379.2446483903545,1554.4438482382548,1260.631832754223,,73.61281563613159,192,46.67217326578532,3,15,2,31,1,Yes,0,Paid Search,South
101965,May-2029,1299,240.71952633323,1058.28047366677,1334.116731129685,746.7390754169677,12.0,131.54139824980223,224,57.39623126976994,11,10,1,2,0,Yes,0,Referral,South
101966,May-2029,499,160.41170466947847,338.58829533052153,476.2324672796295,308.8347624400401,1.0,14.753532890481459,182,103.66790073105736,25,3,4,29,2,Yes,0,Organic,West
101967,May-2029,699,417.9832615981423,281.0167384018577,674.3745551008052,150.03539770717055,,10.981340694687162,103,17.02078640573162,8,7,3,52,3,No,0,Affiliate,East
101968,May-2029,499,43.5129131870969,455.4870868129031,523.1928285293963,388.1512347969086,1.0,52.335852015994455,73,68.87564542004787,12,9,5,14,0,Yes,0,Paid Search,North
101969,May-2029,699,81.20608529076793,617.793914709232,679.8454468979515,568.7686992856823,3.0,4.025215423549753,188,45.95088169450422,4,11,2,28,1,Yes,0,Affiliate,West
101970,May-2029,699,30.735057322659742,668.2649426773403,708.394074950633,384.6797005419979,6.0,193.5852421353424,170,124.08512561837023,1,15,3,1,0,No,0,Organic,South
101971,May-2029,499,18.389139956481472,480.6108600435185,484.3075511914873,366.19584973240416,0.0,114.41501031111437,168,8.78421747325226,2,11,1,59,1,No,0,Referral,West
101972,May-2029,1499,235.57537292334194,1263.424627076658,1459.077126815508,1191.9146098367682,2.0,41.510017239889805,210,60.33638395876693,7,14,1,44,1,No,1,Organic,West
101973,May-2029,699,342.0196366638073,356.9803633361927,698.8965379113931,333.7762104440091,1.0,8.204152892183593,264,16.926965750722015,5,14,3,50,5,Yes,0,Paid Search,North
101974,May-2029,499,249.1777044432332,249.8222955567668,498.3844019059318,90.0528882084435,7.0,54.769407348323284,123,69.61755529526752,28,9,3,56,1,Yes,1,Affiliate,South
101975,May-2029,699,149.35302003277604,549.646979967224,709.2174955361131,332.22884510043843,6.0,127.41813486678551,234,51.559291045954545,4,6,2,16,2,Yes,0,Organic,South
101976,May-2029,999,42.76625980127355,956.2337401987264,965.853500407383,836.5850584433358,,44.64868175539061,229,55.86356596857293,3,8,4,37,1,No,0,Referral,South
101977,May-2029,1499,257.81024059525805,1241.1897594047418,1463.4308284858907,1063.0587975810647,10.0,28.130961823677225,241,88.1458156323296,19,16,3,21,1,Yes,1,Organic,North
101978,May-2029,1299,36.16777137769948,1262.8322286223006,1315.1268254074373,1012.0865241601202,5.0,175.74570446218027,220,,15,8,2,51,1,Yes,0,Affiliate,South
101979,Jun-2029,699,11.874208116691108,687.1257918833089,670.8585717385662,506.73549410191083,6.0,90.39029778139812,269,28.659040108185163,7,8,3,14,0,No,0,Referral,East
101980,Jun-2029,999,112.98368001481145,886.0163199851886,1039.8915713609983,791.1742580941262,2.0,64.8420618910624,280,6.202421641181899,11,11,3,43,2,Yes,0,Referral,East
101981,Jun-2029,1299,94.07287402661953,1204.9271259733805,1257.2761012232188,1068.8584313847346,5.0,61.06869458864591,170,9.980764391912542,21,15,4,17,1,Yes,0,Affiliate,North
101982,Jun-2029,1299,15.766184946269846,1283.2338150537303,1290.9975454862886,1104.5948990603215,8.0,58.63891599340867,258,29.72698873581644,4,10,2,54,1,No,0,Organic,South
101983,Jun-2029,699,376.31884030593847,322.68115969406153,671.6446938555349,182.9327952885928,3.0,94.74836440546872,177,56.727117014329984,4,11,1,15,1,Yes,0,Referral,East
101984,Jun-2029,499,38.01701093500827,460.9829890649917,508.22326018807576,444.4929656909603,0.0,16.49002337403141,93,48.04608102125768,21,9,2,48,4,Yes,0,Affiliate,East
101985,Jun-2029,699,7.42219427450263,691.5778057254973,686.901783296094,556.9257690525433,1.0,119.6520366729541,139,58.0930325263425,30,11,2,31,1,No,0,Referral,South
101986,Jun-2029,999,158.61994892479973,840.3800510752003,956.40656807417,649.2414538125595,6.0,101.13859726264076,266,106.17365062924345,12,15,2,46,0,Yes,0,Paid Search,North
101987,Jun-2029,1299,164.8684656036018,1134.1315343963981,1311.0332798220404,1089.0175995581287,0.0,45.113934838269365,213,31.077079296156743,10,12,4,49,4,Yes,0,Referral,West
101988,Jun-2029,699,121.84508431453752,577.1549156854625,732.5987292923522,432.7002373716982,7.0,39.454678313764234,61,84.18200220497411,10,7,4,36,0,Yes,0,Organic,North
101989,Jun-2029,499,90.40484986693383,408.59515013306617,517.5073141133248,45.88069637338339,12.0,182.71445375968278,233,55.15495000620493,18,7,5,14,1,No,0,Referral,West
101990,Jun-2029,699,251.81871931653478,447.1812806834652,713.1822884174859,285.23263704893515,7.0,56.948643634530086,52,113.26897915817467,6,12,1,36,0,Yes,0,Paid Search,North
101991,Jun-2029,1499,96.8335920290404,1402.1664079709597,1425.9461170307134,1308.0383348876321,6.0,4.128073083327578,99,59.712754980810544,16,13,4,27,0,Yes,0,Referral,West
101992,Jun-2029,499,296.4539426609881,202.5460573390119,516.9572405535545,1.6234149251856707,4.0,140.92264241382622,206,138.85333326625533,4,9,4,3,0,Yes,0,Referral,North
101993,Jun-2029,999,72.62188541653833,926.3781145834616,1038.6337132166213,757.564089308312,0.0,168.81402527514967,157,79.12644016523979,5,6,2,36,0,Yes,0,Affiliate,South
101994,Jun-2029,1299,267.8993206968692,1031.1006793031308,1238.985859053153,977.1314700903956,1.0,38.96920921273528,297,98.24214344982113,28,4,2,54,2,Yes,1,Affiliate,West
101995,Jun-2029,699,305.5300138895322,393.4699861104678,672.6048082941414,372.5244625319042,1.0,5.945523578563638,265,30.004921057891035,29,10,3,6,1,Yes,0,Referral,North
101996,Jun-2029,499,93.96692690954157,405.0330730904584,496.5779965497964,325.70870871262593,,4.324364377832481,260,111.70015843997189,30,5,3,27,2,No,0,Affiliate,South
101997,Jun-2029,1499,255.65402329267764,1243.3459767073223,1484.3196080805346,1163.5917965088402,1.0,64.75418019848212,254,,17,11,3,22,1,Yes,0,Affiliate,South
101998,Jun-2029,499,9.425361373967661,489.5746386260323,488.74163307959185,249.43464748176734,2.0,210.13999114426497,65,72.94113438934075,17,7,4,22,0,Yes,0,Affiliate,South
101999,Jun-2029,1499,181.64273844833923,1317.3572615516607,1453.7180050986049,1204.201933048532,5.0,38.155328503128665,217,40.444698243217374,8,10,3,36,3,Yes,0,Referral,North
102000,Jun-2029,999,296.6673250025807,702.3326749974193,1003.9059737325024,600.1426675724282,1.0,87.19000742499107,76,100.28913231968387,17,16,1,32,1,Yes,0,Paid Search,North
102001,Jun-2029,1299,212.21914151569484,1086.780858484305,1334.2448257069825,998.7787293199082,0.0,88.00212916439696,172,83.55316978574022,18,12,3,27,0,Yes,0,Referral,West
102002,Jun-2029,999,438.74687074238875,560.2531292576112,1042.6602333520439,331.54642685971925,4.0,168.706702397892,119,167.8310729304324,16,8,5,7,1,Yes,0,Referral,West
102003,Jun-2029,699,218.9229590749387,480.0770409250613,685.0969600035713,448.6174905516946,1.0,16.45955037336671,91,71.18106525123763,8,3,5,39,1,No,0,Affiliate,South
102004,Jun-2029,499,106.16744968709989,392.83255031290014,509.1413128482212,340.73317532056075,2.0,22.099374992339406,234,46.33386670451851,0,12,2,50,0,Yes,0,Referral,West
102005,Jun-2029,1499,490.90636716017974,1008.0936328398202,1542.1997285792904,861.6202291038193,2.0,116.47340373600092,187,54.562024275650025,19,8,4,12,2,Yes,0,Organic,South
102006,Jun-2029,1499,346.04412208170606,1152.955877918294,1495.6961505575296,1029.3628469932278,2.0,93.59303092506624,174,25.27713616826583,22,8,5,16,1,Yes,0,Referral,South
102007,Jun-2029,499,42.348907415807616,456.6510925841924,520.0126268104524,122.42613703576455,11.0,169.22495554842786,215,39.51160086603837,17,16,1,38,1,Yes,1,Affiliate,South
102008,Jun-2029,499,55.90036740860225,443.0996325913977,475.19665992239516,254.04895907547646,0.0,189.05067351592126,185,8.088185720809147,23,13,2,5,2,No,0,Paid Search,South
102009,Jul-2029,699,25.421027155041173,673.5789728449588,726.9936013179159,573.9162379349129,2.0,69.66273491004583,195,44.941845368083605,12,14,5,42,1,Yes,0,Referral,East
102010,Jul-2029,999,227.4755525410867,771.5244474589133,1038.2109626457402,641.5049490647956,7.0,25.019498394117676,273,101.76906225107696,7,15,3,49,3,No,1,Paid Search,South
102011,Jul-2029,1499,218.53896441801464,1280.4610355819855,1444.5860346086417,1087.2112054679608,5.0,,194,179.05295061382762,27,7,5,35,2,No,1,Organic,South
102012,Jul-2029,699,217.61423188745988,481.3857681125401,694.7656627376375,386.6685342874839,4.0,34.71723382505621,107,37.78003874882768,13,5,5,9,2,Yes,0,Paid Search,East
102013,Jul-2029,999,45.58913513987409,953.4108648601259,1000.5845118320171,847.0338358474804,3.0,61.37702901264552,155,76.81545857414137,2,9,2,29,0,No,0,Referral,East
102014,Jul-2029,699,73.42901440739408,625.5709855926059,692.1479816862613,528.0929333537699,2.0,67.47805223883594,115,46.32359030287633,3,6,4,27,1,Yes,0,Paid Search,West
102015,Jul-2029,1499,132.08576943316268,1366.9142305668374,1558.2939094614092,1304.2474069379184,4.0,2.6668236289191185,221,37.20168256050042,10,6,3,57,1,Yes,1,Affiliate,West
102016,Jul-2029,499,68.63046591848664,430.3695340815134,509.6279634165894,277.58850825478453,5.0,77.7810258267289,133,20.056200707650778,6,7,3,32,1,Yes,0,Affiliate,South
102017,Jul-2029,499,45.38066801305311,453.6193319869469,480.21266599112187,266.5571870200859,8.0,67.062144966861,251,131.6545326115496,20,5,3,10,0,Yes,0,Organic,South
102018,Jul-2029,999,312.7720452198879,686.2279547801121,1041.6081982848439,485.56831795615517,5.0,125.65963682395699,58,,4,7,3,25,3,Yes,0,Affiliate,North
102019,Jul-2029,1299,36.48911975635062,1262.5108802436494,1240.0477271588657,1003.3603177991702,12.0,79.15056244447925,225,67.80979605571056,1,9,4,59,0,Yes,0,Referral,East
102020,Jul-2029,999,324.6312592462177,674.3687407537823,1008.5571474017283,540.8779714590428,0.0,133.49076929473952,216,14.618397212939074,5,9,3,42,1,No,0,Organic,South
102021,Jul-2029,1299,280.9378911042603,1018.0621088957397,1301.9471484612282,994.1450491050593,1.0,8.917059790680348,154,31.9441883614117,19,10,4,53,3,Yes,0,Referral,East
102022,Jul-2029,699,115.1115336234623,583.8884663765377,669.1111935599911,534.4645773777695,3.0,4.423888998768213,138,127.05188167488834,4,14,2,38,1,No,0,Organic,South
102023,Jul-2029,699,72.13524007587783,626.8647599241222,712.6893255667567,510.0626654479894,1.0,101.8020944761328,138,19.43103171364926,14,9,1,25,1,No,0,Affiliate,West
102024,Jul-2029,1499,249.81931465743605,1249.180685342564,1568.3384603621882,1125.837143126754,5.0,48.343542215809876,137,63.26907780402298,10,10,4,4,1,Yes,0,Affiliate,North
102025,Jul-2029,1299,55.4711806925243,1243.5288193074757,1293.6020588563063,1238.8163768493,,4.712442458175758,55,111.96792434452209,4,7,3,43,0,Yes,0,Referral,East
102026,Jul-2029,1499,61.44024600646513,1437.559753993535,1501.083686181488,1318.1369694791179,3.0,74.42278451441712,207,66.27590892032096,17,8,2,52,0,Yes,1,Organic,North
102027,Jul-2029,499,147.1357915194326,351.8642084805674,493.2057197434349,226.35493735590308,5.0,,172,68.54017135676845,7,11,2,41,0,No,0,Affiliate,South
102028,Jul-2029,1299,105.62803149443016,1193.3719685055698,1347.7402415130566,1068.428511668237,5.0,49.94345683733289,123,65.59561749992636,10,7,5,44,2,Yes,0,Affiliate,East
102029,Jul-2029,999,23.997071808204737,975.0029281917953,1041.7367802644974,933.7089530889982,0.0,41.293975102797035,152,96.79930396033348,16,9,5,23,1,Yes,0,Organic,West
102030,Jul-2029,499,112.12065011982205,386.879349880178,493.86462224523933,292.24441005450154,2.0,64.63493982567644,272,109.84000534643057,13,14,1,54,3,Yes,0,Paid Search,North
102031,Jul-2029,499,207.08352386551192,291.9164761344881,518.5046694614691,284.6191435120366,0.0,7.297332622451513,195,60.40780031613413,1,11,1,10,0,No,1,Paid Search,South
102032,Jul-2029,999,53.81112743055857,945.1888725694414,969.4666495026622,641.1286674731518,12.0,124.06020509628951,220,53.39746702827375,6,13,5,6,3,Yes,0,Affiliate,West
102033,Jul-2029,499,126.2867426373981,372.7132573626019,496.89809671342005,254.04692287728187,2.0,88.66633448532002,82,13.839429977997648,30,12,5,13,0,No,0,Referral,North
102034,Jul-2029,1299,43.61512897651585,1255.3848710234843,1266.7741582876986,1137.5507727481383,6.0,27.83409827534593,230,25.869312938903665,30,10,2,31,3,Yes,0,Referral,West
102035,Jul-2029,1499,261.89806227243844,1237.1019377275616,1457.6129234002597,1101.4099533697643,5.0,60.691984357797246,233,64.60160565875738,22,8,4,5,1,No,0,Organic,West
102036,Jul-2029,499,176.4098795473178,322.5901204526822,516.8142818493477,167.70617453290964,9.0,19.88394591977254,196,8.77105781293049,17,6,5,59,3,No,0,Paid Search,North
102037,Jul-2029,1299,187.02550831670604,1111.974491683294,1326.828492045717,1049.9186815031064,2.0,32.055810180187585,136,23.708005744376482,0,7,3,4,1,Yes,0,Referral,West
102038,Jul-2029,699,208.5900741581874,490.4099258418126,668.7270684611918,395.41080961903776,4.0,34.9991162227748,118,38.30820902715397,29,9,4,3,1,Yes,1,Paid Search,South
102039,Jul-2029,1299,159.37530041937427,1139.6246995806257,1332.4379459559575,943.0138564096753,7.0,91.61084317095032,173,17.42939313394582,14,11,4,30,0,Yes,1,Affiliate,South
102040,Aug-2029,1499,91.94726897112011,1407.0527310288799,1509.931818943512,1339.8606450699936,1.0,52.19208595888628,75,24.342808531930917,28,10,3,23,1,No,1,Referral,West
102041,Aug-2029,1299,285.558545846437,1013.441454153563,1336.277584080743,802.9741571126793,9.0,75.46729704088364,206,,25,8,3,37,0,No,0,Paid Search,East
102042,Aug-2029,999,168.82573773129275,830.1742622687073,1008.3239325054727,478.25478301004307,7.0,246.91947925866415,201,45.74204545680848,0,8,3,18,2,No,0,Referral,North
102043,Aug-2029,1499,130.11366855918905,1368.8863314408109,1480.6226095480608,1178.6956838097333,7.0,85.19064763107751,55,81.6083554546345,29,3,2,35,0,Yes,0,Paid Search,East
102044,Aug-2029,699,148.9614415295395,550.0385584704604,698.6490158795384,337.8052720138352,14.0,2.2332864566252937,231,36.78700152157638,16,8,5,5,2,Yes,0,Organic,South
102045,Aug-2029,999,146.40419202135118,852.5958079786488,963.1982621698041,711.3307888125572,4.0,81.26501916609163,88,45.222677096768315,21,12,5,41,1,Yes,0,Referral,South
102046,Aug-2029,1299,128.90812752896255,1170.0918724710375,1274.3980980877457,985.5875989401952,10.0,34.5042735308423,296,59.3852886839142,25,9,2,28,3,Yes,0,Paid Search,North
102047,Aug-2029,1499,203.5327635009489,1295.467236499051,1427.3973354300058,1285.4105091779606,0.0,10.056727321090392,53,25.568413664378692,27,13,4,38,4,Yes,0,Organic,South
102048,Aug-2029,699,37.69677334531576,661.3032266546843,692.4454130429606,574.8199633665998,5.0,11.483263288084451,177,71.30078521741814,6,9,2,47,2,Yes,0,Referral,North
102049,Aug-2029,999,46.465075711163024,952.5349242888369,958.164643508518,921.529084401454,0.0,31.005839887382894,107,20.28743411209676,15,10,5,59,2,No,0,Paid Search,East
102050,Aug-2029,699,217.11164273143626,481.8883572685637,710.2272468392791,389.07296343645476,5.0,17.815393832108974,97,28.125675589756845,1,8,1,18,1,No,0,Referral,North
102051,Aug-2029,1299,132.57127911266446,1166.4287208873357,1352.5893434335828,1074.900726871775,4.0,31.527994015560562,109,32.566004544461805,14,17,2,8,2,Yes,0,Referral,South
102052,Aug-2029,699,266.5671722571715,432.4328277428285,715.8232032891868,311.217589786637,7.0,,283,,21,6,1,12,0,Yes,0,Organic,East
102053,Aug-2029,499,199.06548007582364,299.93451992417636,484.400889736752,248.46126086553826,0.0,51.47325905863809,75,52.023303023653334,19,7,1,30,1,No,1,Referral,East
102054,Aug-2029,999,83.68465079085215,915.3153492091478,999.7074638899799,833.0433656228928,4.0,22.271983586255047,256,,28,12,3,22,2,Yes,0,Paid Search,North
102055,Aug-2029,699,219.01156357544096,479.98843642455904,713.8166537118354,309.2868240318324,8.0,50.70161239272666,126,42.61868751407252,24,12,3,6,0,Yes,0,Referral,East
102056,Aug-2029,1299,293.6629149550723,1005.3370850449277,1338.7101164459395,944.382004135541,2.0,30.955080909386684,217,105.16794785701549,10,6,3,30,2,Yes,0,Referral,West
102057,Aug-2029,1299,203.63754673455045,1095.3624532654496,1270.813152434994,890.6455218636384,8.0,84.7169314018113,135,111.40099548357509,23,5,1,8,1,Yes,0,Organic,North
102058,Aug-2029,699,229.8701931680156,469.1298068319844,697.3978588046091,294.6067319948937,9.0,39.523074837090704,172,0.5912932016634129,23,12,5,55,4,Yes,0,Organic,East
102059,Aug-2029,1299,129.38749792759162,1169.6125020724085,1247.6036581300725,1165.5804462703697,0.0,4.032055802038663,254,68.29869384552107,1,13,3,47,3,Yes,0,Paid Search,South
102060,Aug-2029,1499,269.16478594566036,1229.8352140543398,1532.931344481929,1056.5268336862334,9.0,38.30838036810625,105,6.636424156542864,10,16,3,48,1,Yes,0,Affiliate,West
102061,Aug-2029,1499,80.31715020844274,1418.6828497915571,1489.2172755058666,1247.306364970909,9.0,36.37648482064809,88,71.65639288947045,20,11,4,29,0,Yes,0,Organic,West
102062,Aug-2029,1499,190.625163088862,1308.3748369111381,1430.2995146953517,1093.1470623086093,7.0,110.22777460252871,130,93.85849971628495,15,13,1,31,1,Yes,0,Organic,West
102063,Aug-2029,499,458.3407382923119,40.659261707688074,500.468099707469,-129.52704779918145,3.0,125.18630950686952,277,33.93671313715346,1,7,1,5,0,Yes,0,Paid Search,South
102064,Aug-2029,699,214.66572672307916,484.33427327692084,719.368116223582,356.5726817104205,4.0,,216,113.43300761385522,18,7,3,11,2,Yes,1,Affiliate,West
102065,Aug-2029,499,99.51465232897579,399.4853476710242,476.2673451618027,102.73188358977399,10.0,146.75346408125023,225,26.290394680616707,15,6,4,57,3,No,0,Referral,West
102066,Aug-2029,1299,99.20493099703205,1199.795069002968,1286.4421215248558,1119.3168515123775,4.0,20.478217490590353,74,,7,11,4,17,0,Yes,0,Referral,West
102067,Aug-2029,499,141.43899632515866,357.56100367484134,498.0951516978991,105.34513947040887,9.0,117.21586420443248,211,92.17909012321897,20,9,2,13,0,Yes,0,Referral,South
102068,Aug-2029,1299,252.1494938075293,1046.8505061924707,1363.891538318855,1045.8915318574566,0.0,0.9589743350141617,176,12.98500861710767,19,11,2,20,2,Yes,0,Paid Search,East
102069,Aug-2029,1299,167.49330110008586,1131.5066988999142,1262.4607721058342,997.8256248817042,4.0,73.68107401820998,198,36.34525866224616,4,12,3,31,1,No,0,Paid Search,South
102070,Aug-2029,999,72.1766624113924,926.8233375886076,1030.8837252564983,825.2935076717929,0.0,101.52982991681469,74,10.746498399713204,7,10,1,26,0,Yes,0,Paid Search,South
102071,Sep-2029,1499,71.9643608653572,1427.035639134643,1445.923797249905,1222.5439636185665,10.0,54.49167551607631,138,17.865062139474773,25,3,4,28,1,No,0,Organic,South
102072,Sep-2029,1299,168.24591972275763,1130.7540802772423,1359.273926699978,998.5545030609824,7.0,,71,,13,8,4,59,1,No,0,Paid Search,East
102073,Sep-2029,999,155.0873984086549,843.912601591345,979.6896589707892,550.1080918954679,14.0,83.80450969587721,72,71.3773358530047,13,7,4,25,0,No,0,Affiliate,East
102074,Sep-2029,1499,204.5971402942825,1294.4028597057174,1445.8700276837037,1139.8500068618532,4.0,94.55285284386434,202,29.48883362664704,22,10,1,48,1,No,0,Organic,South
102075,Sep-2029,1299,260.0987874941874,1038.9012125058125,1283.6399411453963,890.7430762033483,8.0,28.15813630246417,255,7.111065537965679,30,12,2,18,2,No,1,Referral,South
102076,Sep-2029,1299,477.28316428913985,821.7168357108601,1236.0264516842624,697.9496150933838,6.0,33.76722061747622,255,10.147650467539943,21,11,3,45,0,No,0,Organic,South
102077,Sep-2029,499,25.444022012112043,473.55597798788796,479.48259038010747,288.547262133986,1.0,170.00871585390198,203,43.13577198309452,17,8,2,32,1,Yes,0,Organic,East
102078,Sep-2029,499,232.42345527437294,266.57654472562706,498.8078512505386,150.87824392273245,6.0,25.698300802894593,281,119.96560895693159,25,11,4,29,0,Yes,0,Organic,South
102079,Sep-2029,1499,161.79692500659482,1337.2030749934052,1565.049700461065,1182.974871228553,3.0,109.22820376485217,79,84.98514322806551,4,16,4,3,0,No,0,Paid Search,North
102080,Sep-2029,1299,71.34914773327063,1227.6508522667293,1291.8457797006884,1143.633881782554,5.0,9.016970484175317,267,44.45770269707993,9,13,1,35,1,Yes,0,Affiliate,West
102081,Sep-2029,699,299.9436868382073,399.0563131617927,710.1998541002108,273.2408850972585,6.0,,215,44.54342197352926,14,11,1,38,1,No,0,Paid Search,South
102082,Sep-2029,499,200.5407871898337,298.45921281016626,509.3330853476191,156.58709446132798,7.0,36.87211834883827,263,60.03346902169379,12,7,1,15,0,Yes,0,Referral,North
102083,Sep-2029,1499,245.97675513841878,1253.0232448615811,1429.5303702008991,1198.4479130086822,3.0,9.57533185289897,280,106.17521547718262,29,6,3,51,3,Yes,0,Organic,East
102084,Sep-2029,1299,53.93027341172191,1245.0697265882782,1275.8884840204507,997.0102432509461,11.0,83.05948333733207,152,21.511102646065893,30,13,5,3,1,No,1,Organic,East
102085,Sep-2029,1299,123.54996870021498,1175.450031299785,1363.566206545044,1006.9303929578673,,153.5196383419177,211,59.24436709957478,8,12,5,21,1,Yes,0,Organic,North
102086,Sep-2029,699,20.496366612684483,678.5036333873155,664.5397784951085,414.62336888855407,,83.88026449876145,266,16.993117048287168,24,8,3,3,0,No,0,Affiliate,East
102087,Sep-2029,1499,409.5721131216734,1089.4278868783267,1494.5289430570858,984.9609602441718,2.0,74.46692663415486,277,55.906401957558415,30,7,3,53,3,Yes,0,Organic,North
102088,Sep-2029,1299,287.3460414893258,1011.6539585106742,1342.8343490161212,742.7283420556737,1.0,253.92561645500055,126,44.00899029804397,30,8,3,35,2,No,0,Paid Search,West
102089,Sep-2029,499,68.28386600574456,430.7161339942554,488.441695839327,320.8708931039222,1.0,94.84524089033322,270,11.219128444625714,8,13,2,50,1,Yes,0,Affiliate,North
102090,Sep-2029,699,34.39666811395227,664.6033318860477,733.7143665910343,534.9136497049934,7.0,24.68968218105431,283,60.05820737482007,18,16,3,8,1,Yes,0,Affiliate,South
102091,Sep-2029,1499,173.28660796605058,1325.7133920339495,1496.9176434616938,1226.0510459529023,1.0,84.6623460810471,122,32.68219900650925,24,12,2,48,1,Yes,0,Organic,South
102092,Sep-2029,699,281.09064027532315,417.90935972467685,727.9384335087537,187.57738012170063,10.0,80.33197960297623,192,36.21674382447549,8,8,1,3,2,Yes,0,Affiliate,West
102093,Sep-2029,499,58.20643265231152,440.7935673476885,500.4136396398471,378.2718894543873,0.0,62.52167789330122,144,23.642341447159517,4,13,4,54,1,No,0,Paid Search,East
102094,Sep-2029,1499,38.18703948081965,1460.8129605191803,1483.6566661583076,1370.6964346272762,4.0,30.116525891904118,221,54.887165550254466,28,5,5,11,2,Yes,0,Referral,South
102095,Sep-2029,699,17.329834918324934,681.6701650816751,713.6859489234281,517.4060436084783,6.0,74.26412147319687,268,52.132808095781094,5,13,4,48,0,Yes,0,Referral,East
102096,Sep-2029,999,254.03353990927047,744.9664600907295,1044.7813728616852,581.77266108497,2.0,133.19379900575956,144,82.08867958761716,22,13,5,2,2,No,0,Affiliate,West
102097,Sep-2029,499,105.6205093746585,393.37949062534153,492.8170319137117,321.2350854350074,3.0,27.144405190334112,187,64.95227502664765,9,9,1,33,0,No,0,Paid Search,East
102098,Sep-2029,499,110.64761731469935,388.35238268530065,517.210586617263,281.8614914426847,4.0,46.490891242615945,292,23.877908407758845,25,10,5,8,1,No,0,Affiliate,West
102099,Sep-2029,499,170.9585616766761,328.04143832332386,506.96454528919344,274.7574734118238,1.0,38.28396491150005,166,85.14151632980389,9,7,1,12,1,No,0,Paid Search,East
102100,Sep-2029,999,44.60630252051831,954.3936974794817,986.8725535499697,851.1607498562397,5.0,28.23294762324196,86,99.76243603114551,5,10,4,19,0,Yes,0,Organic,East
102101,Oct-2029,999,23.242408407307778,975.7575915926923,954.5930155434596,871.3421088275176,3.0,59.41548276517474,56,26.824792010181472,20,8,2,18,2,Yes,0,Organic,North
102102,Oct-2029,1299,314.3622194832342,984.6377805167658,1274.5012755011223,923.4380339126533,1.0,,173,38.34897331302432,28,10,5,50,1,No,0,Organic,North
102103,Oct-2029,699,325.49828501755127,373.50171498244873,722.1569693719954,326.52977255758054,2.0,16.97194242486819,81,32.01451656460952,0,10,3,21,3,Yes,0,Organic,South
102104,Oct-2029,1299,171.54989513558144,1127.4501048644186,1246.4101297814427,860.5654757944424,9.0,131.88462906997626,293,50.51082528123899,19,7,2,22,0,Yes,0,Referral,West
102105,Oct-2029,699,180.25866068011436,518.7413393198856,704.0451627927024,302.8412993455318,7.0,110.90003997435377,60,24.90780887154377,12,11,2,43,2,Yes,0,Organic,West
102106,Oct-2029,999,301.32167718960096,697.6783228103991,1000.1828291472065,554.5513450206774,0.0,143.1269777897216,225,80.97492743461986,29,15,1,30,1,Yes,0,Organic,West
102107,Oct-2029,999,168.7984267924488,830.2015732075512,1015.1481312146469,582.1620650419434,10.0,,158,20.300846817296062,7,9,4,18,0,No,0,Paid Search,East
102108,Oct-2029,1299,99.71065128676253,1199.2893487132374,1356.0263358733605,1178.398902073573,,20.890446639664418,141,35.664631423352695,23,9,3,6,1,Yes,0,Affiliate,North
102109,Oct-2029,1499,154.72069521329556,1344.2793047867044,1536.739163126721,1215.006562665224,0.0,129.27274212148035,245,63.33922661809004,27,11,4,1,1,Yes,1,Referral,North
102110,Oct-2029,1299,317.1802364600967,981.8197635399033,1300.379649819659,839.43321205243,3.0,97.38655148747324,97,50.502995528118355,12,8,4,9,0,Yes,0,Paid Search,West
102111,Oct-2029,699,156.3986002114567,542.6013997885433,722.0918667452074,340.016950553171,8.0,82.58444923537226,94,52.431172622293204,5,10,2,52,3,No,0,Affiliate,North
102112,Oct-2029,1299,69.67409584157369,1229.3259041584263,1325.1967528255695,1133.3169560656763,5.0,21.00894809274999,144,18.2750278574714,28,7,3,16,1,Yes,1,Organic,East
102113,Oct-2029,499,167.6402459142117,331.35975408578827,518.7377995133447,180.97345612992217,10.0,0.3862979558661195,270,44.33354186781928,18,16,5,29,1,Yes,0,Affiliate,North
102114,Oct-2029,699,228.7467765042917,470.2532234957083,714.6819516126002,402.674746223949,1.0,52.57847727175931,82,96.78166876112506,11,12,3,29,1,Yes,1,Referral,South
102115,Oct-2029,699,214.35041938868383,484.6495806113162,716.6859828872552,440.53056020659653,2.0,14.11902040471967,167,78.06613016498187,14,11,1,5,0,No,0,Organic,West
102116,Oct-2029,1499,216.33887376859315,1282.6611262314068,1436.6416218704574,1115.4122044850033,,92.2489217464036,181,38.885315273958405,7,8,2,19,2,Yes,0,Organic,West
102117,Oct-2029,999,50.798678503988384,948.2013214960116,949.4317098562026,895.2308884360411,0.0,52.97043305997047,96,49.83177285970685,22,10,3,22,0,Yes,0,Affiliate,East
102118,Oct-2029,699,242.4124279870148,456.5875720129852,730.8478083131969,383.8951295349428,3.0,27.692442478042437,171,57.18715064395402,10,4,1,49,2,Yes,1,Referral,South
102119,Oct-2029,999,153.41591270547468,845.5840872945253,974.2276354499952,684.7888334157202,4.0,100.79525387880507,267,114.40492242138109,8,8,5,55,1,Yes,0,Paid Search,North
102120,Oct-2029,1299,64.5850599036654,1234.4149400963347,1255.496365453784,904.0726006596246,12.0,150.34233943670995,102,33.997996641908195,18,15,4,8,0,No,0,Affiliate,East
102121,Oct-2029,499,241.458205638244,257.541794361756,481.970027078655,11.859072304277532,6.0,,175,77.21971006618975,10,13,4,51,1,Yes,0,Affiliate,North
102122,Oct-2029,1499,95.56333812998834,1403.4366618700117,1534.6598672822358,1239.5630022359537,4.0,103.87365963405786,208,50.41544640639605,5,6,1,18,1,Yes,0,Paid Search,North
102123,Oct-2029,999,38.91568182666637,960.0843181733336,953.6852155319626,840.1179504422183,1.0,104.96636773111531,208,96.61164579940647,14,9,2,44,1,Yes,0,Organic,North
102124,Oct-2029,699,29.92771426676137,669.0722857332387,710.2555543571461,581.1751807106912,3.0,42.89710502254752,76,103.36676277561175,16,13,4,48,1,No,0,Affiliate,West
102125,Oct-2029,999,128.20356803435004,870.79643196565,1006.1387594682961,822.0895622664248,3.0,3.706869699225166,138,52.85147545789625,11,12,2,14,0,No,1,Paid Search,West
102126,Oct-2029,699,219.39627385335348,479.6037261466465,674.3463934236457,413.0713500250135,2.0,36.53237612163305,225,29.656225785973835,23,6,2,4,0,Yes,0,Affiliate,South
102127,Oct-2029,999,46.31160574942906,952.6883942505709,962.5811712802569,825.2824619247253,2.0,,85,94.66073770694283,1,13,4,40,0,Yes,1,Referral,East
102128,Oct-2029,699,121.12050474749583,577.8794952525042,673.3229508300612,530.9068009233969,3.0,1.9726943291072914,226,49.01217906506432,20,11,5,27,3,Yes,0,Affiliate,West
102129,Oct-2029,1299,4.007132200433034,1294.992867799567,1267.7614370575359,1254.549853301659,1.0,,208,15.041130086636619,21,14,3,24,1,Yes,0,Paid Search,East
102130,Oct-2029,699,267.8439499487773,431.1560500512227,708.9110771363211,276.38698516022714,4.0,94.76906489099554,284,11.504659247756663,3,11,4,30,0,Yes,0,Affiliate,East
102131,Oct-2029,699,356.07973367466616,342.92026632533384,678.511440218276,251.95154155699095,2.0,60.96872476834291,298,49.19184338162817,24,11,3,12,2,Yes,0,Affiliate,East
102132,Nov-2029,499,343.11390293859847,155.88609706140153,506.987742947829,64.17661710608229,1.0,76.70947995531924,150,2.638882208558366,2,6,2,43,1,Yes,0,Affiliate,South
102133,Nov-2029,699,265.79754605833654,433.20245394166346,731.9721043224741,285.9596158560325,9.0,12.242838085630993,171,32.49675762168565,1,7,5,13,1,Yes,0,Referral,East
102134,Nov-2029,499,253.5011948544314,245.4988051455686,517.0686353403526,41.136237051407136,,24.362568094161464,286,99.22229276587801,18,9,2,40,1,Yes,0,Referral,South
102135,Nov-2029,1499,98.62554292838433,1400.3744570716158,1543.6819148466295,1342.93764574132,3.0,12.436811330295669,221,111.76648869891245,4,7,5,50,1,No,0,Referral,East
102136,Nov-2029,499,171.2607878664126,327.7392121335874,521.411877909268,142.8140870823063,9.0,49.92512505128113,174,99.26547807786108,16,8,1,45,1,No,0,Organic,West
102137,Nov-2029,1299,90.46888516081103,1208.531114839189,1313.6100898447091,1133.1812830026934,4.0,15.349831836495738,108,49.949376510588785,15,13,5,4,1,No,0,Referral,South
102138,Nov-2029,499,255.65596332538811,243.34403667461189,512.4162963764794,223.85016017823625,1.0,4.493876496375634,72,23.70705911990151,15,13,5,26,0,Yes,0,Affiliate,West
102139,Nov-2029,1499,154.51174508175944,1344.4882549182405,1540.0616642362656,1239.4860486229231,3.0,60.00220629531745,148,106.37269142780899,25,7,2,1,1,Yes,0,Affiliate,West
102140,Nov-2029,1299,173.1561243324214,1125.8438756675787,1360.6427483766863,848.1055010128824,4.0,217.73837465469623,117,,11,12,4,27,3,No,0,Referral,North
102141,Nov-2029,999,124.26674594011169,874.7332540598883,1013.7029334233799,763.0478109907046,1.0,96.68544306918363,141,14.521952381263766,3,9,4,23,0,Yes,0,Paid Search,North
102142,Nov-2029,999,284.21159195176847,714.7884080482315,976.3283317520471,577.3712620349431,3.0,92.4171460132884,219,52.1013836645578,16,14,3,42,1,No,0,Organic,West
102143,Nov-2029,499,335.7584464409686,163.2415535590314,483.8141290636111,85.13793137255422,,78.10362218647717,154,95.36513628265008,24,8,1,38,3,Yes,0,Affiliate,South
102144,Nov-2029,499,38.53847795846781,460.4615220415322,489.35404793780265,436.6536549752089,1.0,8.807867066323283,91,5.665565270172846,29,8,5,11,1,No,1,Paid Search,South
102145,Nov-2029,1499,43.95474769238217,1455.0452523076178,1538.2367882745436,1399.7594332243973,2.0,25.28581908322056,190,43.058884203306995,18,11,3,39,2,Yes,0,Referral,South
102146,Nov-2029,1499,177.65959454540564,1321.3404054545945,1522.4673731639955,1140.0321523386797,5.0,106.30825311591477,178,120.90132790738933,1,8,5,42,3,Yes,0,Affiliate,South
102147,Nov-2029,699,358.05152298258497,340.94847701741503,679.3758450761063,254.77392543964652,,56.174551577768504,253,49.73846574510413,4,7,5,44,1,No,1,Organic,West
102148,Nov-2029,1499,157.21736127396193,1341.7826387260382,1552.9387562076668,1002.8729028157322,6.0,248.90973591030593,284,18.41269816470402,0,9,1,21,0,No,1,Paid Search,East
102149,Nov-2029,699,3.4993698425196555,695.5006301574804,732.645279960839,519.64255455243,9.0,40.85807560505036,102,88.2232187808693,25,10,1,22,3,Yes,0,Paid Search,East
102150,Nov-2029,1299,77.29578646040486,1221.7042135395952,1332.411627723607,1069.802275111404,8.0,31.90193842819112,217,72.37767384351686,13,10,3,28,1,Yes,1,Organic,West
102151,Nov-2029,499,174.3196997356154,324.68030026438464,477.14903302194244,43.90840519473383,9.0,145.7718950696508,139,55.722545861917,22,8,4,38,3,No,0,Organic,North
102152,Nov-2029,1299,178.82429142767475,1120.1757085723252,1315.5679139157348,1068.4180111976093,0.0,51.75769737471591,296,19.03755011659965,8,7,5,6,3,Yes,0,Referral,North
102153,Nov-2029,1499,65.5094837289152,1433.4905162710847,1564.609995785587,1368.9113038233268,2.0,34.5792124477579,223,,16,9,2,25,2,No,1,Paid Search,East
102154,Nov-2029,1299,74.90511674644539,1224.0948832535546,1274.7039976698914,1098.6338874480332,7.0,20.460995805521435,287,77.24637360566517,11,13,3,4,2,Yes,0,Paid Search,South
102155,Nov-2029,1299,32.2118406532322,1266.7881593467678,1310.0974863870315,1243.063201267539,0.0,23.724958079228745,165,14.427077991638996,23,5,5,34,2,No,0,Affiliate,South
102156,Nov-2029,1299,286.94054206245545,1012.0594579375445,1263.5353276078017,864.4483956525949,3.0,102.61106228494964,136,59.61766320371611,23,10,1,57,2,Yes,0,Paid Search,South
102157,Nov-2029,1499,49.826978484793244,1449.1730215152068,1556.0648834349363,1207.4028203225291,6.0,151.7702011926777,162,39.967313175564314,22,13,1,26,1,No,0,Organic,West
102158,Nov-2029,1299,94.22469552980593,1204.775304470194,1347.0605032112885,895.619367126804,13.0,114.15593734339001,199,9.42597170419908,25,15,1,39,1,Yes,0,Referral,East
102159,Nov-2029,699,90.80965001712572,608.1903499828743,689.5254246622364,437.7477889758022,5.0,95.44256100707203,298,41.52021964944238,19,13,1,53,1,No,0,Referral,West
102160,Nov-2029,1499,42.714869701846965,1456.285130298153,1476.4692022210895,1258.5350834369954,4.0,137.7500468611577,164,34.7797766232995,29,11,4,54,0,Yes,0,Paid Search,East
102161,Nov-2029,1299,46.39016342186211,1252.609836578138,1234.0631089819808,1122.9160259958494,2.0,99.69381058228855,229,44.97810235241483,11,10,4,27,2,Yes,0,Paid Search,West
102162,Dec-2029,1499,297.3765119143846,1201.6234880856155,1471.6353575478186,1059.3652255810075,8.0,22.258262504607885,169,31.31536585649961,14,10,5,39,1,No,1,Referral,North
102163,Dec-2029,999,4.885458985112649,994.1145410148873,1027.11386830437,886.7751861183795,5.0,32.33935489650784,77,11.389199296920747,15,10,5,21,2,Yes,0,Organic,West
102164,Dec-2029,699,34.3629237808359,664.6370762191641,666.0500021484154,640.8567339557417,1.0,8.780342263422426,102,116.49664502083478,29,8,3,21,0,No,1,Affiliate,North
102165,Dec-2029,1299,9.905492853511106,1289.094507146489,1260.38656330337,1138.1123915777484,0.0,150.9821155687406,166,216.47096184615899,22,11,1,54,0,Yes,0,Referral,West
102166,Dec-2029,999,139.1266127722487,859.8733872277513,1022.0038364967402,833.5049257852297,0.0,26.368461442521664,240,,17,11,1,56,2,Yes,1,Organic,North
102167,Dec-2029,999,376.2572065519548,622.7427934480452,1013.784324993975,552.9285723988435,3.0,24.81422104920172,194,49.12269782734353,21,6,2,29,1,Yes,1,Affiliate,West
102168,Dec-2029,1499,134.0766934167514,1364.9233065832486,1571.949200906629,1241.3289413015816,,63.594365281667066,113,213.2216432315377,13,11,2,34,1,Yes,0,Organic,East
102169,Dec-2029,999,158.01145504252676,840.9885449574732,988.0727859300258,501.6668897257209,9.0,204.32165523175226,55,,11,7,1,27,0,Yes,1,Organic,East
102170,Dec-2029,699,54.54633169596137,644.4536683040386,673.3662988181602,415.6624099892458,8.0,108.79125831479286,191,29.736318020008536,30,8,2,42,2,Yes,0,Paid Search,East
102171,Dec-2029,699,142.6058346249273,556.3941653750727,710.5134011464834,393.06007017749914,2.0,133.33409519757356,163,66.84484313588769,10,8,2,57,0,Yes,0,Affiliate,South
102172,Dec-2029,499,297.4860367617139,201.51396323828612,477.993418429481,162.96985715951865,0.0,38.54410607876747,177,57.80086100988468,14,9,1,46,0,Yes,0,Affiliate,West
102173,Dec-2029,699,167.14912651658082,531.8508734834192,672.2111427255026,398.3467525492988,2.0,103.50412093412032,66,95.87382868338305,20,8,4,26,1,Yes,0,Affiliate,North
102174,Dec-2029,999,405.81240984745966,593.1875901525403,1005.7851091719126,509.2924621771963,3.0,38.895127975343996,87,73.7464962603878,20,13,4,5,0,No,0,Referral,North
102175,Dec-2029,699,301.13756547668294,397.86243452331706,697.0410880023425,274.3875892884256,1.0,108.47484523489146,246,127.37773582765018,26,7,5,20,1,Yes,0,Organic,North
102176,Dec-2029,1499,139.64203854660803,1359.357961453392,1463.5646582439256,1178.6906797884408,7.0,75.66728166495112,62,62.6948406630118,7,10,4,8,0,Yes,0,Referral,South
102177,Dec-2029,499,137.30545492894618,361.6945450710538,497.90062618469415,278.82420209925067,4.0,22.87034297180314,161,14.890428802240411,16,13,1,52,3,Yes,0,Organic,East
102178,Dec-2029,999,345.71077651483574,653.2892234851643,1035.7951628719675,539.0397857224373,0.0,114.24943776272704,230,36.09711105032505,7,16,2,18,0,Yes,0,Paid Search,North
102179,Dec-2029,499,166.47906910262748,332.5209308973725,510.2273133211163,221.74395490263885,6.0,20.77697599473366,186,88.24410470961926,3,13,1,53,1,No,0,Referral,West
102180,Dec-2029,999,319.0705872326067,679.9294127673933,994.4846945837733,555.9608857741201,4.0,63.96852699327317,221,41.83642773418894,28,16,3,5,0,Yes,0,Organic,West
102181,Dec-2029,1499,390.3488808152,1108.6511191847999,1470.7200061866777,1006.556481376168,0.0,102.09463780863194,176,60.47874223970108,9,2,2,4,0,Yes,0,Organic,North
102182,Dec-2029,499,125.49367586110688,373.5063241388931,503.1010444657935,240.95524016194236,5.0,57.55108397695075,155,61.17274175586673,5,5,1,51,0,Yes,0,Organic,South
102183,Dec-2029,1299,192.23464391220188,1106.7653560877982,1234.4223019781646,1094.1681148332877,0.0,12.597241254510465,203,27.172091742706982,5,13,5,43,3,Yes,1,Organic,North
102184,Dec-2029,999,267.6005021479655,731.3994978520345,1022.2841830040269,657.0296966261865,1.0,59.36980122584804,126,34.50547613613878,16,12,5,5,3,Yes,0,Organic,South
102185,Dec-2029,1299,242.10000468270238,1056.8999953172977,1338.2880054451275,920.4248636527539,8.0,16.47513166454381,68,56.191373858882564,7,15,2,16,1,Yes,0,Paid Search,West
102186,Dec-2029,499,241.25888795046015,257.7411120495399,480.12516180971886,76.99225566585164,7.0,75.74885638368823,225,85.47920534180992,12,6,4,9,3,Yes,0,Referral,North
102187,Dec-2029,1299,10.016859261328193,1288.9831407386719,1286.3507851710551,1185.2010126949733,4.0,43.78212804369845,258,,14,9,5,25,2,Yes,0,Paid Search,South
102188,Dec-2029,1299,48.18999262058411,1250.810007379416,1252.8949734519372,988.3384765773538,2.0,,257,50.771840231951195,3,10,3,57,1,Yes,0,Affiliate,East
102189,Dec-2029,499,90.5679574870575,408.43204251294253,521.3953489350746,212.75093404753235,1.0,180.68110846541018,207,110.31642000376057,28,11,2,38,1,No,1,Paid Search,South
102190,Dec-2029,1499,295.73049641624107,1203.269503583759,1547.865647663995,1033.0247128625388,3.0,125.24479072122028,209,47.96538887798492,27,9,3,8,2,Yes,0,Referral,East
102191,Dec-2029,1299,1.7550111447736754,1297.2449888552264,1236.6574322896463,1073.8591520215678,10.0,73.38583683365869,127,68.44967895692939,24,11,2,1,5,Yes,1,Paid Search,North
102192,Dec-2029,1299,332.78720486146074,966.2127951385393,1360.102756756114,807.5842102763272,,83.62858486221204,289,125.7170257620657,14,13,4,31,1,Yes,0,Affiliate,East
102193,Jan-2030,1499,243.58009368944195,1255.419906310558,1445.30958986137,1091.148768107654,1.0,149.271138202904,169,55.51838912814469,22,12,1,33,2,No,0,Organic,North
102194,Jan-2030,1299,288.5076269667329,1010.4923730332671,1244.9623048116273,817.4409838828868,8.0,73.05138915038029,128,123.13455126645871,30,14,2,55,1,Yes,1,Referral,North
102195,Jan-2030,1299,38.45603073060015,1260.5439692694,1238.2857479438396,1047.5707475977074,9.0,77.9732216716926,125,,13,8,1,5,2,No,1,Referral,East
102196,Jan-2030,1299,158.67628352281562,1140.3237164771845,1336.7567195710956,1106.4420259381136,2.0,3.881690539070931,150,101.8409724528301,10,11,2,18,1,Yes,0,Paid Search,North
102197,Jan-2030,699,185.87313433575795,513.126865664242,728.7257338884308,358.14149422104754,,4.985371443194495,124,60.26698702828786,29,10,4,36,0,Yes,0,Referral,North
102198,Jan-2030,1499,180.59604024272323,1318.4039597572769,1438.3839305150748,1276.9824934623045,0.0,41.42146629497225,246,61.45453742490419,19,9,3,48,0,No,0,Affiliate,East
102199,Jan-2030,1299,185.4788881016061,1113.5211118983939,1361.782283359688,894.3417524743945,4.0,159.17935942399936,169,68.76132667540573,27,10,1,20,2,Yes,0,Affiliate,North
102200,Jan-2030,1499,116.81682235258661,1382.1831776474135,1471.3973604403,1244.5086064193188,6.0,47.67457122809467,297,60.55109863664521,16,10,3,54,2,No,0,Affiliate,East
102201,Jan-2030,999,166.22484972763914,832.7751502723609,1016.8665913295844,667.1476258485642,9.0,30.6275244237967,188,62.287734972941266,24,9,2,24,0,No,0,Referral,East
102202,Jan-2030,999,274.0276746078224,724.9723253921776,1047.5779471633514,469.64993346202596,,120.32239193015161,275,154.09291021694654,9,12,2,19,0,Yes,0,Affiliate,North
102203,Jan-2030,1299,10.018522987093178,1288.981477012907,1235.1535434112086,1126.010653898326,1.0,147.970823114581,132,70.8686249078605,5,6,4,28,0,Yes,0,Paid Search,South
102204,Jan-2030,1499,335.6460142686484,1163.3539857313517,1506.0131724082369,862.6395261465171,3.0,255.71445958483454,203,103.07978014628887,5,15,2,30,1,Yes,0,Referral,West
102205,Jan-2030,1499,267.8278747642137,1231.1721252357863,1522.3823837516384,1029.8089161764344,7.0,96.3632090593519,75,26.56392261664923,0,9,4,39,1,No,0,Organic,West
102206,Jan-2030,1499,34.17577287800002,1464.824227122,1479.7171051981786,1342.6620847006398,4.0,62.16214242136023,177,11.763801424014746,4,17,2,15,2,No,0,Paid Search,West
102207,Jan-2030,699,196.0603252146386,502.9396747853614,671.7371149338899,348.23147835502687,10.0,4.708196430334482,194,12.883612860847936,3,5,3,50,0,Yes,0,Organic,East
102208,Jan-2030,999,258.17985313896537,740.8201468610346,1011.0999077610725,706.9048619456441,0.0,33.915284915390416,272,16.792490215769227,30,12,2,9,1,Yes,0,Affiliate,North
102209,Jan-2030,1499,1.7648011337179526,1497.235198866282,1431.0954748552804,1344.0984793143675,2.0,123.13671955191433,132,125.12657402640502,10,7,1,39,0,Yes,0,Paid Search,North
102210,Jan-2030,1499,155.0374120051921,1343.962587994808,1562.473416492574,1236.1587317560857,4.0,47.803856238722396,93,12.34302238498374,16,10,5,31,0,No,0,Referral,South
102211,Jan-2030,699,140.57816389979925,558.4218361002007,696.3483972657791,369.42853486097124,7.0,83.99330123922945,133,44.65906668219814,6,6,1,1,3,No,0,Organic,East
102212,Jan-2030,699,72.53033489917266,626.4696651008273,727.6782509450908,544.9840948035188,2.0,51.48557029730857,200,180.15200426795366,19,6,1,13,3,Yes,0,Organic,South
102213,Jan-2030,1499,161.08282041168158,1337.9171795883185,1549.448705075522,1179.343852975172,7.0,53.573326613146534,74,80.36709376660473,2,5,4,36,2,Yes,0,Affiliate,East
102214,Jan-2030,499,77.96561088446518,421.03438911553485,474.23170674504695,188.49687811043566,11.0,67.53751100509916,269,32.39869573518216,1,14,2,2,4,No,0,Paid Search,North
102215,Jan-2030,1499,314.91684827648845,1184.0831517235115,1492.8868530024477,1100.316519428899,0.0,,86,24.958952501614604,7,12,3,42,2,No,0,Paid Search,East
102216,Jan-2030,1499,74.80268144071078,1424.1973185592892,1557.1315645036295,1268.9397006803092,2.0,125.25761787897994,253,37.500742157969356,4,5,2,37,2,Yes,0,Organic,North
102217,Jan-2030,699,245.03747280157899,453.962527198421,690.0662885919334,300.37811250980303,7.0,48.584414688617954,161,62.813850051853805,25,7,5,57,2,Yes,0,Organic,West
102218,Jan-2030,699,48.646366514419725,650.3536334855803,686.642997944196,373.4671654435698,12.0,96.88646804201048,242,39.04084288421145,24,10,2,35,2,Yes,1,Organic,North
102219,Jan-2030,1499,130.58282353800465,1368.4171764619953,1526.8192521269098,1225.3659846028133,,53.051191859181955,51,80.37276692098928,4,11,5,37,0,No,0,Referral,South
102220,Jan-2030,1499,151.47733888216305,1347.5226611178368,1529.7370289230225,1241.4088608841512,0.0,106.11380023368577,251,149.82552775972889,9,10,5,11,1,Yes,0,Organic,West
102221,Jan-2030,1499,126.68507392613633,1372.3149260738637,1520.4596968629205,1251.6966607419556,3.0,75.61826533190809,147,28.404885386990152,11,4,1,58,0,Yes,0,Affiliate,West
102222,Jan-2030,699,102.44180433655308,596.5581956634469,689.4506729766606,447.686623461609,7.0,43.87157220183792,81,154.72592743262777,16,13,5,18,2,No,1,Referral,North
102223,Jan-2030,1499,69.89819695858532,1429.1018030414148,1433.5874568349404,1367.1031000378032,1.0,46.99870300361164,138,57.048654840436235,13,11,5,20,2,No,0,Affiliate,West
102224,Feb-2030,1499,240.54489360178837,1258.4551063982117,1562.4083027469414,1167.501888804814,2.0,60.95321759339775,251,38.1250480921511,25,13,3,2,2,Yes,0,Paid Search,West
102225,Feb-2030,1299,269.9349426114456,1029.0650573885544,1275.2562321268545,876.7863535547435,1.0,137.27870383381088,232,24.64672767833686,4,14,4,24,1,Yes,1,Paid Search,South
102226,Feb-2030,499,140.14069369720198,358.859306302798,513.7522859544688,138.66314428479103,6.0,130.196162018007,227,73.27134221983728,4,15,2,55,3,No,0,Affiliate,West
102227,Feb-2030,999,18.403499037403236,980.5965009625968,984.1823404723988,814.7645508589283,3.0,120.83195010366849,242,30.019684342506714,23,11,3,16,1,Yes,0,Organic,East
102228,Feb-2030,499,365.27391976641934,133.72608023358066,498.7377404513179,76.013904315873,0.0,57.712175917707654,209,78.25427389962614,5,15,4,23,2,No,0,Organic,East
102229,Feb-2030,1299,44.42430805105431,1254.5756919489456,1282.5899100251793,1098.4790019809732,4.0,96.09668996797251,86,50.60601994697264,14,12,1,55,1,Yes,0,Organic,West
102230,Feb-2030,999,25.130671017977676,973.8693289820224,957.1742594861546,712.0482078925121,8.0,141.82112108951029,253,35.09140134130465,26,12,3,57,1,Yes,0,Organic,North
102231,Feb-2030,1499,91.51462998237241,1407.4853700176277,1473.434131926019,1227.029482771047,4.0,120.45588724658077,290,49.902206672417755,4,12,3,50,0,No,0,Paid Search,South
102232,Feb-2030,1299,161.93422762951926,1137.0657723704808,1358.1925800814702,937.1507965055205,4.0,,298,71.52124821225546,28,10,1,38,0,No,1,Referral,South
102233,Feb-2030,1499,123.91003373817163,1375.0899662618283,1440.5895330267736,1189.3356063152517,8.0,65.75435994657659,164,45.27120227928211,7,11,5,47,1,Yes,0,Paid Search,West
102234,Feb-2030,699,273.71479789756074,425.28520210243926,702.9033289055897,239.61509668253797,10.0,35.67010541990129,259,30.068628932215347,30,9,1,44,2,No,0,Affiliate,North
102235,Feb-2030,1299,223.33014761346567,1075.6698523865343,1359.8459700204241,763.3225357725014,10.0,162.34731661403288,271,26.61136267584107,0,12,2,29,1,No,0,Organic,South
102236,Feb-2030,699,184.82414695020452,514.1758530497955,665.4837889791784,312.4744670376277,7.0,96.70138601216782,190,83.72007649170584,20,6,1,30,1,Yes,1,Paid Search,East
102237,Feb-2030,1299,117.43593654447005,1181.56406345553,1243.0377550821202,1056.964047509097,3.0,79.60001594643285,231,18.813633590563683,2,8,3,4,2,No,0,Paid Search,West
102238,Feb-2030,1299,283.19727266372,1015.80272733628,1352.1442532224373,865.1563973545283,7.0,45.64632998175173,52,27.95436891509464,20,13,1,29,0,Yes,0,Affiliate,West
102239,Feb-2030,699,374.0867882103039,324.9132117896961,715.4656163882058,99.84186006597741,11.0,60.07135172371868,262,11.70909910767406,18,18,2,44,0,Yes,0,Organic,West
102240,Feb-2030,999,271.07750389558845,727.9224961044115,1003.5277858808711,637.9079774001179,6.0,0.014518704293500662,219,48.01435572900603,14,12,5,58,1,Yes,0,Organic,South
102241,Feb-2030,499,94.3762042980948,404.6237957019052,500.8284441227985,377.9903622803696,1.0,,255,21.57522424540763,3,13,5,43,1,Yes,1,Referral,West
102242,Feb-2030,1499,243.78786646586101,1255.212133534139,1570.1853934638682,1198.2950559024387,0.0,56.91707763170036,89,44.970993433651856,26,9,4,54,0,Yes,0,Organic,East
102243,Feb-2030,1299,101.7492329439342,1197.2507670560658,1236.7719160162667,1128.6583499637711,0.0,68.59241709229464,123,46.19917292897587,24,9,4,41,0,No,0,Affiliate,South
102244,Feb-2030,1499,17.391922096803057,1481.608077903197,1464.5944120860895,1384.235373878766,4.0,37.372704024430874,115,48.34269254572696,1,12,2,27,3,No,0,Affiliate,East
102245,Feb-2030,699,42.11531254536658,656.8846874546334,686.196121221199,527.9782475055395,0.0,128.90643994909394,109,32.48988008061744,29,9,4,33,0,Yes,0,Paid Search,North
102246,Feb-2030,1499,107.01859150347053,1391.9814084965294,1441.961887327936,1036.7914566619556,12.0,175.1899518345739,286,83.30794212374603,25,8,5,18,2,Yes,0,Referral,East
102247,Feb-2030,699,162.47516147562527,536.5248385243747,689.0199991463387,381.5419141271532,,124.98292439722147,278,39.06630193402187,27,7,5,6,1,Yes,0,Referral,West
102248,Feb-2030,1499,397.26973830905507,1101.7302616909449,1479.574673054013,1068.0542261739956,0.0,33.67603551694923,60,28.44012727135592,16,13,4,32,2,Yes,0,Organic,West
102249,Feb-2030,499,44.19726292657589,454.8027370734241,521.8941353753992,282.3284870808805,3.0,127.47424999254362,169,12.926332876476296,11,10,1,31,1,Yes,0,Organic,East
102250,Feb-2030,499,308.8186187629594,190.18138123704063,496.106826186216,123.86348145749508,3.0,21.317899779545556,178,92.88328498487726,19,10,5,12,1,Yes,0,Referral,East
102251,Feb-2030,499,111.92885379689172,387.0711462031083,520.69516125281,116.6679828822032,,75.40316332090508,203,31.37924990195625,7,13,4,23,1,Yes,0,Affiliate,North
102252,Mar-2030,499,91.96619849344125,407.03380150655875,514.470869198654,273.17670567977746,2.0,103.85709582678129,91,79.0491284856511,28,13,4,29,1,No,0,Organic,West
102253,Mar-2030,499,89.31287964835946,409.68712035164054,510.81821503397936,324.1484223489143,1.0,70.53869800272625,239,37.576578824668076,4,10,2,3,1,No,0,Affiliate,North
102254,Mar-2030,499,291.2036391801229,207.79636081987712,490.5431220020348,90.30342527657365,6.0,27.492935543303474,172,159.97533448815267,24,6,2,33,0,Yes,0,Organic,South
102255,Mar-2030,699,191.3603423195083,507.6396576804917,693.8957204467913,320.1951632313577,8.0,67.44449444913406,238,156.2940169720732,9,15,5,39,3,Yes,0,Organic,North
102256,Mar-2030,1299,198.5341438396748,1100.465856160325,1239.8385568351064,703.6747869881697,14.0,186.7910691721554,254,62.71778567771285,18,9,3,28,1,No,1,Referral,East
102257,Mar-2030,1499,309.42048106132563,1189.5795189386745,1480.61431542129,976.0264834839911,11.0,48.55303545468346,141,63.30297049221383,28,12,4,18,0,Yes,0,Organic,West
102258,Mar-2030,499,25.63964532771267,473.3603546722873,517.4832540940179,384.9615468742279,5.0,13.398807798059408,277,58.505946354830975,8,13,1,44,1,No,0,Organic,West
102259,Mar-2030,699,23.78994838892997,675.2100516110701,718.6683987290479,600.9226249600971,4.0,14.28742665097294,262,38.73367695242033,15,11,3,22,2,Yes,1,Organic,East
102260,Mar-2030,699,121.64743311557089,577.352566884429,720.5546094139456,484.06126101332245,2.0,63.291305871106616,111,87.79740060238848,0,11,4,20,0,No,0,Affiliate,West
102261,Mar-2030,699,255.24984854913416,443.7501514508658,679.5398818769244,361.4104234519498,0.0,82.339727998916,251,48.79134519654005,14,12,3,16,1,Yes,0,Referral,North
102262,Mar-2030,1299,217.49810803555238,1081.5018919644476,1261.3337601027479,913.7474617607754,5.0,92.75443020367217,61,19.165537701484308,1,14,4,58,0,Yes,1,Paid Search,West
102263,Mar-2030,1499,236.87598235093367,1262.1240176490664,1523.4849594204397,1161.8906406195792,3.0,55.23337702948715,287,41.31565711824135,24,10,4,52,3,Yes,0,Referral,South
102264,Mar-2030,1299,8.038653113186342,1290.9613468868138,1318.6496083600775,1107.3687688408427,4.0,123.59257804597112,204,19.93465832020363,13,13,3,57,2,No,0,Affiliate,East
102265,Mar-2030,999,42.50987471038232,956.4901252896177,968.5614822601312,757.1375337920912,5.0,124.35259149752649,244,18.62520424852164,24,9,2,7,1,Yes,0,Referral,East
102266,Mar-2030,699,8.3541970119999,690.6458029880001,714.3533096932206,575.0590982998307,4.0,55.58670468816949,77,26.42955129573091,25,6,4,49,2,Yes,0,Organic,East
102267,Mar-2030,999,39.29132731695549,959.7086726830445,986.627472708697,817.8690092390282,3.0,96.83966344401634,243,142.48656910143336,20,13,5,4,1,Yes,1,Referral,South
102268,Mar-2030,499,336.47506906954254,162.52493093045746,518.3014487667475,-76.28954299105618,1.0,223.81447392151364,205,68.45831842108166,15,9,3,42,1,Yes,1,Affiliate,West
102269,Mar-2030,499,270.0152068539002,228.98479314609978,492.23745014171254,138.220481514011,5.0,15.764311632088791,292,41.412636651293994,9,9,2,38,0,Yes,0,Organic,North
102270,Mar-2030,1299,95.01352312556156,1203.9864768744385,1263.9219579685348,957.1333144569194,9.0,111.85316241751906,272,38.46220415541829,11,5,1,34,2,No,0,Organic,East
102271,Mar-2030,1499,185.91023919119817,1313.0897608088019,1453.4103121718879,1196.143811505078,4.0,56.94594930372379,156,52.98139518214341,12,16,4,36,4,No,1,Paid Search,East
102272,Mar-2030,999,68.59653046227135,930.4034695377286,1038.7801025621397,781.7437444889388,1.0,133.65972504878982,198,,19,9,4,18,2,Yes,0,Organic,West
102273,Mar-2030,1499,193.71357129379885,1305.2864287062011,1552.9684112476473,1111.8073291957728,12.0,13.479099510428384,184,71.28500605502128,8,10,5,33,2,No,0,Referral,North
102274,Mar-2030,1299,13.428511470960217,1285.5714885290397,1289.3702370000744,1189.5491891797456,2.0,66.02229934929423,291,55.97452521865416,27,14,2,1,1,Yes,0,Organic,South
102275,Mar-2030,499,240.03017351687174,258.96982648312826,486.06198141498254,209.6018164352243,3.0,4.368010047903972,144,66.16090794657278,25,9,4,48,1,No,0,Referral,North
102276,Mar-2030,1499,48.035604289872836,1450.964395710127,1466.7029572715578,1359.6054052552295,0.0,91.35899045489768,63,39.34209885120189,1,12,2,25,1,Yes,0,Affiliate,North
102277,Mar-2030,1499,246.70980342517882,1252.2901965748213,1481.7542854013616,1059.9391833173456,2.0,162.35101325747564,216,181.9398625004202,30,6,4,45,2,Yes,0,Affiliate,South
102278,Mar-2030,499,98.70925101667896,400.290748983321,476.26296001154316,370.0478300461483,1.0,15.242918937172718,167,19.741380695014172,18,8,1,14,1,No,0,Referral,North
102279,Mar-2030,999,55.190885568207136,943.8091144317929,955.7725424394373,881.4104586765249,3.0,17.39865575526801,175,72.18720781319672,14,13,5,11,1,Yes,0,Referral,South
102280,Mar-2030,499,343.5596060699587,155.4403939300413,520.3302914684886,-28.407969487718702,12.0,3.848363417759998,152,,30,5,1,57,0,Yes,0,Organic,North
102281,Mar-2030,1499,171.23354218725186,1327.766457812748,1538.8910202107097,1101.8113121793454,2.0,195.95514563340276,296,55.66774094751848,29,9,1,52,3,Yes,0,Paid Search,West
102282,Mar-2030,999,111.33823547417312,887.6617645258269,1030.3669620561784,612.819545527314,8.0,154.84221899851303,122,61.07059482928935,14,10,3,8,1,No,0,Paid Search,South
102283,Apr-2030,999,240.9813970021517,758.0186029978483,996.8665330685609,710.4744302186273,1.0,32.54417277922105,264,156.2983367191743,23,12,1,42,3,Yes,0,Referral,West
102284,Apr-2030,499,10.798928348986209,488.20107165101376,492.26246342115246,144.29113698993552,15.0,118.90993466107824,111,61.858372267131145,0,15,5,16,2,Yes,0,Affiliate,North
102285,Apr-2030,1499,282.823630711243,1216.176369288757,1437.8362710233175,1045.1454722521385,9.0,36.030897036618725,61,40.72426614397712,17,12,5,59,2,Yes,0,Organic,North
102286,Apr-2030,1299,133.26663523098608,1165.7333647690139,1306.5452672340896,1043.8499285131784,2.0,91.88343625583556,270,,20,16,4,39,1,Yes,0,Affiliate,North
102287,Apr-2030,1499,222.0945258802125,1276.9054741197874,1535.479471558473,1231.3506125897836,2.0,15.554861530003691,87,212.91960967414968,30,8,1,37,2,Yes,0,Organic,West
102288,Apr-2030,699,35.744815322770336,663.2551846772296,677.7441846833203,518.3673292693918,4.0,84.88785540783779,235,76.92920902027551,30,7,2,31,0,No,0,Affiliate,West
102289,Apr-2030,1299,104.10888502404052,1194.8911149759595,1284.6019888565934,1104.9889502102383,2.0,59.90216476572121,233,85.51722224535887,6,10,3,42,2,Yes,0,Referral,North
102290,Apr-2030,999,150.54961672145808,848.450383278542,1041.6886079868516,801.0615194299492,3.0,,88,8.0439119185616,9,7,3,18,0,Yes,0,Affiliate,North
102291,Apr-2030,1299,273.63590563422343,1025.3640943657765,1343.6532098115454,945.8114064609747,1.0,64.55268790480177,135,32.11610217042592,28,14,3,57,1,Yes,0,Affiliate,South
102292,Apr-2030,999,231.64932767249792,767.350672327502,1028.799563761452,583.6439238498242,8.0,63.70674847767783,53,72.22713511638884,8,18,5,7,2,No,0,Paid Search,East
102293,Apr-2030,999,102.90275548590998,896.09724451409,952.989522764661,679.071839884881,10.0,67.02540462920905,97,13.608044573799022,29,9,5,4,1,Yes,0,Referral,South
102294,Apr-2030,1299,188.1537308788058,1110.8462691211942,1255.5586544676805,1008.0986202452982,5.0,27.747648875896033,184,53.96625031641157,18,13,4,32,2,Yes,0,Affiliate,East
102295,Apr-2030,999,300.7882922072378,698.2117077927621,979.6234945227727,539.3384242745875,5.0,83.87328351817465,109,120.17469413316942,10,9,1,31,0,Yes,0,Organic,East
102296,Apr-2030,999,126.00138198929278,872.9986180107072,979.3840571296944,783.5170739517454,1.0,74.48154405896182,217,23.244672498332662,3,10,5,10,0,No,0,Affiliate,North
102297,Apr-2030,699,112.9362047477631,586.0637952522369,673.0643536706651,453.6252133393514,2.0,,57,27.98025847736211,25,10,3,30,1,Yes,0,Organic,West
102298,Apr-2030,1499,76.76455713034949,1422.2354428696506,1467.438189113115,1282.019306487361,5.0,65.21613638228962,173,102.93724956516695,0,6,5,50,2,Yes,0,Affiliate,North
102299,Apr-2030,1499,116.51131975886278,1382.4886802411372,1488.2288610549617,1333.2332326680996,1.0,34.255447573037515,165,32.24020734376842,11,12,1,50,1,No,0,Organic,North
102300,Apr-2030,699,58.7552446421426,640.2447553578575,667.4964254403076,528.5521698106638,6.0,21.692585547193634,107,25.646078724176807,0,11,5,35,1,No,1,Referral,South
102301,Apr-2030,1299,136.27983851601513,1162.7201614839848,1286.4227401280468,1040.2383699945617,2.0,92.48179148942319,234,129.75656020350485,16,13,1,45,0,Yes,1,Organic,East
102302,Apr-2030,499,268.57621718912964,230.42378281087036,498.82702373246275,200.28962758686734,0.0,30.134155224003024,84,48.73892924331951,19,10,4,31,2,Yes,0,Affiliate,South
102303,Apr-2030,499,104.35673700561784,394.64326299438216,476.0926359045213,324.5609323341542,2.0,40.08233066022798,122,,8,16,5,31,0,Yes,0,Paid Search,North
102304,Apr-2030,499,298.10505895449484,200.89494104550516,507.69250825824776,175.13290778303642,0.0,25.76203326246874,164,107.39966209002515,7,12,1,46,0,No,1,Affiliate,East
102305,Apr-2030,699,110.37322480125619,588.6267751987439,669.626796924684,501.9107823543193,1.0,71.71599284442465,62,19.5806386602378,3,6,1,54,1,Yes,0,Organic,South
102306,Apr-2030,699,146.7402159448073,552.2597840551928,709.339905027812,334.8332356925929,8.0,97.42654836259987,88,51.56453421270266,7,16,2,46,2,Yes,0,Affiliate,South
102307,Apr-2030,999,89.709626383375,909.290373616625,1048.358926307623,833.6896357466258,3.0,30.60073786999918,133,,30,10,4,33,2,No,0,Affiliate,South
102308,Apr-2030,499,55.58842590583913,443.41157409416087,477.0751410669927,306.9268779335992,3.0,91.48469616056167,70,30.441756159346056,22,7,5,5,0,Yes,0,Affiliate,North
102309,Apr-2030,1299,56.041299084451154,1242.958700915549,1269.406154408151,1075.7299138605663,4.0,107.22878705498272,96,82.35086618940032,21,12,2,10,3,Yes,0,Referral,West
102310,Apr-2030,1299,401.6892082139382,897.3107917860618,1250.8500541314338,867.0092081900917,0.0,30.301583595970072,260,25.027033396921965,9,17,5,46,2,No,0,Referral,West
102311,Apr-2030,499,18.474540449585817,480.5254595504142,492.47464147900916,295.7702720309127,7.0,79.7551875195015,51,86.2442880355235,27,7,3,51,1,No,0,Referral,North
102312,Apr-2030,499,40.62508340706603,458.37491659293397,515.7294927846439,178.87943534849728,10.0,129.4954812444367,93,44.119277401308665,17,6,3,23,2,Yes,0,Affiliate,East
102313,May-2030,499,166.95492328885234,332.04507671114766,520.4294363234592,173.5086629766581,4.0,98.53641373448957,281,21.778678223717627,14,12,1,7,1,Yes,1,Paid Search,East
102314,May-2030,699,139.70681817932203,559.293181820678,722.7465415964339,482.24484063082855,4.0,17.048341189849495,79,52.5074878256272,18,10,2,58,1,Yes,0,Paid Search,East
102315,May-2030,699,111.20042510452227,587.7995748954777,712.3556236447505,446.98339592536195,0.0,140.81617897011574,264,64.23893977470595,19,11,1,47,0,Yes,0,Referral,South
102316,May-2030,699,151.73375320227075,547.2662467977293,714.1835179053692,465.51941429702447,1.0,66.74683250070481,177,7.984597079620133,22,5,1,28,4,Yes,0,Affiliate,East
102317,May-2030,1499,227.30431328353882,1271.6956867164613,1442.1092304458557,1065.4105741151257,2.0,176.2851126013356,104,121.02391110595929,23,18,1,21,1,Yes,0,Organic,North
102318,May-2030,1299,79.5403680257623,1219.4596319742377,1266.3566859257203,1088.534686971908,1.0,115.92494500232961,89,,29,8,3,31,1,Yes,1,Referral,West
102319,May-2030,1299,173.329224993914,1125.670775006086,1281.3201917306394,985.304183253583,2.0,110.36659175250296,254,35.91458541110447,10,8,1,41,1,Yes,0,Affiliate,North
102320,May-2030,999,272.86495945560046,726.1350405443995,954.058829695375,647.6567512195614,1.0,63.47828932483812,146,61.13485515286959,23,7,1,27,1,Yes,0,Paid Search,West
102321,May-2030,699,30.565359989424607,668.4346400105754,721.48311079597,426.69204556586044,8.0,121.74259444471504,273,,3,7,1,29,0,Yes,1,Referral,North
102322,May-2030,1499,128.6617612726355,1370.3382387273646,1462.3761397672993,1206.0783405571801,6.0,74.25989817018436,141,33.886747561943615,8,5,1,10,1,Yes,1,Paid Search,South
102323,May-2030,1499,230.49701905150994,1268.50298094849,1431.888233392995,998.8002668460244,,,73,62.279343006374646,7,12,2,8,1,Yes,0,Referral,West
102324,May-2030,1299,450.35550907235677,848.6444909276432,1243.5436686431237,652.3181698799835,5.0,121.32632104765969,219,86.32554219172722,15,11,5,9,0,Yes,1,Referral,West
102325,May-2030,699,149.11744156214215,549.8825584378578,731.8176097051833,485.99200673973723,3.0,18.89055169812059,77,37.873116025335,26,11,2,11,1,Yes,0,Paid Search,South
102326,May-2030,999,174.23186412791475,824.7681358720853,1040.1572392871724,694.3894969673274,5.0,55.378638904757906,271,3.363050336164376,12,8,4,22,3,Yes,0,Organic,South
102327,May-2030,699,114.50298802872113,584.4970119712789,731.06605371326,475.36127055215275,0.0,109.13574141912616,166,78.56927610032398,4,13,2,40,0,No,0,Paid Search,North
102328,May-2030,499,340.5673009812311,158.43269901876891,521.7896882497515,43.49871916760529,7.0,9.933979851163627,297,46.57901848486546,12,9,4,26,0,Yes,0,Affiliate,North
102329,May-2030,699,140.669168046616,558.330831953384,719.9304320272266,439.49428893040147,6.0,28.836543022982454,154,22.015805458275334,18,11,3,50,0,Yes,0,Affiliate,North
102330,May-2030,499,127.61230079820777,371.3876992017922,487.8208355686495,208.21410646660598,,88.17359273518622,142,65.70770489079027,1,16,5,37,1,Yes,0,Organic,East
102331,May-2030,499,259.30365771230436,239.69634228769564,490.25598646017477,80.61317739582961,8.0,39.08316489186605,147,21.97856158754078,11,7,1,40,0,No,1,Referral,West
102332,May-2030,999,91.88724453638139,907.1127554636187,989.2099715423504,782.536453957509,6.0,34.576301506109665,228,76.77808202654717,8,14,4,2,2,Yes,0,Paid Search,East
102333,May-2030,1299,4.163244129102509,1294.8367558708974,1336.021847750201,1139.5668790757595,,140.26987679513792,199,18.947594924963784,0,10,3,50,2,Yes,0,Affiliate,North
102334,May-2030,699,255.8760455454833,443.1239544545167,728.8314592187271,263.00457101736595,0.0,180.11938343715073,138,32.22771997434363,22,10,5,19,2,Yes,0,Referral,South
102335,May-2030,499,79.01433507934253,419.9856649206575,496.02147944067764,297.455269990222,,92.53039493043548,127,10.328841514710218,26,5,4,50,0,Yes,0,Referral,West
102336,May-2030,699,32.94479667887845,666.0552033211216,685.1232276810925,618.5518725212432,1.0,32.503330799878285,251,31.188482324306865,28,8,3,52,0,Yes,0,Paid Search,East
102337,May-2030,1299,402.0057790287824,896.9942209712176,1265.5959170281849,670.3902772580172,5.0,151.60394371320035,123,,13,13,1,16,0,Yes,1,Affiliate,East
102338,May-2030,1299,128.56838361327456,1170.4316163867254,1267.3653367679851,1062.2810793252713,6.0,18.150537061454102,185,46.84560433432273,6,12,3,4,0,Yes,0,Affiliate,North
102339,May-2030,1499,209.30712987567995,1289.69287012432,1425.0819463389455,1116.3419634660609,,113.35090665825908,63,38.91326351447392,16,12,3,49,0,No,0,Referral,South
102340,May-2030,1299,153.54338892093318,1145.4566110790668,1264.4637555048337,1011.0728218929949,1.0,119.38378918607198,94,19.618789317335303,29,13,1,38,1,No,0,Affiliate,North
102341,May-2030,999,43.64166115556057,955.3583388444395,978.5123267085585,924.2366336362052,2.0,1.121705208234303,87,45.56888568865686,22,10,4,44,1,Yes,0,Referral,North
102342,May-2030,499,232.7320344026307,266.2679655973693,512.7518474552443,61.97848627674449,,84.28947932062482,209,31.832845357252296,13,15,3,7,2,Yes,1,Organic,South
102343,May-2030,1499,187.74947805440692,1311.2505219455932,1506.2743980601676,1132.0937152823033,6.0,89.15680666328996,294,53.56058624473671,16,7,1,55,1,No,0,Organic,North
102344,Jun-2030,999,70.8744202032081,928.125579796792,982.1265943377801,685.3106506466754,8.0,122.81492915011657,111,24.771492449356614,1,18,4,14,0,Yes,1,Referral,East
102345,Jun-2030,699,201.98284054276064,497.01715945723936,705.7856625974347,402.00517862614316,1.0,80.0119808310962,286,30.182994845220218,8,11,1,12,0,No,0,Organic,South
102346,Jun-2030,499,88.28278870439975,410.71721129560024,513.386861468604,182.29054393547813,5.0,153.42666736012208,145,62.42049254575163,14,7,2,21,0,No,0,Affiliate,East
102347,Jun-2030,1299,17.460556786976383,1281.5394432130236,1313.295095518418,1176.5907026268474,0.0,104.9487405861762,116,40.274762698157716,23,3,4,52,1,Yes,0,Organic,North
102348,Jun-2030,499,5.319929477745205,493.6800705222548,477.55504635131376,438.24922095940383,1.0,40.43084956285098,261,12.188316002878432,15,10,2,34,0,Yes,0,Referral,South
102349,Jun-2030,699,182.40703451555746,516.5929654844425,680.8962228028228,476.8171147760519,0.0,39.775850708390635,110,126.38198140587077,8,9,3,21,1,Yes,1,Paid Search,East
102350,Jun-2030,1499,104.07228840858667,1394.9277115914133,1466.9010638504838,1262.9007546944345,1.0,117.02695689697876,62,81.63065502306364,27,4,3,36,3,Yes,0,Paid Search,East
102351,Jun-2030,1499,330.2044822852754,1168.7955177147246,1478.453687839704,1117.626961940682,,36.168555774042815,168,79.712262902664,24,15,3,40,0,No,0,Referral,East
102352,Jun-2030,1499,144.84502639944517,1354.1549736005547,1427.7413614746374,1240.190778500998,6.0,23.964195099556747,136,10.173404753824972,3,5,4,42,1,Yes,1,Paid Search,South
102353,Jun-2030,1299,55.77560478557017,1243.22439521443,1330.7349844512094,1176.7357526614333,1.0,51.48864255299675,132,6.302725074265324,14,14,5,49,0,Yes,0,Referral,East
102354,Jun-2030,999,168.93811663726945,830.0618833627306,996.0393743204103,784.9608516321197,2.0,15.101031730610835,129,92.99436939854264,20,14,4,7,0,Yes,0,Organic,West
102355,Jun-2030,999,5.312078588952772,993.6879214110472,1038.618509305393,908.6186323151938,1.0,70.06928909585342,277,19.447169779363456,9,11,4,21,1,Yes,0,Affiliate,South
102356,Jun-2030,499,139.90425113703571,359.0957488629643,499.88235659881525,93.25912504155565,,115.83662382140862,276,54.682957437257485,6,10,5,10,3,Yes,0,Paid Search,East
102357,Jun-2030,1299,188.30001317739305,1110.699986822607,1362.4127158036008,963.9206155450411,5.0,71.7793712775657,96,31.0985301841604,5,8,4,21,0,Yes,0,Organic,West
102358,Jun-2030,1499,173.48067691623666,1325.5193230837633,1529.0840984752588,1201.3432189778534,,49.17610410590979,160,6.957495734671525,14,10,2,49,3,Yes,1,Affiliate,South
102359,Jun-2030,1499,306.33599166237104,1192.664008337629,1556.9913760190018,1016.4605561656751,4.0,116.20345217195373,163,26.73819896046247,24,6,5,16,0,No,0,Affiliate,East
102360,Jun-2030,699,461.7020551013341,237.2979448986659,732.0825226992317,180.6899652661757,1.0,41.6079796324902,103,61.81918007461923,1,5,5,25,0,Yes,0,Organic,South
102361,Jun-2030,699,230.56768456095418,468.43231543904585,697.0258097885153,458.77329888434184,0.0,9.659016554704003,120,42.05433743610899,30,5,2,13,3,Yes,1,Referral,West
102362,Jun-2030,1499,291.4555593342624,1207.5444406657375,1518.9537885509637,1050.1218975436918,1.0,142.42254312204568,229,142.8292565157489,23,11,5,55,2,Yes,0,Paid Search,West
102363,Jun-2030,1499,455.2155191588688,1043.7844808411312,1561.0642069480518,780.2912998561485,8.0,143.49318098498276,278,75.18493795705255,29,10,5,50,1,No,0,Referral,North
102364,Jun-2030,1299,29.252898262022896,1269.7471017379771,1308.7816848228438,1154.6247053348977,4.0,55.12239640307942,121,,30,7,2,27,1,Yes,0,Affiliate,South
102365,Jun-2030,999,165.67528905300102,833.324710946999,954.3240201814789,737.3986459949992,5.0,20.92606495199974,74,54.50506531289816,14,7,1,37,1,Yes,0,Referral,South
102366,Jun-2030,699,92.64041614960098,606.3595838503991,712.7693201119143,432.51912808088684,,23.840455769512275,72,21.890348750520744,17,5,1,8,1,Yes,0,Paid Search,East
102367,Jun-2030,999,251.11892523132866,747.8810747686714,1042.5299852295575,658.9946146726029,1.0,73.88646009606845,251,22.447748847839247,13,13,1,30,0,Yes,0,Affiliate,West
102368,Jun-2030,1299,182.5942703371945,1116.4057296628055,1335.523603097619,939.6287190596856,6.0,86.77701060311986,207,47.62832114988639,29,11,2,31,0,No,1,Organic,East
102369,Jun-2030,1499,51.78812161152794,1447.211878388472,1542.6601504332502,1310.890369949085,8.0,16.321508439387102,274,26.922517702124754,17,11,3,59,2,Yes,0,Referral,North
102370,Jun-2030,999,151.31373796164533,847.6862620383547,956.9675050894019,651.0084010539649,9.0,61.67786098438984,60,126.90179373189673,2,9,4,7,1,Yes,0,Organic,North
102371,Jun-2030,1499,275.6307287587062,1223.3692712412937,1534.584279801031,1093.8922088451006,5.0,54.477062396193006,212,74.3623290941504,19,15,5,30,1,No,1,Organic,East
102372,Jun-2030,1499,6.44695572300796,1492.553044276992,1428.8848677432227,1282.494048280059,1.0,195.05899599693325,76,100.68540508360965,21,12,2,18,0,No,0,Referral,North
102373,Jun-2030,499,54.31865332332251,444.6813466766775,520.4901646388096,105.78541585293226,9.0,203.89593082374523,166,3.56125591046411,13,9,4,23,1,Yes,0,Referral,North
102374,Jul-2030,999,36.326989794982964,962.673010205017,1040.3890830550022,880.3089748934894,2.0,52.36403531152753,116,63.93968322254332,5,5,2,38,1,Yes,0,Affiliate,North
102375,Jul-2030,999,189.16758665842923,809.8324133415708,1046.979919177105,750.1065429286639,0.0,59.725870412906914,96,12.034626674739021,13,10,5,45,2,No,0,Affiliate,West
102376,Jul-2030,1499,298.8619295537952,1200.138070446205,1469.4990532771728,1056.7661542792125,7.0,38.37191616699249,290,112.7698172772025,1,5,3,56,1,No,0,Paid Search,South
102377,Jul-2030,1299,91.16813583672138,1207.8318641632786,1304.2316446192083,1051.7780327755227,2.0,126.05383138775608,227,70.92059524755042,21,10,2,41,1,No,0,Organic,South
102378,Jul-2030,499,161.32782761743002,337.67217238257,502.93021736797,217.49788868789233,3.0,75.17428369467765,57,77.9376737373776,15,6,4,30,1,Yes,0,Affiliate,North
102379,Jul-2030,1499,39.09351392697789,1459.906486073022,1507.5031409751039,1415.3815866973116,1.0,29.524899375710433,232,80.58253543604407,23,10,4,55,1,Yes,0,Organic,North
102380,Jul-2030,699,270.6483329795981,428.3516670204019,692.8605035071133,261.53567937298226,8.0,46.81598764741969,126,,15,9,5,30,2,Yes,0,Referral,East
102381,Jul-2030,699,121.56380693144953,577.4361930685504,733.0341944945917,374.2255557244361,5.0,128.21063734411433,219,153.34512472565865,20,6,1,8,1,Yes,0,Affiliate,West
102382,Jul-2030,499,165.68087268928772,333.31912731071225,518.2959949169183,250.65878915264938,3.0,37.660338158062885,116,73.8643234898957,16,15,5,12,2,Yes,0,Organic,North
102383,Jul-2030,1299,149.83956057575278,1149.1604394242472,1313.3346647702342,999.9060672605626,2.0,119.25437216368469,197,55.35006041884179,30,10,5,10,2,Yes,1,Paid Search,North
102384,Jul-2030,1499,284.9062563827814,1214.0937436172185,1521.1460376074572,1022.5409044283467,3.0,146.55283918887181,287,32.54815672497729,15,7,1,7,1,Yes,1,Affiliate,North
102385,Jul-2030,999,395.8357836957339,603.1642163042661,1020.4034134309044,320.31714657324426,,42.847069731021826,222,44.28927158867729,15,4,3,39,1,Yes,1,Organic,South
102386,Jul-2030,499,13.840160414227057,485.15983958577294,504.17445533372137,345.5724972843477,6.0,49.587342301425196,84,,7,12,2,17,2,Yes,1,Organic,East
102387,Jul-2030,1299,35.69326584064176,1263.3067341593583,1325.9570006076747,1128.6448775209908,0.0,134.6618566383674,126,38.29175123730951,5,15,4,32,3,Yes,0,Affiliate,North
102388,Jul-2030,999,188.57974830656482,810.4202516934351,1030.6179594349655,623.5224736085198,12.0,6.89777808491538,197,28.833331510922317,17,8,2,5,0,Yes,0,Paid Search,East
102389,Jul-2030,699,52.031718203769756,646.9682817962303,732.4036300362815,504.5975891637961,0.0,,73,68.13231728823845,22,8,2,42,1,No,1,Organic,West
102390,Jul-2030,699,262.0300524480329,436.9699475519671,723.3997745708772,235.11046525174322,6.0,111.85948230022387,234,47.09396745861952,13,3,4,21,5,No,0,Organic,West
102391,Jul-2030,999,281.29409509012044,717.7059049098796,961.9723723992448,666.0906295393053,2.0,21.615275370574242,104,29.43597941913998,15,9,1,31,0,Yes,0,Paid Search,South
102392,Jul-2030,499,84.41084253042503,414.58915746957496,501.31535754486083,304.60971568268394,3.0,64.979441786891,186,95.21664111185973,7,13,4,52,0,No,0,Referral,East
102393,Jul-2030,699,58.37552800302299,640.624471996977,708.220429582707,534.2243804589472,4.0,46.4000915380299,143,20.35866079140768,17,6,1,15,0,Yes,0,Referral,East
102394,Jul-2030,1499,117.02651740167371,1381.9734825983262,1463.8838972692188,1287.4103666066392,1.0,79.56311599168703,266,39.20808189891668,13,13,1,13,1,No,0,Referral,East
102395,Jul-2030,999,162.48218567556222,836.5178143244377,996.5547037035342,757.7411765655829,1.0,63.77663775885483,193,23.408809235282977,16,7,5,46,0,Yes,0,Referral,South
102396,Jul-2030,999,187.780462787423,811.219537212577,1042.2260051178876,757.6441363874332,3.0,8.575400825143916,296,151.10082526180537,21,6,3,49,2,Yes,0,Affiliate,East
102397,Jul-2030,699,120.33804708590037,578.6619529140996,682.1529193920177,537.0261361791052,2.0,11.635816734994442,232,72.6479522570564,28,6,5,7,0,Yes,0,Referral,North
102398,Jul-2030,499,33.905337737985775,465.09466226201425,489.88254825667025,385.3313425997672,4.0,19.763319662247042,249,60.93846403399642,21,11,3,24,1,Yes,0,Organic,North
102399,Jul-2030,1499,101.50807813552993,1397.49192186447,1560.2024765503616,1322.1696421746776,0.0,75.32227968979234,285,24.36863158869689,7,8,1,53,2,Yes,1,Affiliate,West
102400,Jul-2030,499,54.36128019037356,444.6387198096264,478.7588427218606,250.8317515951028,1.0,178.8069682145236,107,151.09102494986934,29,15,5,4,1,No,0,Organic,North
102401,Jul-2030,1299,193.76518708235437,1105.2348129176457,1348.3835904481784,817.0658340145142,17.0,33.16897890313153,113,12.935204026928272,30,8,2,41,3,Yes,1,Paid Search,South
102402,Jul-2030,1299,76.60469584256325,1222.3953041574368,1273.5162534923213,939.1604184037797,15.0,58.234885753657295,269,38.7423945560482,15,11,4,19,0,Yes,0,Organic,West
102403,Jul-2030,699,6.6430230701240305,692.3569769298759,698.8906583541178,577.1417675047649,5.0,40.21520942511111,125,43.28884579269035,22,10,4,46,2,No,1,Affiliate,East
102404,Jul-2030,699,136.16589589761375,562.8341041023863,708.9851898126483,403.6431692096548,6.0,69.19093489273148,164,13.223403446784593,23,14,4,35,1,Yes,0,Affiliate,East
102405,Aug-2030,699,97.65573678224285,601.3442632177571,709.2369359305432,570.8984321390393,1.0,15.445831078717774,265,51.158011495469324,9,10,3,29,0,Yes,0,Organic,South
102406,Aug-2030,1299,74.21171009657105,1224.788289903429,1361.3494742342218,1173.9621621708836,2.0,,98,27.740868982222054,9,8,4,36,0,Yes,0,Paid Search,West
102407,Aug-2030,499,245.58179529514086,253.41820470485914,475.7852266901002,84.09932533598655,1.0,154.3188793688726,78,120.82497792482943,29,11,3,55,2,No,0,Paid Search,East
102408,Aug-2030,499,245.53603979085142,253.46396020914858,509.17041562097006,165.03898580097956,3.0,43.42497440816901,256,16.072025829012023,20,6,3,34,0,Yes,0,Organic,West
102409,Aug-2030,699,167.99023841782486,531.0097615821751,723.1586982012556,437.53939842147395,6.0,3.4703631607011687,167,77.80325189411113,17,13,3,8,1,No,0,Paid Search,North
102410,Aug-2030,1499,164.414433926239,1334.585566073761,1512.2405340989587,1134.151970230991,6.0,110.43359584276976,131,51.88866530764782,30,8,2,2,1,Yes,0,Referral,West
102411,Aug-2030,499,47.20073388799062,451.7992661120094,522.7386611568496,60.93679064897552,13.0,195.86247546303386,56,91.54258817542072,20,5,1,4,3,Yes,1,Paid Search,East
102412,Aug-2030,1299,61.56092032121664,1237.4390796787834,1288.3048216722611,1074.7865548024656,4.0,102.65252487631788,126,42.02922801246624,17,7,2,2,0,Yes,0,Organic,East
102413,Aug-2030,999,54.91792597502615,944.0820740249738,1023.961219237635,838.0472858144242,4.0,46.03478821054968,260,22.482967585622877,8,18,1,30,0,Yes,0,Referral,West
102414,Aug-2030,999,119.90982818660028,879.0901718133997,1017.6181608862298,826.6445640945775,3.0,7.445607718822217,289,133.44640474935966,20,10,2,57,1,No,0,Referral,East
102415,Aug-2030,999,244.2889547653436,754.7110452346565,952.183161337105,728.2703064311792,1.0,11.440738803477295,284,,0,5,3,29,2,Yes,0,Affiliate,East
102416,Aug-2030,1499,312.51958761294725,1186.4804123870526,1506.9133581308758,1143.006917054053,1.0,28.473495332999683,171,79.14796778816755,24,11,1,4,2,No,0,Organic,East
102417,Aug-2030,699,120.6264170513444,578.3735829486556,682.2882340415426,458.68157849738736,,89.69200445126819,118,,15,14,4,21,0,Yes,0,Referral,West
102418,Aug-2030,1299,209.0002598411629,1089.999740158837,1302.734580872519,1039.9131028203851,1.0,35.08663733845198,139,59.56303303865766,9,8,2,9,0,Yes,0,Affiliate,East
102419,Aug-2030,1499,192.71870914334357,1306.2812908566564,1556.57274640574,1098.3306351729723,13.0,12.950655683684111,51,72.25393477435186,14,6,1,2,1,Yes,0,Paid Search,South
102420,Aug-2030,1299,98.04860155218911,1200.9513984478108,1315.9034184817242,1037.370551494866,3.0,118.58084695294484,210,192.386754376563,4,7,4,20,4,No,0,Affiliate,North
102421,Aug-2030,1299,95.23651438400837,1203.7634856159916,1311.1961448905959,935.0328306703318,6.0,178.73065494565972,225,15.765723116262887,26,12,5,54,1,Yes,0,Paid Search,South
102422,Aug-2030,699,328.94019770704597,370.05980229295403,711.0535170463323,171.5777549968186,7.0,93.48204729613542,86,48.016835937796756,16,8,3,49,2,Yes,0,Organic,South
102423,Aug-2030,999,197.15201531057016,801.8479846894298,1001.8289210830425,768.8699372131489,2.0,2.9780474762809774,138,31.76128127277318,30,4,2,33,1,Yes,0,Referral,North
102424,Aug-2030,699,209.3106507456729,489.6893492543271,695.3505581404243,422.09018307067595,2.0,37.59916618365115,176,51.17254521486099,8,8,2,55,0,Yes,0,Organic,South
102425,Aug-2030,1499,203.07939731987912,1295.920602680121,1480.1779677964219,1152.9376319700073,4.0,82.9829707101136,266,14.72130452699903,24,11,5,6,0,Yes,0,Paid Search,North
102426,Aug-2030,1499,155.45312787986657,1343.5468721201335,1528.9912095731086,1301.8647615326433,1.0,26.68211058749008,152,21.074725891674046,25,8,1,29,0,Yes,0,Affiliate,West
102427,Aug-2030,1499,333.88383970189557,1165.1161602981044,1540.3323552591148,938.1693696519271,8.0,106.94679064617722,79,19.473679901240267,25,13,2,16,1,Yes,0,Affiliate,North
102428,Aug-2030,699,126.63354575580877,572.3664542441912,693.6344113351487,458.9628067380713,7.0,8.403647506119881,90,71.4720484429687,24,14,2,36,2,No,0,Organic,North
102429,Aug-2030,1299,167.54524904585014,1131.4547509541499,1239.7305171138148,892.3921974468216,4.0,179.06255350732832,53,46.88163971211917,30,10,2,5,1,No,0,Organic,West
102430,Aug-2030,1299,285.57634219674765,1013.4236578032524,1304.604857967014,910.4245847154813,4.0,42.99907308777113,132,10.546069217935656,5,9,2,37,0,Yes,0,Referral,North
102431,Aug-2030,499,76.9672143831178,422.03278561688217,502.6741652221718,391.54364121160137,2.0,,268,10.264340279798766,25,8,5,9,0,No,0,Affiliate,East
102432,Aug-2030,1499,250.55014245267625,1248.4498575473237,1495.851881399838,1151.1214573914256,,97.32840015589817,293,6.927444219796723,25,13,3,32,0,Yes,0,Organic,North
102433,Aug-2030,1299,58.660411048162004,1240.339588951838,1280.8046430331208,1212.0079160098792,0.0,28.331672941958857,160,40.407826086513445,1,17,2,37,2,No,0,Paid Search,South
102434,Aug-2030,499,163.17791146104494,335.8220885389551,518.756309110735,213.98856647473303,4.0,61.83352206422205,216,43.05228569578497,27,6,5,34,4,Yes,0,Paid Search,South
102435,Aug-2030,1299,56.35687428654879,1242.6431257134511,1296.5471006980565,915.530830589887,11.0,162.11229512356397,73,45.10690226564632,12,9,4,39,1,Yes,0,Referral,East
102436,Sep-2030,1499,265.09820118588266,1233.9017988141172,1543.8154919821518,1141.5786080110565,3.0,47.323190803060584,99,26.028408683045907,22,13,2,47,1,No,0,Referral,East
102437,Sep-2030,999,115.39657425317205,883.603425746828,1012.7591748677182,738.2930922389836,0.0,145.31033350784435,86,35.85891196979334,17,10,1,58,0,No,0,Referral,East
102438,Sep-2030,1499,251.49562276286542,1247.5043772371346,1542.0298469598604,1014.2206798059913,12.0,53.28369743114338,230,41.28162474882589,19,7,5,57,2,Yes,0,Affiliate,South
102439,Sep-2030,699,202.23958035172095,496.760419648279,725.3989136163733,186.12239924344544,13.0,115.63802040483357,74,47.02047910714067,3,5,1,55,1,No,1,Affiliate,East
102440,Sep-2030,1299,54.74490191293937,1244.2550980870606,1265.6599200245855,978.524278869133,16.0,25.730819217927476,142,59.48074526515326,9,12,3,40,3,Yes,0,Affiliate,West
102441,Sep-2030,1299,210.22310284746303,1088.776897152537,1341.6947214301106,928.431095406776,1.0,,174,96.83218130408869,22,17,4,29,0,No,0,Organic,South
102442,Sep-2030,699,70.37171303847214,628.6282869615279,714.4550788357986,579.7157493513146,3.0,3.9125376102134055,80,23.82958856688618,21,12,1,31,2,Yes,0,Paid Search,East
102443,Sep-2030,699,157.69537126079683,541.3046287392032,703.2689955767738,429.8258533807856,6.0,21.478775358417607,286,80.77561307827162,27,6,2,58,4,Yes,0,Referral,East
102444,Sep-2030,999,113.20867662122401,885.791323378776,1003.4918583300782,695.716011077167,11.0,25.075312301609102,276,28.053419469068672,10,9,5,3,1,No,0,Organic,West
102445,Sep-2030,1299,257.9894239666528,1041.0105760333472,1274.5034245010152,853.0516019830887,3.0,142.95897405025843,141,71.04116604033135,27,11,4,43,2,Yes,0,Affiliate,West
102446,Sep-2030,1299,214.83867248849015,1084.1613275115099,1304.278568935447,1027.773964254049,1.0,,87,48.988451771667435,12,13,5,25,3,Yes,0,Affiliate,North
102447,Sep-2030,999,146.31341416743092,852.6865858325691,987.4465211025873,767.9230273109022,0.0,84.76355852166694,176,191.08632121514825,27,9,4,55,0,Yes,0,Paid Search,West
102448,Sep-2030,499,67.71458674132067,431.28541325867934,518.4016149271929,197.9345589061478,8.0,113.35085435253151,107,58.2720249050409,25,11,1,42,0,No,0,Paid Search,North
102449,Sep-2030,999,2.2789787796861845,996.7210212203138,1007.1994103998207,833.2058333574153,6.0,73.51518786289847,285,85.07640760652345,22,8,3,36,1,Yes,1,Referral,West
102450,Sep-2030,1499,166.27877031488373,1332.7212296851162,1468.874574408723,1130.7318661323304,2.0,171.98936355278587,230,,21,9,5,44,0,Yes,0,Paid Search,West
102451,Sep-2030,1299,74.12509282178894,1224.874907178211,1252.804225679475,1016.0867573688745,1.0,193.78814980933655,163,89.97822604791412,16,10,2,58,1,No,0,Organic,South
102452,Sep-2030,699,75.35953890885904,623.640461091141,712.5595527688655,550.6326780553112,2.0,43.00778303582982,99,24.993283822616615,30,10,5,13,1,No,0,Referral,North
102453,Sep-2030,1499,9.603424919550065,1489.39657508045,1523.6908860786693,1313.1899566166862,9.0,41.20661846376386,181,43.91001677728802,30,9,3,39,1,Yes,0,Organic,North
102454,Sep-2030,1299,345.105036665006,953.8949633349939,1280.8209629202865,810.7119773489005,0.0,143.18298598609334,141,35.02515699085342,10,16,1,19,3,No,0,Paid Search,North
102455,Sep-2030,999,70.80283380126656,928.1971661987334,965.2510746199254,828.2691945411406,3.0,54.927971657592835,229,17.63860460091031,3,6,2,59,1,Yes,0,Organic,West
102456,Sep-2030,1499,279.8595333012482,1219.1404666987519,1531.4052813510505,892.8521151161997,12.0,,208,138.7640632975868,13,11,2,16,0,No,1,Referral,North
102457,Sep-2030,1299,107.2020327362063,1191.7979672637937,1269.1742703734503,999.1943225611249,3.0,147.60364470266893,264,102.35705366110179,2,9,1,42,1,Yes,0,Paid Search,North
102458,Sep-2030,499,298.7493162192976,200.2506837807024,517.0643249689456,64.56164226203109,2.0,105.6890415186713,127,21.100408844291078,30,11,5,30,3,No,0,Organic,North
102459,Sep-2030,499,290.05968209692537,208.94031790307463,510.2888554407748,-19.54627252075221,6.0,138.48659042382684,269,19.55016146397838,22,9,2,39,0,Yes,0,Paid Search,West
102460,Sep-2030,699,50.9165487719211,648.083451228079,726.4282884056042,615.1033821603147,1.0,17.980069067764205,191,69.47641723497419,28,7,5,35,0,Yes,0,Affiliate,North
102461,Sep-2030,1299,88.55708001691261,1210.4429199830874,1361.9485394044555,995.3969330252421,,125.0459869578453,178,88.60415029860461,22,13,5,2,0,Yes,0,Affiliate,South
102462,Sep-2030,499,78.39845724363843,420.6015427563616,491.06664776368115,334.0233722667017,1.0,71.57817048965987,92,47.29473923584541,11,10,1,1,2,Yes,0,Affiliate,North
102463,Sep-2030,999,52.96061952531517,946.0393804746848,999.405904557635,712.9749476852871,8.0,113.06443278939764,273,26.231123727200373,27,10,3,59,1,Yes,0,Paid Search,North
102464,Sep-2030,1299,376.75613106690497,922.243868933095,1286.5005260298856,807.0945211617917,4.0,55.149347771303255,167,40.84714124231522,26,14,3,54,0,Yes,0,Referral,East
102465,Sep-2030,999,100.73255100929529,898.2674489907047,956.801665882365,722.6467042653918,5.0,100.62074472531287,108,8.742072660099907,3,10,5,48,3,No,0,Organic,West
102466,Oct-2030,999,167.42927400881453,831.5707259911854,989.5064876148907,812.1560682383144,,4.414657752870987,110,12.328207188859889,15,13,1,45,0,No,0,Organic,South
102467,Oct-2030,499,306.4004239444068,192.59957605559322,496.19547406958753,190.4759001472338,0.0,2.1236759083594166,90,93.95037494142568,6,11,3,3,2,Yes,0,Affiliate,South
102468,Oct-2030,1299,163.2385635734026,1135.7614364265974,1256.5740536986614,945.626378399825,6.0,100.13505802677241,67,30.337119952855463,19,9,5,26,1,Yes,0,Paid Search,East
102469,Oct-2030,1499,159.10692462249298,1339.893075377507,1556.458549503154,1290.2994171659043,2.0,19.59365821160273,237,44.12391600121085,24,6,2,28,0,No,0,Paid Search,South
102470,Oct-2030,499,224.71958327341758,274.2804167265824,488.6426048565896,185.69109944735385,,13.589317279228553,246,58.33064485944218,18,11,2,27,1,Yes,0,Referral,South
102471,Oct-2030,499,184.67637066119846,314.32362933880154,511.9031618845608,107.14067683055333,9.0,72.1829525082482,283,,25,13,4,14,1,No,0,Referral,South
102472,Oct-2030,1299,138.06394739958182,1160.9360526004182,1243.9574363249853,989.8162169616651,6.0,81.119835638753,128,59.968507597376735,30,8,4,50,4,No,0,Organic,North
102473,Oct-2030,1299,63.42607881630693,1235.573921183693,1237.9585021753487,1173.487987177049,2.0,32.08593400664414,236,91.72498948850782,17,6,4,43,0,No,1,Paid Search,North
102474,Oct-2030,999,159.41866690385476,839.5813330961453,1048.4990163980622,670.8226192642691,0.0,168.75871383187624,219,25.16199111850927,20,9,3,51,2,Yes,0,Paid Search,North
102475,Oct-2030,1299,281.32797564997685,1017.6720243500231,1250.0300742128795,832.6901822913259,5.0,109.98184205869721,257,95.22404336675608,8,16,2,24,1,Yes,0,Organic,East
102476,Oct-2030,999,363.84055043984654,635.1594495601535,1025.5593129286913,523.2344804806323,6.0,21.924969079521077,277,,10,17,2,35,0,No,0,Referral,East
102477,Oct-2030,499,185.07319698826922,313.9268030117308,504.2153873981587,245.66997955458112,1.0,53.25682345714969,213,71.9815564805804,18,14,3,52,1,Yes,1,Organic,North
102478,Oct-2030,699,240.61933621151675,458.3806637884833,695.7114049839889,284.06685480956094,3.0,129.31380897892237,217,90.85642940593708,16,7,2,34,1,No,0,Referral,West
102479,Oct-2030,1499,182.36768485953743,1316.6323151404627,1429.5844110804876,1139.5142415078071,3.0,132.11807363265555,79,52.22016746113917,24,10,2,24,0,Yes,0,Affiliate,North
102480,Oct-2030,499,139.52047627156767,359.47952372843235,490.44857205389917,257.4016255434766,4.0,42.07789818495574,151,,20,8,5,6,1,No,0,Paid Search,West
102481,Oct-2030,1299,211.71084943352213,1087.289150566478,1350.971770842038,985.1385872552445,2.0,72.15056331123344,264,16.914662359464714,17,3,2,57,3,Yes,0,Affiliate,South
102482,Oct-2030,1499,292.71994011749814,1206.280059882502,1559.7323690927565,1040.1805764589012,4.0,106.09948342360086,60,92.40378429890626,5,11,5,31,1,Yes,0,Referral,West
102483,Oct-2030,699,43.63657967770256,655.3634203222974,705.9689307554642,357.1151320670725,8.0,,173,29.26754356802211,2,8,4,56,1,No,1,Affiliate,East
102484,Oct-2030,699,24.16760427754906,674.8323957224509,704.2197744981211,508.8516361575312,3.0,120.98075956491965,202,61.01847107121482,13,15,1,29,1,No,0,Referral,East
102485,Oct-2030,999,86.03901004362407,912.9609899563759,991.5672695962423,782.3595821242624,,85.60140783211352,222,43.316262124842595,8,12,5,36,0,Yes,0,Organic,South
102486,Oct-2030,1499,175.39943319596443,1323.6005668040357,1540.3071890516173,1004.2205902178262,13.0,124.37997658620957,228,41.19264784190186,2,6,2,29,2,Yes,0,Paid Search,East
102487,Oct-2030,999,254.38459411454778,744.6154058854522,1037.256179596902,512.5255099169128,6.0,142.08989596853942,220,38.45326785904602,1,8,4,13,1,Yes,0,Paid Search,West
102488,Oct-2030,499,31.259061017341423,467.7409389826586,510.3526280810594,366.08338398618355,2.0,71.65755499647506,115,71.56155198433389,18,12,1,8,2,No,0,Affiliate,North
102489,Oct-2030,1499,148.62918271497733,1350.3708172850227,1502.7903629708317,1106.9684757897332,8.0,123.40234149528943,148,21.07815064068706,5,5,1,15,2,Yes,0,Organic,North
102490,Oct-2030,499,88.86616119947806,410.13383880052197,505.71622005319324,286.02913044130884,8.0,4.104708359213127,224,27.81686101575009,2,8,4,33,2,No,0,Paid Search,East
102491,Oct-2030,999,126.73029292101167,872.2697070789883,971.0020941422961,604.4484452764525,9.0,132.82126180253582,73,19.31077122290268,24,19,4,59,1,No,0,Organic,East
102492,Oct-2030,1499,10.52718199062744,1488.4728180093725,1572.6351603977066,1470.0330044484142,1.0,3.439813560958413,126,131.94973081221485,24,15,1,25,1,Yes,1,Affiliate,West
102493,Oct-2030,999,59.26908854192257,939.7309114580775,1042.5432424540722,819.0644173681026,6.0,30.666494089974847,298,84.54835925186458,8,11,1,16,0,Yes,0,Organic,North
102494,Oct-2030,1499,254.07400921043973,1244.9259907895603,1567.4496063685185,1070.233405169347,9.0,39.69258562021323,283,,17,6,2,21,0,No,0,Organic,West
102495,Oct-2030,999,159.37440835153188,839.6255916484681,965.7179650450486,632.2849508597571,10.0,57.34064078871103,214,68.37725265113102,30,7,5,52,1,Yes,0,Organic,East
102496,Oct-2030,699,191.47465423311812,507.52534576688186,709.6794379772812,445.2454709285741,4.0,2.2798748383077694,177,19.9278963969769,6,9,5,37,1,Yes,0,Paid Search,East
102497,Nov-2030,999,107.3181322067343,891.6818677932657,1014.618703755527,796.4039624607385,1.0,80.27790533252727,233,49.568687493847904,30,11,1,45,2,Yes,0,Paid Search,South
102498,Nov-2030,699,59.506750685000895,639.493249314999,688.8712331963728,552.2593137168572,1.0,72.23393559814184,143,38.903642835317505,27,7,1,17,1,Yes,0,Organic,East
102499,Nov-2030,999,106.45221246910273,892.5477875308973,1035.4814969572813,611.3831022907898,12.0,101.16468524010753,252,,1,13,3,34,1,No,0,Paid Search,North
102500,Nov-2030,1499,209.86562330156306,1289.1343766984369,1541.3229734834633,1111.7341259288808,5.0,102.40025076955604,136,33.59018582397456,0,19,1,13,1,Yes,0,Affiliate,East
102501,Nov-2030,1499,28.958425360945995,1470.041574639054,1531.9204596427091,1285.104754335852,7.0,79.93682030320201,173,216.3747898842284,4,14,5,34,0,Yes,0,Affiliate,West
102502,Nov-2030,1499,348.02043117984135,1150.9795688201586,1428.3806062413303,1057.8476908774976,5.0,18.13187794266102,95,78.19112561792024,26,10,2,43,0,Yes,1,Paid Search,East
102503,Nov-2030,1299,218.98301948188833,1080.0169805181117,1362.7240956842738,896.1553892744754,4.0,123.86159124363637,205,175.05734180145234,26,13,3,15,2,No,0,Organic,North
102504,Nov-2030,499,85.69438748511419,413.3056125148858,509.8967647942618,357.0750252864043,1.0,41.23058722848148,142,32.27042212748018,23,8,5,41,0,Yes,1,Affiliate,North
102505,Nov-2030,1499,247.60885414638005,1251.39114585362,1569.3695316971546,1182.1694400325362,0.0,,298,20.34685129411705,29,16,2,22,1,Yes,0,Referral,East
102506,Nov-2030,699,296.681888048773,402.318111951227,670.1159092599045,298.98954019701284,3.0,58.32857175421419,229,,2,12,3,51,1,Yes,0,Affiliate,West
102507,Nov-2030,1499,110.3594340477074,1388.6405659522925,1528.1329820559636,1212.6725011100727,0.0,175.9680648422198,64,49.520079532022,6,8,3,4,1,Yes,0,Referral,West
102508,Nov-2030,1299,124.00982522819264,1174.9901747718075,1330.8008581756023,1114.4001719048108,1.0,45.59000286699664,222,78.06432032425185,5,11,3,49,2,Yes,0,Referral,East
102509,Nov-2030,699,329.2169056167606,369.7830943832394,668.570558809684,332.23299141166285,1.0,22.550102971576564,107,94.91452245872307,26,8,3,47,3,No,1,Affiliate,East
102510,Nov-2030,1299,404.2770176301718,894.7229823698282,1242.4260891892295,802.2146189534451,0.0,92.50836341638305,244,7.513909944667874,28,12,3,39,1,No,0,Organic,West
102511,Nov-2030,699,153.5322789081729,545.4677210918271,717.3324003244423,448.7150338180313,3.0,,250,181.82432092798376,29,5,3,23,1,Yes,0,Affiliate,West
102512,Nov-2030,999,11.014278349323092,987.9857216506769,1028.7381891909763,976.7615849617376,0.0,11.22413668893924,121,60.13076079533598,0,8,4,13,2,Yes,0,Paid Search,West
102513,Nov-2030,499,93.527741409053,405.47225859094704,519.4678927317791,302.0293178345063,0.0,103.44294075644075,288,74.48995785178481,27,7,2,8,1,Yes,0,Organic,East
102514,Nov-2030,499,273.9618893363041,225.03811066369587,512.5748248220849,182.9925387475347,1.0,27.04557191616118,296,133.55438467996697,22,8,5,1,1,No,0,Referral,East
102515,Nov-2030,1299,26.374164478344667,1272.6258355216553,1265.2742409835535,1148.6318735525697,,78.99396196908549,274,24.709843877171792,18,11,1,41,1,Yes,0,Paid Search,East
102516,Nov-2030,499,125.00601602891774,373.99398397108223,522.3882346207537,175.5127966672768,7.0,93.4811873038054,147,44.86115796215883,29,13,5,50,2,Yes,0,Referral,South
102517,Nov-2030,1299,185.11018577179556,1113.8898142282044,1268.7642879116952,987.3357512910493,6.0,36.55406293715507,122,18.471238198231173,19,5,4,17,2,No,1,Referral,West
102518,Nov-2030,1299,39.27423763107991,1259.7257623689202,1328.5151971451266,1135.487625420564,4.0,64.23813694835623,294,21.362055638505694,13,9,4,17,0,No,0,Organic,North
102519,Nov-2030,1299,281.57214742512923,1017.4278525748707,1302.8158352489445,870.9491722854098,7.0,41.47868028946101,130,95.2298608162023,9,6,3,8,2,Yes,0,Affiliate,East
102520,Nov-2030,499,233.27610182452497,265.72389817547503,480.1531786039026,94.5716613283609,6.0,81.15223684711411,218,123.86641099125752,1,14,4,3,1,Yes,1,Organic,West
102521,Nov-2030,1299,391.14550914303504,907.854490856965,1354.4840615894138,752.0994274620759,7.0,50.75506339488899,114,11.715637777167899,30,7,5,29,1,No,0,Organic,West
102522,Nov-2030,499,243.77530750293263,255.22469249706737,503.38751922596913,72.00794492596864,8.0,63.21674757109872,217,63.107023281693785,10,7,4,54,1,Yes,0,Paid Search,North
102523,Nov-2030,1299,34.69324373207539,1264.3067562679246,1245.9769082328821,1231.8622845996504,,32.444471668274154,54,106.07184590664787,15,11,5,22,0,Yes,1,Paid Search,South
102524,Nov-2030,1499,213.64428730910296,1285.355712690897,1481.5150468476581,1203.3298731588247,1.0,67.02583953207218,271,91.6654454358366,16,7,3,43,2,No,1,Referral,North
102525,Nov-2030,1299,268.5626008219027,1030.4373991780972,1333.423092442255,764.6684456060057,11.0,100.76895357209148,252,53.84896835186167,4,11,3,2,1,Yes,1,Organic,North
102526,Nov-2030,699,274.7374576950416,424.2625423049584,707.2775677162634,188.82587367790012,11.0,70.43666862705828,77,62.69539439220078,21,11,4,2,3,Yes,1,Paid Search,West
102527,Dec-2030,1299,56.77894225311165,1242.2210577468884,1263.0820373787628,1116.3902904693273,2.0,95.83076727756116,87,63.94985972719887,26,11,1,48,2,No,0,Organic,North
102528,Dec-2030,999,42.43947571734299,956.5605242826571,1005.9351031208624,794.4672884249744,6.0,72.09323585768266,130,60.253918730517825,17,9,3,17,1,Yes,0,Paid Search,South
102529,Dec-2030,1299,13.24354570691861,1285.7564542930813,1274.1712793985346,1176.7858298797223,6.0,18.97062441335912,291,69.94527154096232,15,11,2,9,2,Yes,0,Referral,West
102530,Dec-2030,699,342.567839296664,356.432160703336,700.9061423956701,184.77660671259673,11.0,6.655553990739264,136,41.45554405880903,9,0,2,33,0,No,0,Referral,East
102531,Dec-2030,699,224.7454588610446,474.2545411389554,686.2759631389009,256.3207028131337,4.0,157.93383832582168,195,171.45478793691024,5,4,3,29,1,Yes,0,Affiliate,West
102532,Dec-2030,499,51.45376509495472,447.54623490504525,498.8143320687424,377.94502450499476,3.0,24.60121040005052,86,24.509108337518665,21,7,4,29,0,Yes,1,Referral,South
102533,Dec-2030,1499,165.26267265085446,1333.7373273491455,1550.2903341479528,1318.1629580260305,0.0,15.57436932311505,204,110.6395008088015,23,7,3,54,2,No,0,Referral,South
102534,Dec-2030,1299,135.15752239187714,1163.8424776081229,1261.590985204236,764.5313106278022,18.0,129.31116698032065,74,28.021096388186965,7,8,4,44,1,Yes,0,Affiliate,South
102535,Dec-2030,499,33.29022372411805,465.70977627588195,474.1392696130026,255.468586497841,3.0,165.24118977804093,246,72.60732718559241,5,7,5,57,2,No,0,Referral,North
102536,Dec-2030,1499,154.34207327479237,1344.6579267252077,1447.2840151601679,1178.3662898756572,3.0,121.29163684955043,132,,22,10,1,6,5,Yes,0,Affiliate,South
102537,Dec-2030,1299,172.88343452645267,1126.1165654735473,1343.4071616947322,892.6948588137973,14.0,23.421706659750146,76,69.7047335359342,3,12,1,43,1,Yes,0,Referral,South
102538,Dec-2030,999,381.7503713582279,617.2496286417721,990.5142172421484,518.2256441234541,0.0,99.02398451831803,126,47.36997866258396,4,12,5,6,1,No,0,Organic,West
102539,Dec-2030,1299,71.31749690804723,1227.6825030919529,1330.1447487697426,949.6362473875231,10.0,128.04625570442968,231,80.62431667039002,5,11,5,52,0,No,1,Organic,West
102540,Dec-2030,699,55.12791890344059,643.8720810965594,666.2002309417852,420.84921913157325,9.0,88.02286196498622,184,26.080268987623015,14,12,5,37,2,No,0,Paid Search,West
102541,Dec-2030,699,24.125551757282736,674.8744482427172,674.2797105876213,656.3090138630025,0.0,18.56543437971473,139,25.647423312903175,5,8,1,45,2,Yes,0,Organic,West
102542,Dec-2030,999,42.882309188133334,956.1176908118666,1005.8881026389505,697.2174909717648,5.0,183.90019984010172,255,147.68923447872535,18,11,3,1,0,Yes,0,Referral,North
102543,Dec-2030,499,98.76873887605257,400.23126112394743,509.9931562138338,200.827869224805,8.0,79.40339189914242,76,43.22158799978451,24,10,2,16,2,Yes,1,Referral,North
102544,Dec-2030,1499,24.41955250474291,1474.580447495257,1542.1540827586782,1354.0999057340425,4.0,60.48054176121438,171,,19,8,4,51,2,Yes,0,Affiliate,North
102545,Dec-2030,1299,248.65464069827277,1050.3453593017273,1317.5777170942408,929.688968428648,7.0,15.656390873079303,108,10.761290072310883,7,9,2,11,2,Yes,0,Organic,South
102546,Dec-2030,699,16.07606843886242,682.9239315611376,716.9421391582499,607.7678844239334,4.0,15.156047137204126,121,51.91585503490103,12,11,4,22,2,No,0,Referral,West
102547,Dec-2030,499,152.40215619590762,346.59784380409235,482.32103637647504,114.19356071276405,9.0,97.40428309132828,208,35.28265555129864,3,7,1,34,1,Yes,0,Paid Search,North
102548,Dec-2030,999,390.02306202266095,608.976937977339,1014.8015831490645,547.5715037628498,3.0,16.40543421448926,276,164.8665082983097,30,7,3,1,0,Yes,0,Organic,East
102549,Dec-2030,699,216.42819261163487,482.57180738836513,693.7779410624244,313.02121817317493,10.0,19.55058921519023,140,33.72587637407492,21,15,2,13,0,Yes,1,Organic,East
102550,Dec-2030,999,204.0908414054831,794.9091585945168,1040.4457785003208,512.342371912722,8.0,162.56678668179478,117,166.64204726963303,16,8,5,49,2,Yes,0,Paid Search,North
102551,Dec-2030,1299,372.8779440894192,926.1220559105808,1313.9754821193098,823.1180513934514,2.0,73.0040045171294,155,32.683134123008,13,7,5,46,1,No,0,Organic,South
102552,Dec-2030,1499,299.4779477084368,1199.5220522915633,1505.2461126077205,1056.82694610632,7.0,37.69510618524333,53,75.8375028499515,17,17,5,49,2,No,0,Organic,South
102553,Dec-2030,699,217.81492408231242,481.1850759176876,704.4704699549516,312.04535152814356,5.0,94.13972438954406,195,148.38559491295123,14,10,2,58,2,Yes,0,Organic,East
102554,Dec-2030,699,112.71277800666371,586.2872219933363,722.1591916547495,468.612033690713,6.0,27.675188302623216,112,44.59799081961986,21,6,3,42,1,No,0,Paid Search,West
102555,Dec-2030,1299,147.27733502522477,1151.7226649747752,1235.5144726442115,1015.4568620693838,3.0,91.2658029053915,136,,18,8,3,28,2,No,0,Affiliate,South
102556,Dec-2030,499,141.44353588005524,357.55646411994474,516.9773783378663,122.47714452760334,15.0,10.079319592341406,273,90.98246690054525,10,14,5,49,2,No,0,Organic,East
102557,Dec-2030,1499,101.82893429134698,1397.171065708653,1428.4251366965084,1348.2845607373047,1.0,33.886504971348245,253,51.53834457615964,6,12,2,13,3,No,0,Affiliate,West
102558,Jan-2031,699,175.44438142595092,523.555618574049,704.7780342677794,378.0934134312273,,70.46220514282176,229,68.2821455958101,0,16,5,38,1,Yes,0,Referral,West
102559,Jan-2031,1499,192.08972364571872,1306.9102763542812,1499.3886825505128,1274.4637146613522,2.0,2.4465616929288885,261,123.94806215748565,29,12,4,30,1,Yes,1,Paid Search,North
102560,Jan-2031,699,0.644583941012911,698.3554160589871,689.9376453992553,596.0832360234817,3.0,57.27218003550534,160,65.549014431118,2,11,4,58,0,Yes,0,Paid Search,East
102561,Jan-2031,1499,345.84509999547583,1153.1549000045243,1443.3451096839588,1019.8541252767993,2.0,103.30077472772504,240,15.138855165943074,18,9,2,36,1,Yes,0,Affiliate,South
102562,Jan-2031,999,199.17570156879378,799.8242984312062,961.4447411107088,455.94752379435295,7.0,238.87677463685324,222,91.20324789687925,29,10,4,4,1,Yes,0,Referral,East
102563,Jan-2031,699,118.4660445659259,580.5339554340741,715.9268882208607,267.1418616698064,7.0,208.39209376426766,189,93.67359236437281,27,6,1,14,1,No,0,Affiliate,South
102564,Jan-2031,1499,176.5411174475349,1322.4588825524652,1441.0630545305003,1209.598929047822,3.0,67.85995350464334,185,63.89587607052797,0,12,1,36,0,No,0,Affiliate,East
102565,Jan-2031,499,261.64426693903204,237.35573306096796,508.34397510285896,176.5640648750517,1.0,45.791668185916265,295,33.15610548997097,30,6,1,56,1,No,0,Affiliate,North
102566,Jan-2031,999,26.00236951030709,972.9976304896929,1047.981595196753,970.6049672006753,0.0,2.392663289017598,71,87.45459588851071,3,9,4,23,2,Yes,0,Referral,East
102567,Jan-2031,999,137.3927128223705,861.6072871776295,1017.1705938444546,720.1594498510229,4.0,81.44783732660656,140,18.237117808732297,23,9,3,5,0,No,1,Referral,North
102568,Jan-2031,499,7.697307016520057,491.3026929834799,477.8031032615283,343.3975874959568,1.0,,218,67.54928892190583,10,11,1,46,1,No,0,Referral,North
102569,Jan-2031,1499,468.84045851707447,1030.1595414829255,1505.30465267488,937.7432219900658,5.0,17.416319492859756,165,65.23392588387816,6,9,5,15,1,Yes,1,Organic,North
102570,Jan-2031,1299,166.58232573223378,1132.4176742677662,1342.4435767083946,891.4220889971491,4.0,180.9955852706171,90,53.0602447805071,6,7,3,23,1,Yes,0,Paid Search,South
102571,Jan-2031,499,8.670522288059232,490.32947771194074,521.6850647794982,252.0816725913678,4.0,178.24780512057296,130,108.7479669512015,13,6,2,8,2,Yes,0,Referral,North
102572,Jan-2031,1499,581.9360136836872,917.0639863163128,1533.1256138461272,741.3325231506398,8.0,55.731463165673084,172,37.75532037776672,14,5,4,58,2,Yes,0,Organic,South
102573,Jan-2031,499,85.67777054635332,413.3222294536467,489.5023757524334,281.1049368391587,3.0,87.21729261448797,106,23.49807208114022,4,10,5,56,3,Yes,0,Organic,West
102574,Jan-2031,499,124.91040983085512,374.0895901691449,486.5828130619849,342.46695657413267,2.0,1.6226335950122532,209,26.898558056910428,13,12,2,11,0,Yes,1,Organic,North
102575,Jan-2031,699,133.5842112017565,565.4157887982435,718.8390374517274,367.8278235414166,10.0,47.587965256826934,176,111.20264794338335,12,5,4,7,1,No,0,Paid Search,East
102576,Jan-2031,1499,48.24563321171574,1450.7543667882842,1538.021250349872,1393.660494447788,,12.093872340496084,274,77.40218435431547,19,9,4,23,3,Yes,1,Organic,East
102577,Jan-2031,1299,179.68224209953715,1119.3177579004628,1297.2313078733296,912.0801552532939,13.0,12.237602647168792,144,73.08816389670552,25,17,5,45,1,No,0,Referral,West
102578,Jan-2031,699,115.28881996320308,583.7111800367969,670.1181710817488,469.7081513467533,,99.00302869004364,104,68.23374864567444,21,9,4,46,0,Yes,0,Referral,North
102579,Jan-2031,499,280.30780594527494,218.69219405472506,507.5846694689101,202.11567974677843,1.0,1.5765143079466526,55,44.70397015644317,17,16,4,41,0,No,0,Referral,West
102580,Jan-2031,499,14.663415511533543,484.3365844884664,503.5133263347877,289.96331813772144,7.0,,216,21.71360542078426,0,7,4,27,0,No,0,Affiliate,East
102581,Jan-2031,499,100.16141732276259,398.8385826772374,474.64167503202026,285.6138991076212,5.0,38.2246835696162,58,22.996536273014048,12,15,3,31,1,Yes,0,Referral,East
102582,Jan-2031,1499,240.1823608423395,1258.8176391576606,1520.3493654693407,930.3878615998142,11.0,163.42977755784625,283,69.89286012019137,22,10,1,47,1,Yes,0,Organic,South
102583,Jan-2031,1499,125.46467780326614,1373.535322196734,1443.8934912021298,1189.3480182039068,6.0,94.18730399282717,81,36.822246743223,28,13,5,53,0,Yes,0,Paid Search,South
102584,Jan-2031,699,130.37427034828482,568.6257296517151,721.7755554002737,424.0796255242428,5.0,69.54610412747233,213,28.403239360293504,19,14,3,40,2,No,0,Affiliate,West
102585,Jan-2031,1299,28.550706872427483,1270.4492931275724,1321.5476535984064,1176.0233998691288,2.0,64.42589325844378,177,45.719766074973435,6,9,5,2,2,Yes,0,Referral,East
102586,Jan-2031,699,401.477786096454,297.522213903546,667.6632992802922,256.7629715218717,2.0,10.75924238167429,65,115.87284161506442,5,8,3,44,0,Yes,0,Paid Search,North
102587,Jan-2031,999,213.7778858647908,785.2221141352093,1002.1794040823399,559.244860173784,12.0,45.97725396142533,189,55.98601090394965,26,4,4,48,2,Yes,0,Affiliate,North
102588,Jan-2031,499,20.065806207700007,478.9341937923,514.2389336396863,364.5692984542074,4.0,54.36489533809261,90,161.8307330989194,8,8,4,31,1,Yes,0,Referral,South
102589,Feb-2031,499,171.38189352694215,327.6181064730579,515.4663488873372,194.55980391525785,2.0,103.05830255780003,244,73.51335158341101,27,7,3,8,2,Yes,0,Paid Search,East
102590,Feb-2031,499,11.583840641842812,487.4161593581572,478.31057151564295,345.9345481466094,5.0,66.48161121154777,235,306.5278665675217,9,4,4,1,1,Yes,0,Referral,South
102591,Feb-2031,699,356.68971527873396,342.31028472126604,669.5653301150459,234.65204342559633,5.0,32.65824129566971,268,63.99473929792076,21,9,1,25,2,No,1,Referral,North
102592,Feb-2031,699,173.9565552850255,525.0434447149745,718.2223198981123,382.67430407324525,3.0,97.36914064172922,268,59.68899485879026,2,6,5,17,2,No,0,Affiliate,South
102593,Feb-2031,499,32.934416651152006,466.065583348848,485.6594473197619,437.9669495103437,1.0,,186,56.82109219178526,6,9,4,30,3,Yes,0,Referral,East
102594,Feb-2031,699,233.71088827487,465.28911172513,705.5725506591904,403.4865935937134,4.0,1.8025181314165977,174,35.822359677913354,24,13,2,24,2,No,0,Affiliate,North
102595,Feb-2031,1499,116.63091935420238,1382.3690806457976,1515.3157544814976,1209.1520395132102,9.0,38.217041132587354,66,43.35010541078196,29,13,3,31,1,Yes,0,Organic,East
102596,Feb-2031,1499,4.587438662697707,1494.4125613373023,1518.4587517089287,1457.518830206925,1.0,21.89373113037722,159,182.4574598319277,10,10,3,51,1,Yes,1,Paid Search,North
102597,Feb-2031,699,195.72556006802517,503.2744399319748,687.6674633904939,467.85124301052724,2.0,5.423196921447577,182,36.96806128606197,25,3,4,52,0,Yes,0,Affiliate,East
102598,Feb-2031,499,192.34102009654725,306.65897990345275,476.0410434290181,88.79967302273732,5.0,,75,56.84834113258929,11,8,3,59,0,Yes,0,Affiliate,East
102599,Feb-2031,699,286.52803590808776,412.47196409191224,701.6199785366215,353.8727846332352,2.0,28.59917945867704,262,57.16323620595306,11,9,2,13,0,No,0,Affiliate,South
102600,Feb-2031,699,157.74042683013573,541.2595731698643,700.0491002180969,358.686647950279,6.0,92.57292521958533,178,39.923734229841,12,6,3,58,0,Yes,0,Affiliate,North
102601,Feb-2031,699,162.8472344350261,536.1527655649738,694.3265477276667,426.9336972673163,1.0,94.21906829765754,50,38.94300215689185,21,15,2,55,0,No,0,Affiliate,West
102602,Feb-2031,999,169.21596438542207,829.784035614578,976.9757615230986,690.2294803000382,,109.55455531453984,84,47.68422587531723,22,6,3,15,1,No,0,Referral,East
102603,Feb-2031,1499,341.4339593408435,1157.5660406591564,1550.4222318302507,1026.2553606909346,2.0,101.31067996822178,58,91.06284322176356,7,9,3,26,1,Yes,0,Affiliate,North
102604,Feb-2031,1299,112.7911772071115,1186.2088227928884,1282.1255119630766,1074.750591459122,3.0,66.45823133376653,136,128.4006876519668,3,5,2,32,1,Yes,0,Affiliate,West
102605,Feb-2031,1299,206.33459625668777,1092.6654037433123,1250.5212173505636,1027.9180011482529,3.0,19.74740259505937,87,,20,15,5,45,2,No,0,Referral,South
102606,Feb-2031,999,224.0094542418734,774.9905457581266,1024.7861902198815,741.9510089193393,2.0,3.039536838787299,282,160.76600733618346,19,13,1,35,4,Yes,0,Paid Search,West
102607,Feb-2031,699,191.97318230769116,507.02681769230884,708.5259055557555,368.2424262378228,7.0,33.784391454486006,53,,0,4,2,16,2,Yes,0,Affiliate,West
102608,Feb-2031,999,108.25144727285152,890.7485527271485,979.934409817635,719.3558286357546,11.0,6.392724091393887,101,85.39691323309033,5,10,1,9,2,Yes,0,Affiliate,East
102609,Feb-2031,999,164.47248087690042,834.5275191230996,964.148966743337,789.1244459092451,1.0,30.403073213854565,196,29.984878171885306,22,8,3,19,1,Yes,0,Organic,North
102610,Feb-2031,499,138.7610686280579,360.2389313719421,495.98935094537603,182.95384947524911,5.0,,278,226.41343645572573,1,11,5,40,2,Yes,0,Affiliate,South
102611,Feb-2031,1499,385.10524321341643,1113.8947567865835,1433.9336537305633,1078.5481645802308,2.0,,54,27.14301156905151,21,8,2,40,0,Yes,0,Organic,West
102612,Feb-2031,1299,95.0683457482433,1203.9316542517568,1262.9863774028854,1070.1518933773104,4.0,73.77976087444627,269,60.08728366506012,13,10,5,46,1,No,1,Organic,East
102613,Feb-2031,699,40.490576849732605,658.5094231502674,731.43115440752,549.4663461168327,3.0,64.04307703343466,287,66.2892347762314,26,12,2,51,0,No,0,Paid Search,North
102614,Feb-2031,1299,149.2557970280309,1149.7442029719691,1253.5993237397522,798.1421814437981,11.0,186.60202152817104,155,154.1226504394114,17,10,4,45,1,Yes,1,Organic,South
102615,Feb-2031,1299,140.79621630855928,1158.2037836914408,1269.7699093753843,1128.5776501199553,1.0,14.626133571485468,296,28.871993273541232,9,10,2,3,0,Yes,0,Referral,West
102616,Feb-2031,1499,173.62122242023557,1325.3787775797643,1444.8816474603404,1181.5256672799246,1.0,128.85311029983973,97,62.304117229148865,28,9,1,26,1,Yes,0,Paid Search,West
102617,Mar-2031,1299,95.10640773584021,1203.89359226416,1352.5190273773721,1182.3148645239498,,21.57872774021004,136,12.099109765280357,20,7,4,37,0,Yes,1,Affiliate,West
102618,Mar-2031,1299,163.2448175919452,1135.7551824080547,1354.1862041941229,1040.0886221018739,4.0,35.666560306180784,240,53.88401881842332,0,7,3,8,4,Yes,0,Paid Search,South
102619,Mar-2031,999,165.55284467654536,833.4471553234546,954.9910838978939,670.5756915657831,2.0,132.87146375767142,87,70.47715185082349,2,8,2,6,4,Yes,0,Referral,East
102620,Mar-2031,1499,258.7187627232006,1240.2812372767994,1558.6935029729214,1163.0057132546272,1.0,62.2755240221722,101,34.52770402995074,19,6,1,5,4,No,0,Paid Search,East
102621,Mar-2031,499,161.16076604509823,337.8392339549018,481.1519157157031,171.25841508692287,0.0,166.5808188679789,136,14.735193519245877,3,8,3,21,1,No,1,Paid Search,East
102622,Mar-2031,699,162.29700367579065,536.7029963242094,691.8207178818982,523.8869689257701,0.0,12.816027398439246,95,163.7076478930248,17,8,1,27,1,Yes,0,Paid Search,North
102623,Mar-2031,1299,211.96156556502206,1087.038434434978,1310.2096664128874,880.8676994683823,4.0,146.1707349665957,259,21.27697648100311,7,8,3,44,1,Yes,0,Paid Search,South
102624,Mar-2031,699,254.11860758178207,444.88139241821796,696.3726040663524,348.7739213256488,5.0,21.107471092569142,142,23.63226144859171,21,11,2,38,1,Yes,1,Referral,South
102625,Mar-2031,499,31.95890548481053,467.04109451518946,480.8324101778656,251.56481503557762,,155.47627947961183,269,29.919711642622858,8,9,5,8,3,No,0,Referral,West
102626,Mar-2031,699,0.27846718401858084,698.7215328159814,719.3814427017988,534.8596942433837,4.0,103.86183857259768,186,120.26632104397774,21,17,3,22,1,Yes,1,Affiliate,East
102627,Mar-2031,499,353.4575555260574,145.54244447394262,508.3520569796783,-220.31614537623418,18.0,95.8585898501768,280,48.84923827565943,18,14,5,23,0,Yes,0,Referral,West
102628,Mar-2031,999,234.48905255137896,764.510947448621,1043.0761026362982,510.6804177442144,10.0,103.8305297044066,99,12.28134824345216,27,7,3,25,1,Yes,0,Paid Search,West
102629,Mar-2031,1299,123.67360364047167,1175.3263963595284,1279.897874140312,1141.8494303003556,0.0,33.47696605917291,251,30.430396546495274,1,7,5,7,1,Yes,0,Affiliate,South
102630,Mar-2031,499,152.36423239597573,346.6357676040243,495.5266633421283,134.27969772227573,3.0,,115,119.84194562138914,8,9,2,14,1,Yes,0,Referral,East
102631,Mar-2031,699,102.89259680042079,596.1074031995793,688.4976289399316,446.866713024732,2.0,119.24069017484723,254,15.865084229905888,2,13,1,41,1,No,0,Organic,East
102632,Mar-2031,1299,175.35368693298625,1123.6463130670138,1242.2322493960444,932.6527945601345,5.0,115.99351850687941,87,21.127660508347432,21,9,2,58,2,Yes,0,Referral,South
102633,Mar-2031,999,33.37953727143744,965.6204627285625,954.5414675607965,905.8881364661453,0.0,59.73232626241722,204,22.467800757274855,25,12,3,29,0,Yes,1,Organic,South
102634,Mar-2031,1299,250.82003821079113,1048.1799617892088,1332.9463647307596,975.4200797967442,1.0,57.7598819924647,296,50.27283512071066,1,17,4,17,1,Yes,0,Affiliate,North
102635,Mar-2031,499,171.0544078354202,327.9455921645798,488.26444302342946,272.5338162936324,0.0,55.41177587094738,154,57.77084135768795,6,6,1,51,1,No,0,Affiliate,West
102636,Mar-2031,999,175.39525152400216,823.6047484759979,997.7142895629052,624.8482318374035,8.0,78.7565166385943,197,44.460785698457286,29,11,5,6,3,No,0,Referral,West
102637,Mar-2031,699,42.726914078577366,656.2730859214226,732.4800151720589,383.64877080385827,4.0,,281,48.496580851353336,16,9,1,32,1,Yes,0,Paid Search,East
102638,Mar-2031,999,212.91205161271625,786.0879483872837,950.8139904490054,654.8044264223823,4.0,71.28352196490141,239,19.34747290214834,24,7,1,19,1,Yes,0,Paid Search,South
102639,Mar-2031,999,45.48340282247507,953.5165971775249,1000.7636925868056,784.8298595621993,9.0,33.686737615325555,251,43.95640355229502,16,12,2,27,0,Yes,0,Affiliate,East
102640,Mar-2031,1499,66.94189681094569,1432.0581031890542,1501.7316188946002,1209.6750169353202,9.0,87.38308625373406,65,43.26713752638603,8,14,3,30,1,No,0,Referral,South
102641,Mar-2031,999,160.51463081301014,838.4853691869898,1048.8050963363653,567.883602515934,8.0,150.60176667105588,128,22.73636818577855,26,15,2,50,1,Yes,1,Referral,East
102642,Mar-2031,999,450.87982795387825,548.1201720461218,1032.3996317576566,226.43499596404456,9.0,186.68517608207722,62,129.8690968041236,0,8,3,53,2,Yes,0,Paid Search,East
102643,Mar-2031,1299,170.57593600257712,1128.4240639974228,1242.7275507507977,936.9761285624297,10.0,,163,113.24501633007354,0,10,4,33,0,Yes,0,Organic,East
102644,Mar-2031,699,158.25610556010827,540.7438944398917,675.0318646024407,491.7109449244357,1.0,34.03294951545605,151,16.770116956788534,7,12,2,37,0,No,0,Affiliate,East
102645,Mar-2031,1299,72.89983399670994,1226.10016600329,1238.4547874950981,1148.1918229372272,1.0,62.90834306606273,197,73.06650195267349,16,11,4,45,2,No,0,Referral,East
102646,Mar-2031,1299,232.04749346646884,1066.952506533531,1259.6187992957748,975.2200369264224,6.0,1.7324696071086123,201,68.58605760949578,30,14,3,11,1,Yes,0,Affiliate,North
102647,Mar-2031,499,14.584686601905133,484.4153133980949,484.6453554712547,384.7901432641478,1.0,84.6251701339471,282,61.794550925840895,7,7,1,56,3,Yes,0,Affiliate,West
102648,Apr-2031,1299,249.7322929374792,1049.267707062521,1245.7263453033727,962.3587786607275,1.0,71.90892840179347,227,43.39206098506134,18,7,4,41,0,Yes,0,Referral,West
102649,Apr-2031,1499,169.05846897180356,1329.9415310281966,1503.0807251001195,1071.137357723508,3.0,213.80417330468833,184,61.21723356058416,3,8,4,10,1,Yes,0,Affiliate,West
102650,Apr-2031,1499,268.9592631108931,1230.040736889107,1570.2042263000478,1193.5741361812609,1.0,21.466600707846126,136,45.07171132658744,17,11,3,29,3,Yes,0,Referral,South
102651,Apr-2031,499,82.93750688988032,416.0624931101197,514.1608340335755,311.4337295810433,3.0,59.6287635290764,137,29.771514771958536,12,10,3,22,1,Yes,0,Organic,South
102652,Apr-2031,699,73.58593020807409,625.414069791926,678.265798604498,518.0427184006325,2.0,77.37135139129352,78,72.11502586106474,21,10,2,20,1,Yes,0,Paid Search,North
102653,Apr-2031,699,217.79821899414137,481.2017810058586,718.7815364844712,310.8701869038757,2.0,140.33159410198286,182,7.655090493088154,6,11,2,19,2,No,1,Referral,North
102654,Apr-2031,1299,149.09659500334087,1149.9034049966592,1361.6435669361883,1033.5664638104645,3.0,71.33694118619465,156,87.20900461550328,25,9,3,24,1,No,0,Organic,North
102655,Apr-2031,1299,141.8372625856471,1157.162737414353,1342.5465200949423,956.7143897677179,11.0,35.44834764663494,286,,2,9,4,28,0,Yes,0,Paid Search,North
102656,Apr-2031,1299,338.2763842738876,960.7236157261125,1294.9311112859962,861.9792312855759,1.0,83.7443844405366,212,37.04190412000502,13,11,5,2,3,No,0,Organic,East
102657,Apr-2031,699,222.4969112474142,476.50308875258577,682.8765663049853,336.33952100887876,0.0,140.163567743707,114,85.34671423770051,8,9,2,40,3,No,0,Affiliate,North
102658,Apr-2031,999,88.79075600348733,910.2092439965127,1023.7643088983655,798.6335757043394,6.0,,149,61.86197242834722,2,7,3,55,1,Yes,0,Organic,North
102659,Apr-2031,1499,245.8881747019665,1253.1118252980334,1541.9389461732792,959.1092261119031,12.0,114.00259918613025,164,130.43307632713214,6,8,5,18,4,No,1,Affiliate,North
102660,Apr-2031,999,233.87625604981463,765.1237439501854,978.704145136221,679.7838112181132,1.0,70.33993273207221,259,105.09064932691206,14,8,5,18,0,Yes,0,Referral,North
102661,Apr-2031,999,292.1893544668119,706.8106455331881,971.4458519320197,649.1986771338169,0.0,57.611968399371236,247,23.146144969692436,3,10,5,2,0,Yes,0,Paid Search,West
102662,Apr-2031,699,37.23618965117892,661.763810348821,711.030227022226,600.5647685458633,4.0,1.1990418029576873,136,34.80583046605498,4,17,5,47,1,Yes,0,Paid Search,East
102663,Apr-2031,999,188.97669902521474,810.0233009747852,1037.8041515165596,642.8028742763181,9.0,,123,30.567420880569493,27,6,1,49,0,No,0,Affiliate,North
102664,Apr-2031,499,163.39560254918177,335.6043974508182,475.0835501057293,100.51853861663523,10.0,85.08585883418301,184,30.828318448549467,8,8,2,55,1,Yes,1,Organic,South
102665,Apr-2031,1299,35.084178302429606,1263.9158216975704,1362.2730987281222,1187.8499299171706,4.0,16.065891780399866,221,146.70422175514324,2,13,5,56,2,Yes,0,Referral,West
102666,Apr-2031,499,263.6119881487897,235.3880118512103,483.6233667565936,147.04519816204112,4.0,28.342813689169176,249,16.28522174499199,15,10,5,23,4,No,0,Organic,West
102667,Apr-2031,1499,121.0144800828741,1377.9855199171259,1476.4278426692038,1346.3751287761925,0.0,31.6103911409335,62,,15,14,3,47,3,No,0,Referral,South
102668,Apr-2031,1299,288.3278869502801,1010.6721130497199,1240.9255093105464,938.1984921555932,0.0,72.47362089412675,143,149.4281420969863,18,8,3,52,3,Yes,0,Referral,East
102669,Apr-2031,999,60.856945791902874,938.1430542080972,954.5984153583344,789.0013804087305,4.0,,259,94.94944955175114,24,7,1,59,0,Yes,0,Referral,East
102670,Apr-2031,1499,25.27025649592744,1473.7297435040725,1464.9355448747817,1384.1449638587183,3.0,44.58477964535431,127,76.97740354737846,8,11,5,15,1,Yes,0,Organic,West
102671,Apr-2031,1299,120.89205815626265,1178.1079418437373,1307.4459458357355,982.8981320397803,0.0,195.20980980395703,252,15.850834899387712,28,10,1,25,0,Yes,0,Organic,South
102672,Apr-2031,999,177.82958190749366,821.1704180925063,1039.068170728857,690.116497713949,,86.05392037855736,173,13.191991212675184,19,10,3,45,2,Yes,0,Referral,East
102673,Apr-2031,499,85.89648873373058,413.10351126626944,477.5353244251459,317.72699827667344,1.0,80.376512989596,283,67.66471295068366,0,8,2,18,2,Yes,0,Paid Search,West
102674,Apr-2031,1299,217.7348242509873,1081.2651757490128,1304.9623889319487,969.0063973843781,1.0,97.25877836463462,174,42.23006865014712,16,12,4,21,0,Yes,0,Referral,South
102675,Apr-2031,999,196.0378973902524,802.9621026097476,990.6217914495166,596.2665850686742,11.0,41.69551754107345,87,17.604569463639855,11,8,4,47,2,No,0,Affiliate,East
102676,Apr-2031,499,195.4776828626431,303.52231713735694,523.4143115912116,233.51868190026593,0.0,70.003635237091,62,87.347706000437,8,9,1,32,1,Yes,1,Affiliate,East
102677,Apr-2031,1499,232.46007342491595,1266.539926575084,1452.0972584700512,1185.6613255126626,3.0,35.87860106242151,103,74.2262112073873,21,9,3,50,1,No,0,Affiliate,West
102678,May-2031,1499,104.34090773390672,1394.6590922660932,1479.4403230827638,1183.487958845341,7.0,106.17113342075228,155,87.56567453863721,4,8,4,19,2,Yes,0,Organic,North
102679,May-2031,1499,97.79379211417114,1401.206207885829,1429.065424425573,1313.8157581621576,,42.3904497236713,93,88.50279230311617,28,10,5,18,0,No,0,Organic,West
102680,May-2031,1499,322.83861273617896,1176.161387263821,1561.0944931684717,1095.9276478664103,2.0,50.2337393974107,274,110.20068507479506,30,6,2,24,1,Yes,0,Paid Search,West
102681,May-2031,699,39.04856229860593,659.9514377013941,707.557204720669,433.1528376493243,7.0,121.79860005206974,291,37.31474065418841,27,2,3,47,1,Yes,0,Paid Search,West
102682,May-2031,1299,120.34586475988318,1178.6541352401168,1310.4099757997149,1054.492178293071,4.0,64.16195694704577,190,19.413160953101606,14,10,1,42,0,Yes,1,Organic,South
102683,May-2031,1299,167.07622153581667,1131.9237784641832,1240.3800940222293,861.646732758328,7.0,165.2770457058553,202,142.04737030658586,25,9,3,30,0,No,0,Organic,East
102684,May-2031,699,222.7226196017089,476.2773803982911,670.970073026536,189.85203455262854,,151.42534584566252,73,13.162297817245118,12,7,2,29,2,Yes,0,Paid Search,South
102685,May-2031,999,170.37206188851826,828.6279381114817,1027.9984114034617,669.9480978460244,7.0,53.67984026545736,173,14.831925361643366,18,11,3,54,1,Yes,0,Affiliate,East
102686,May-2031,999,39.360883384612904,959.6391166153871,1003.9422645378305,835.548103283351,4.0,64.09101333203611,78,30.602430405239684,2,7,1,21,1,Yes,0,Organic,South
102687,May-2031,1499,290.1136737625025,1208.8863262374975,1453.8815240783024,969.0337362395135,,74.85258999798408,277,,1,12,5,21,5,Yes,0,Referral,North
102688,May-2031,499,150.22888947322892,348.77111052677105,501.4858144373139,72.8146856696186,7.0,170.95642485715246,247,33.8206970766565,12,6,3,48,1,Yes,0,Paid Search,North
102689,May-2031,999,50.16032477896371,948.8396752210363,1045.7647543412706,763.3792529506738,8.0,65.46042227036247,195,14.987728123767544,6,16,1,41,2,No,1,Organic,North
102690,May-2031,499,175.1011980928073,323.8988019071927,479.2246109173665,162.0218942601844,8.0,41.87690764700828,141,23.635537237745353,8,8,5,2,1,Yes,0,Affiliate,West
102691,May-2031,1299,207.03322454657567,1091.9667754534244,1360.079798559155,916.4118353244173,6.0,85.55494012900704,54,22.942535212028044,21,10,4,45,2,Yes,0,Affiliate,South
102692,May-2031,499,385.28927440777375,113.71072559222625,512.7269046372398,-98.59055890558727,5.0,137.30128449781353,195,58.62602327495247,9,9,3,1,2,No,0,Paid Search,South
102693,May-2031,1299,199.05016186443504,1099.949838135565,1252.7856148571668,994.3365322007189,5.0,30.613305934845968,240,27.85214688067493,0,10,5,22,1,Yes,0,Organic,East
102694,May-2031,699,27.843068641814654,671.1569313581854,720.9961160627574,522.1301174869391,7.0,44.02681387124625,174,1.4943808663225133,21,8,4,56,1,Yes,0,Organic,North
102695,May-2031,699,23.628154897002787,675.3718451029972,716.057071399954,414.2168914510419,9.0,126.15495365195531,214,274.1783918081312,15,6,3,40,1,Yes,0,Paid Search,South
102696,May-2031,1499,301.0451349837921,1197.9548650162078,1510.080974485987,1043.954279611071,0.0,154.00058540513697,120,6.274983569274405,10,7,3,38,2,Yes,0,Organic,South
102697,May-2031,999,53.66363839810329,945.3363616018967,1026.4085741452589,716.1391101166649,2.0,199.19725148523173,232,11.585780099172158,23,9,2,19,2,Yes,0,Referral,North
102698,May-2031,1499,35.94972769741918,1463.0502723025809,1445.2229654280147,1307.486057353396,4.0,95.5642149491847,250,85.21300346151936,7,12,3,19,1,Yes,0,Affiliate,West
102699,May-2031,1299,270.06130413101187,1028.9386958689881,1327.7887968691157,847.5778393168321,4.0,121.36085655215611,148,18.053925258048647,29,8,3,2,0,No,1,Affiliate,South
102700,May-2031,1499,92.91170253423952,1406.0882974657604,1520.1253189047338,1318.573229750262,2.0,57.515067715498496,61,79.89614754705634,25,8,5,29,4,Yes,0,Affiliate,East
102701,May-2031,499,263.6416756991529,235.35832430084707,488.2556825876769,210.30302407044525,1.0,10.055300230401826,101,69.34725435808245,12,12,1,50,2,Yes,0,Referral,North
102702,May-2031,1299,40.233659360470625,1258.7663406395293,1323.7293365837395,1207.39767703114,1.0,36.3686636083894,234,32.7282467780723,15,9,2,50,1,No,0,Affiliate,West
102703,May-2031,699,326.8574800399056,372.1425199600944,711.5016800312378,148.60561333627913,12.0,43.53690662381523,95,79.30026827011363,2,7,3,23,1,No,0,Referral,North
102704,May-2031,999,254.6476448319931,744.3523551680069,972.9299140134635,684.6566141839502,0.0,59.69574098405664,153,43.467111215216136,12,8,5,47,1,Yes,0,Organic,North
102705,May-2031,1299,63.27775600783836,1235.7222439921616,1253.2344459480282,1082.2335124544888,3.0,108.48873153767265,93,87.41580882098349,16,10,5,58,1,Yes,0,Referral,North
102706,May-2031,1299,49.24685602735693,1249.753143972643,1281.1087722377854,1187.547652606624,3.0,17.205491366019068,280,129.56481329698403,20,8,1,57,0,No,0,Affiliate,South
102707,May-2031,499,426.61966305049697,72.38033694950303,493.96816536599067,-40.50301214980141,7.0,,201,17.124491084248863,5,11,4,58,0,Yes,0,Affiliate,North
102708,May-2031,999,124.77507576082245,874.2249242391775,1031.3829840951128,732.0519025627669,2.0,112.1730216764106,58,56.62133325496646,9,13,3,48,1,Yes,0,Affiliate,East
102709,Jun-2031,699,58.472202350913946,640.5277976490861,694.531937019334,497.4739794599733,,,189,59.27309314605162,8,12,4,27,0,Yes,1,Affiliate,West
102710,Jun-2031,1299,316.3569922595399,982.6430077404601,1329.733745975669,820.611450316462,9.0,27.031557423998144,149,58.05470980692946,17,9,1,45,2,Yes,1,Referral,West
102711,Jun-2031,1299,263.49118240949286,1035.508817590507,1294.1546127336994,932.5960566912895,,72.91276089921757,278,80.93683880280793,29,9,5,23,2,Yes,0,Referral,North
102712,Jun-2031,499,291.93558519750957,207.06441480249043,477.39970192471907,-100.73526024541655,3.0,262.799675047907,186,70.2396937987954,16,8,4,28,2,No,0,Paid Search,South
102713,Jun-2031,1499,138.17900669787227,1360.8209933021278,1521.8962607857923,1198.593168668456,7.0,57.22782463367187,152,15.276352382813918,30,14,1,56,0,Yes,0,Paid Search,East
102714,Jun-2031,699,375.7265628388349,323.2734371611651,726.6374929057855,181.06645767419704,0.0,142.20697948696804,159,18.168356758469763,6,14,4,28,1,Yes,0,Referral,East
102715,Jun-2031,999,7.2741816661634005,991.7258183338366,1000.8300662087961,861.3676735823843,6.0,40.35814475145228,165,39.59366489809747,1,16,5,5,0,Yes,0,Organic,East
102716,Jun-2031,1299,83.75405741309744,1215.2459425869026,1325.2471956785428,1210.5632823478627,0.0,4.682660239039961,71,57.437732042356515,10,13,3,18,0,Yes,0,Affiliate,West
102717,Jun-2031,1299,196.78545068578603,1102.2145493142139,1335.2212342151001,1027.169008387725,3.0,30.04554092648895,194,60.30664393446,30,9,2,30,2,Yes,0,Referral,East
102718,Jun-2031,699,290.1733613084536,408.8266386915464,696.7201486465756,252.70177971650975,7.0,51.12485897503665,210,64.18767804909153,17,8,5,24,2,Yes,0,Paid Search,North
102719,Jun-2031,1499,229.33908246297955,1269.6609175370204,1461.4949037786844,1186.5396154064842,1.0,68.1213021305362,298,,2,6,4,37,1,Yes,0,Organic,West
102720,Jun-2031,1299,140.05611169838508,1158.9438883016148,1345.7733271904642,1040.3896099405347,6.0,28.554278361080264,224,71.33194441962486,13,11,3,16,0,Yes,0,Referral,North
102721,Jun-2031,699,92.98225593126247,606.0177440687376,721.9753558084464,451.27207763140717,4.0,94.74566643733039,137,47.91923549129653,19,12,2,29,0,Yes,0,Affiliate,East
102722,Jun-2031,499,290.8213030031226,208.17869699687742,516.9385389999067,165.52327520389184,1.0,27.655421792985578,192,130.1334343571496,12,17,1,30,0,No,0,Affiliate,South
102723,Jun-2031,1499,241.72752159324364,1257.2724784067564,1547.8348112604297,1200.7714674098036,0.0,56.50101099695276,270,13.751734741322966,22,9,3,25,2,Yes,0,Affiliate,South
102724,Jun-2031,999,45.05714487707229,953.9428551229278,962.3478949689575,833.1694465712619,7.0,15.77340855166588,273,6.5377367654435155,16,8,5,38,2,Yes,1,Affiliate,East
102725,Jun-2031,1299,41.48767223243675,1257.5123277675632,1287.92116458506,1063.9370748678607,2.0,163.5752528997025,82,55.57691411935467,28,9,4,39,2,Yes,0,Referral,West
102726,Jun-2031,699,84.54142146725817,614.4585785327419,677.4384339855283,531.9041393925585,1.0,67.55443914018338,270,66.12247761496909,21,8,2,1,2,Yes,0,Organic,West
102727,Jun-2031,499,69.14857612567502,429.85142387432495,481.7940516948156,289.4859680285427,6.0,50.36545584578224,64,55.46364352696958,10,6,3,40,3,No,0,Paid Search,South
102728,Jun-2031,999,273.58090950557613,725.4190904944239,1027.1217493484269,632.2355953855794,5.0,18.183495108844582,76,32.923683461364675,6,8,2,39,1,Yes,1,Paid Search,East
102729,Jun-2031,699,202.2878786661621,496.7121213338379,697.6957278144689,352.2405805165479,8.0,24.47154081729002,275,68.7703869196453,2,8,2,55,3,Yes,0,Referral,East
102730,Jun-2031,699,216.93446884837175,482.06553115162825,670.3899990860059,294.4571584992297,8.0,67.60837265239853,238,22.060912109182663,2,4,3,39,3,Yes,0,Affiliate,North
102731,Jun-2031,999,173.0003564156131,825.9996435843868,989.6181479647173,527.2381407788835,18.0,28.761502805503344,245,,1,8,4,31,1,Yes,1,Paid Search,North
102732,Jun-2031,499,178.65248584048254,320.34751415951746,523.6156638263711,159.01856426515502,5.0,86.32894989436242,290,105.31082503130513,20,10,1,39,2,Yes,0,Referral,East
102733,Jun-2031,499,39.81808984083736,459.1819101591626,484.6482279065118,368.32127557990293,1.0,,161,29.986630208954622,15,7,3,31,1,No,0,Referral,West
102734,Jun-2031,1499,245.30203892217224,1253.6979610778278,1483.584800506416,1103.2602003110778,7.0,45.43776076675,131,53.731117554686065,22,16,1,59,1,Yes,0,Referral,North
102735,Jun-2031,1299,82.38222232902687,1216.617777670973,1311.276913236346,959.3879486135361,11.0,92.22982905743709,262,27.06828531352489,10,7,2,33,1,Yes,0,Referral,West
102736,Jun-2031,999,146.02136003400085,852.9786399659992,968.9888855260782,751.6110102834592,,26.367629682539913,97,30.962204543796787,27,10,2,12,0,Yes,0,Affiliate,West
102737,Jun-2031,999,93.21924934375991,905.7807506562401,1045.7292177219588,771.1227693370638,7.0,29.657981319176358,57,90.68733644422505,13,9,4,25,2,Yes,0,Organic,South
102738,Jun-2031,999,167.5045878182011,831.4954121817989,1012.4767712012728,708.5168458917716,5.0,47.97856629002732,183,50.30816608425454,2,11,3,55,1,Yes,0,Referral,North
102739,Jul-2031,499,218.77127126927948,280.2287287307205,485.4975025826086,209.57204531257122,0.0,70.65668341814927,240,50.83720129676286,6,7,3,23,0,Yes,0,Organic,West
102740,Jul-2031,1299,28.93739609720052,1270.0626039027995,1292.0637644297217,1125.8685393238452,3.0,99.19406457895437,167,12.052374093639216,7,12,5,43,1,Yes,0,Affiliate,West
102741,Jul-2031,1499,180.32990690928028,1318.6700930907198,1478.1487329548008,1151.1633268942896,3.0,122.50676619643002,133,47.29706913531464,12,14,4,48,1,Yes,0,Referral,East
102742,Jul-2031,699,96.11969054953721,602.8803094504628,672.59952195577,429.74051056449736,4.0,,51,26.166875852147886,18,13,3,28,1,No,1,Affiliate,East
102743,Jul-2031,699,308.57505310512045,390.42494689487955,683.943798129075,187.41198375707955,8.0,83.01296313779999,292,200.30407161335899,10,12,2,33,2,Yes,0,Organic,East
102744,Jul-2031,999,16.244951642444647,982.7550483575553,1004.3664256985711,884.6669068325604,6.0,8.088141524994931,286,23.889569021185654,0,9,4,38,4,No,0,Organic,West
102745,Jul-2031,1299,29.698047652313534,1269.3019523476864,1245.4953903185044,1208.2080232384747,2.0,31.093929109211807,199,127.69697880121369,18,5,5,26,1,Yes,1,Referral,West
102746,Jul-2031,499,106.85157383558278,392.14842616441723,476.46018822547614,326.30048949577406,0.0,65.8479366686432,167,56.03394080846069,12,12,5,24,0,No,0,Affiliate,West
102747,Jul-2031,1299,38.92275419833936,1260.0772458016606,1304.3691517431462,1000.8948402601111,2.0,229.18240554154954,70,17.098522236286094,21,5,2,5,0,Yes,0,Organic,South
102748,Jul-2031,1299,123.07427844157053,1175.9257215584294,1290.4355227482263,1095.8437389910957,2.0,,183,90.37136282675934,16,8,3,44,2,Yes,0,Organic,North
102749,Jul-2031,499,86.65373926611443,412.3462607338856,483.44394070834124,239.4442411776257,2.0,142.90201955625986,172,122.77174035301874,8,9,2,17,1,No,0,Affiliate,North
102750,Jul-2031,999,160.6094853242175,838.3905146757825,1020.2536778450974,671.5809276100482,11.0,1.8095870657342843,145,161.125067284269,18,14,5,45,1,No,0,Paid Search,North
102751,Jul-2031,1299,270.9686433388985,1028.0313566611014,1245.4651834715937,939.9050788089264,3.0,43.12627785217504,247,61.11302071133169,18,12,4,37,2,Yes,1,Affiliate,East
102752,Jul-2031,699,158.55355268211292,540.4464473178871,682.9508278742353,454.77831307557074,3.0,40.66813424231635,62,26.391509543098795,27,12,3,15,2,Yes,0,Referral,South
102753,Jul-2031,499,169.48254729797728,329.51745270202275,479.1045639395581,117.34523097899938,7.0,107.17222172302336,50,25.82405349752745,22,6,2,2,0,Yes,0,Paid Search,East
102754,Jul-2031,1499,23.121287662548013,1475.878712337452,1533.1183483470666,1398.41005784658,4.0,17.468654490872034,199,,22,6,3,34,0,No,0,Referral,West
102755,Jul-2031,999,133.91285354218445,865.0871464578156,1012.2588097248558,735.8599250930799,7.0,,166,11.647455147154163,28,12,4,20,0,Yes,0,Organic,North
102756,Jul-2031,499,99.38946340687232,399.6105365931277,483.45387470465863,259.36435341490755,5.0,65.24618317822012,201,17.978475729719808,5,11,5,30,2,Yes,0,Referral,South
102757,Jul-2031,1499,231.79691563685822,1267.203084363142,1507.599496031728,1029.4710292765217,8.0,117.73205508662028,113,50.642800375601006,6,7,2,16,2,No,0,Affiliate,North
102758,Jul-2031,1499,58.25196201567631,1440.7480379843237,1528.451198344106,1057.701181028465,16.0,143.0468569558587,218,88.25717323104163,4,12,5,44,1,No,0,Organic,East
102759,Jul-2031,1299,46.72132889865199,1252.278671101348,1238.4886073206246,1152.7964699256045,5.0,24.48220117574355,271,38.952575736033296,7,6,2,59,4,Yes,0,Referral,West
102760,Jul-2031,1299,188.09150365768184,1110.9084963423181,1320.2024599005647,1055.1800752276101,3.0,10.728421114708063,199,158.97438767347805,25,16,3,4,2,Yes,1,Affiliate,East
102761,Jul-2031,1299,387.6123665247527,911.3876334752473,1274.5168068664073,753.0883549239032,8.0,38.29927855134408,110,68.68812182067242,13,5,1,31,0,Yes,0,Affiliate,South
102762,Jul-2031,499,128.88616512304043,370.1138348769596,480.79875279172353,213.31037775715762,0.0,156.80345711980195,157,36.51883893111757,17,7,2,26,0,Yes,0,Affiliate,South
102763,Jul-2031,499,170.18500874765985,328.8149912523402,515.0255997438645,186.55166123166208,2.0,112.26333002067811,61,26.65422756072921,20,10,2,55,0,No,0,Paid Search,South
102764,Jul-2031,999,263.76262180257424,735.2373781974258,1009.6024817082005,648.6184034618001,5.0,11.618974735625713,139,19.04634816478481,26,10,5,41,2,Yes,0,Paid Search,West
102765,Jul-2031,1299,211.18846783383268,1087.8115321661674,1305.0446303687002,963.6878421617182,3.0,79.12369000444914,181,80.37185273300878,24,9,1,59,2,Yes,0,Referral,North
102766,Jul-2031,1499,211.97753764586366,1287.0224623541362,1549.4357874596647,1103.4649529401431,3.0,138.55750941399322,132,24.297362326563466,19,6,1,12,0,Yes,0,Affiliate,North
102767,Jul-2031,699,138.57690576983939,560.4230942301606,682.5813195653171,307.883083368146,7.0,147.5400108620146,257,,23,6,1,2,1,Yes,1,Referral,South
102768,Jul-2031,999,140.91177806660872,858.0882219333913,950.4612906559595,744.2148627096522,5.0,38.87335922373916,299,14.691982479557963,2,12,1,8,0,No,0,Organic,East
102769,Jul-2031,499,59.38217547281654,439.6178245271835,521.3914883537752,230.23401257016582,13.0,14.383811957017649,177,17.948436839969307,21,12,4,14,0,Yes,0,Paid Search,East
102770,Aug-2031,999,208.36479051616593,790.635209483834,975.3004348204447,595.5134650629433,5.0,120.12174442089079,189,47.23505111784519,7,5,3,24,0,Yes,0,Paid Search,South
102771,Aug-2031,999,205.6265315998371,793.3734684001629,1012.3214832679462,712.5095149779554,0.0,80.86395342220749,82,18.15129376350897,13,12,2,43,1,No,0,Affiliate,East
102772,Aug-2031,999,236.05974332325633,762.9402566767437,1046.6555218370904,488.39522173767625,11.0,109.54503493906748,296,107.99207468012833,24,15,3,40,1,No,0,Affiliate,East
102773,Aug-2031,999,91.42746353359854,907.5725364664015,972.3888547776456,822.3297026817085,3.0,40.24283378469305,198,9.003260295714227,13,13,3,41,1,Yes,0,Affiliate,West
102774,Aug-2031,699,249.6161279254327,449.3838720745673,733.4413409640234,307.8541110281747,3.0,96.52976104639261,177,15.28024031498638,28,11,3,25,2,Yes,0,Organic,East
102775,Aug-2031,1299,286.00017457775243,1012.9998254222476,1304.0214712047043,928.0631701117768,1.0,69.93665531047071,149,,6,16,3,58,1,No,0,Affiliate,South
102776,Aug-2031,1499,4.325025806848743,1494.6749741931512,1567.799408930309,1241.3941346807558,10.0,103.28083951239543,250,101.75945842561048,5,10,4,7,2,Yes,1,Paid Search,North
102777,Aug-2031,999,114.37529047711126,884.6247095228887,957.6453452439547,742.1793270572382,2.0,112.44538246565043,280,114.70853942335964,26,11,5,32,1,No,0,Organic,West
102778,Aug-2031,999,291.0028298353006,707.9971701646994,1002.0992705226366,638.6605507568044,,69.33661940789504,155,20.134238159990176,5,5,4,53,1,Yes,0,Paid Search,North
102779,Aug-2031,999,72.05331601765374,926.9466839823463,1043.3921225165498,738.3164096554235,7.0,83.63027432692277,286,46.11568766548943,11,9,2,23,3,Yes,1,Organic,West
102780,Aug-2031,1299,213.4515032620008,1085.5484967379991,1254.2532022725316,961.1154654413986,8.0,4.433031296600674,121,56.07305067900764,30,13,1,46,2,No,0,Paid Search,West
102781,Aug-2031,499,151.02912024029175,347.9708797597083,487.78282535056985,123.83128657266622,11.0,59.139593187042045,261,38.87327766130058,21,6,5,39,2,No,0,Referral,West
102782,Aug-2031,499,189.70551857082103,309.294481429179,484.6524580607117,144.21728131639003,6.0,75.07720011278894,123,74.41801444419848,14,9,2,26,2,Yes,0,Referral,North
102783,Aug-2031,699,154.68675632306537,544.3132436769347,731.5346733740956,237.83669245751656,8.0,186.47655121941813,145,96.94218367478996,25,11,1,42,0,Yes,0,Referral,South
102784,Aug-2031,499,239.5405181477126,259.4594818522874,487.2002863028967,228.49260410219506,1.0,15.966877750092351,141,44.723149919288105,24,6,4,7,0,No,0,Referral,East
102785,Aug-2031,999,27.417943696334618,971.5820563036654,961.1334664203141,743.6743464432444,8.0,107.90770986042091,123,16.761556460517212,18,8,3,56,0,Yes,1,Referral,North
102786,Aug-2031,999,40.40121070532561,958.5987892946744,1028.650925545961,827.8432336040163,6.0,40.75555569065802,121,72.90647262220314,3,10,2,47,2,Yes,0,Paid Search,East
102787,Aug-2031,999,325.7416260320228,673.2583739679771,1000.3490919706513,488.68308101019534,5.0,109.57529295778184,229,53.04824643733787,2,10,3,50,0,Yes,1,Affiliate,West
102788,Aug-2031,699,402.0435935982382,296.9564064017618,705.2837623520646,196.58579954781823,4.0,40.37060685394359,224,89.47701810745826,12,7,3,45,0,No,0,Referral,West
102789,Aug-2031,999,149.3496673648365,849.6503326351635,1009.670744730291,690.4579210727791,1.0,144.19241156238442,274,74.60706240647468,24,7,3,4,2,No,0,Paid Search,West
102790,Aug-2031,499,355.8319250582051,143.16807494179488,504.63898207272206,103.76450073978134,2.0,9.40357420201353,108,118.19564607379725,15,7,5,44,0,Yes,1,Paid Search,East
102791,Aug-2031,1299,57.38704235837727,1241.6129576416226,1293.0592761450305,1105.2356828397035,5.0,61.377274801919256,224,52.235143667498136,12,7,1,25,3,Yes,0,Referral,West
102792,Aug-2031,1299,86.20969398168515,1212.7903060183148,1360.7758178749095,902.6406280279525,15.0,,105,,29,11,3,52,0,Yes,0,Referral,South
102793,Aug-2031,1499,324.8985014094446,1174.1014985905554,1450.148905339134,1064.5957442936274,7.0,4.505754296928011,290,134.39959858889267,20,6,2,18,1,No,0,Organic,South
102794,Aug-2031,499,246.49278343480302,252.50721656519698,521.8472223523231,163.13554357791185,1.0,74.37167298728514,62,82.0925856561863,29,14,5,7,1,Yes,0,Organic,West
102795,Aug-2031,999,342.771251751871,656.228748248129,978.2611728029358,525.6750277804954,0.0,130.55372046763364,221,98.71148729049122,9,5,1,22,1,Yes,0,Affiliate,South
102796,Aug-2031,1299,206.2266922870806,1092.7733077129194,1258.7203945388703,913.1427974139476,9.0,44.630510298971885,84,119.05206690132479,12,7,2,4,0,Yes,0,Referral,South
102797,Aug-2031,499,28.494470818286985,470.50552918171303,505.27405574175214,360.46672395183725,0.0,110.03880522987578,168,41.385461137337664,7,10,5,29,2,Yes,0,Affiliate,North
102798,Aug-2031,1299,176.8292829003212,1122.1707170996788,1349.9012649209476,998.2266842266436,8.0,3.944032873035326,164,,11,10,5,24,0,Yes,0,Organic,East
102799,Aug-2031,999,294.2403046161612,704.7596953838388,985.3059100707873,622.0439817405124,3.0,,206,64.49532949996737,7,10,1,54,3,Yes,0,Affiliate,West
102800,Aug-2031,1299,134.07177568245933,1164.9282243175408,1243.8476888575703,1029.2901841256635,2.0,105.63804019187722,105,84.87345877027626,8,10,3,40,0,No,0,Paid Search,North
102801,Sep-2031,1499,115.62797777931374,1383.3720222206862,1504.4764442125836,1378.1068655813006,0.0,5.265156639385722,182,94.52830901169278,9,8,2,52,2,Yes,0,Referral,East
102802,Sep-2031,1499,208.06240835569469,1290.9375916443053,1571.7264942909521,1026.8000688827656,12.0,84.13752276153963,244,82.07341435179148,6,8,4,50,0,No,0,Referral,West
102803,Sep-2031,1299,82.85924813457662,1216.1407518654235,1284.654017042814,1130.3207887093474,5.0,10.819963156076113,102,55.04315425421502,2,6,3,38,1,Yes,1,Affiliate,North
102804,Sep-2031,499,185.46005797362005,313.53994202637995,475.04551486896884,125.7336422054068,2.0,157.80629982097315,150,105.91697798205946,4,9,4,41,0,No,0,Organic,East
102805,Sep-2031,499,157.6201757605748,341.3798242394252,499.04372717143013,146.5584862891694,4.0,134.8213379502558,169,232.11050652000267,2,11,2,12,1,Yes,0,Affiliate,West
102806,Sep-2031,499,91.15026471018953,407.8497352898105,493.1987750873735,308.216113685064,4.0,,109,242.77541145387116,17,1,4,9,1,Yes,0,Paid Search,South
102807,Sep-2031,1299,267.6884678240897,1031.3115321759103,1242.712531184318,844.3767358734004,8.0,66.93479630250988,154,68.413367979418,18,8,4,15,0,Yes,1,Affiliate,South
102808,Sep-2031,499,227.51855267409286,271.48144732590714,517.7038670052699,179.22030354234585,5.0,17.2611437835613,183,112.92451296504089,27,14,1,59,1,No,1,Paid Search,East
102809,Sep-2031,999,107.55952988560486,891.4404701143951,1010.8645734635588,638.2037296492811,8.0,133.23674046511408,225,234.64347450032275,9,10,1,13,1,Yes,0,Paid Search,North
102810,Sep-2031,1499,148.20464820719118,1350.7953517928088,1447.1659547078414,1301.4540398757167,1.0,34.34131191709196,155,37.60936051813912,8,7,1,57,2,No,1,Organic,East
102811,Sep-2031,999,117.44692801825957,881.5530719817405,1041.5525401628684,756.5455187628338,6.0,35.0075532189067,129,84.09341930273484,24,10,4,30,5,Yes,0,Affiliate,West
102812,Sep-2031,499,73.3622832908457,425.6377167091543,502.80455597993426,349.768345175048,5.0,0.8693715341062642,212,85.96135922026573,23,13,4,35,0,Yes,0,Affiliate,South
102813,Sep-2031,999,53.7923606888443,945.2076393111557,1017.9006701599486,901.9292998490771,1.0,28.278339462078648,195,224.80597579776278,6,7,5,35,2,Yes,0,Affiliate,South
102814,Sep-2031,499,91.94067067727133,407.0593293227287,503.1624488251002,244.26667048899475,3.0,117.79265883373394,60,131.2274451765701,0,6,5,26,0,Yes,0,Paid Search,South
102815,Sep-2031,1299,75.11670020212527,1223.8832997978748,1361.1380525659156,1152.0626953177568,1.0,56.820604480117936,100,54.90974810725265,24,12,1,19,2,Yes,0,Paid Search,West
102816,Sep-2031,999,163.78688494024306,835.213115059757,1038.0245452592146,741.3621508543926,4.0,33.850964205364434,170,60.56961241569601,9,11,5,21,0,Yes,0,Affiliate,North
102817,Sep-2031,1299,202.8838561833895,1096.1161438166105,1236.1958745859968,934.0609664177463,4.0,102.05517739886425,72,,1,11,3,21,3,Yes,0,Paid Search,West
102818,Sep-2031,1299,53.7378396236538,1245.2621603763462,1235.9454768875705,1174.5346765494953,1.0,55.7274838268508,96,19.064840244657763,5,8,5,13,1,No,0,Affiliate,East
102819,Sep-2031,699,194.81968340724063,504.18031659275937,698.1738391556314,333.1617812040754,3.0,126.01853538868394,124,,25,9,5,21,1,No,1,Affiliate,North
102820,Sep-2031,499,35.25050605599901,463.74949394400096,489.721685919172,339.34849205267915,8.0,4.401001891321798,236,72.94011092614896,20,5,3,24,1,Yes,0,Affiliate,South
102821,Sep-2031,1499,134.96489812338538,1364.0351018766146,1504.8270955130592,1232.2695099857333,4.0,71.76559189088118,234,46.57469121298795,5,9,3,26,1,Yes,0,Paid Search,South
102822,Sep-2031,499,77.70970792070001,421.2902920793,490.9337947787707,195.28456385529637,7.0,121.00572822400363,142,27.465597305879513,23,8,2,44,1,Yes,0,Referral,North
102823,Sep-2031,1499,239.54083656948524,1259.4591634305148,1555.6928741007846,1085.189528367161,0.0,174.26963506335363,176,38.276102403438365,7,14,4,56,1,Yes,0,Affiliate,East
102824,Sep-2031,499,164.01277199935177,334.9872280006482,482.5228772180051,282.4951476850579,1.0,37.49208031559033,295,187.42704167150166,25,10,4,31,2,No,0,Affiliate,North
102825,Sep-2031,1299,136.7798489001865,1162.2201510998134,1241.4903739425129,1096.1179101932194,2.0,36.10224090659392,105,24.83466572963328,17,9,1,30,2,Yes,0,Organic,West
102826,Sep-2031,999,74.97002878621379,924.0299712137862,983.3075276494974,838.7555766218203,2.0,55.27439459196589,283,12.535355571888891,6,14,2,24,1,Yes,1,Paid Search,West
102827,Sep-2031,999,110.5390429948153,888.4609570051847,962.9501148109211,800.8768896540777,4.0,27.584067351107038,204,81.39494481225238,17,11,2,32,5,No,0,Referral,South
102828,Sep-2031,699,369.48729747912614,329.51270252087386,705.3971745792048,278.0314086654493,0.0,51.48129385542457,122,36.84400693631671,0,10,2,30,0,Yes,0,Referral,East
102829,Sep-2031,1499,89.86990551329447,1409.1300944867055,1494.876610995851,1146.972593239535,10.0,112.15750124717064,212,93.55486366988002,27,11,2,57,0,Yes,1,Referral,West
102830,Sep-2031,1499,207.528830111578,1291.471169888422,1530.1738137712277,1207.9241208301273,0.0,83.54704905829465,232,85.74728389752343,23,11,5,26,0,Yes,1,Paid Search,East
102831,Oct-2031,1499,136.48244197347734,1362.5175580265227,1434.9617727533082,1207.9438313452013,4.0,94.57372668132138,186,15.149595427536713,24,9,2,38,2,Yes,0,Paid Search,East
102832,Oct-2031,1299,204.09903774888454,1094.9009622511155,1332.0450163849346,1036.0139903273584,1.0,43.886971923757166,67,79.66705803432089,13,9,1,18,0,No,0,Affiliate,South
102833,Oct-2031,1499,250.43710472318867,1248.5628952768113,1465.5072005993425,1231.3311881559887,0.0,17.23170712082269,93,40.54083447678683,22,12,4,41,2,No,1,Affiliate,South
102834,Oct-2031,999,107.52258080147081,891.4774191985292,1016.1261930135012,830.9907564570678,2.0,30.48666274146139,296,106.72529427722606,19,9,2,54,1,No,1,Affiliate,West
102835,Oct-2031,1299,235.17281117341474,1063.8271888265854,1271.8514483923027,829.4969621727728,1.0,219.33022665381262,198,106.69732759971554,6,14,4,49,0,No,0,Referral,South
102836,Oct-2031,499,480.7967372407007,18.20326275929932,515.6561624212685,-35.166754827170244,3.0,8.370017586469565,105,20.435155097399683,19,9,3,12,5,Yes,0,Referral,West
102837,Oct-2031,1499,218.10479930300457,1280.8952006969955,1549.0800093038506,1192.8660983779694,5.0,13.02910231902618,225,13.788728475657676,6,15,1,21,0,Yes,0,Affiliate,South
102838,Oct-2031,1499,343.62977575197556,1155.3702242480244,1469.9658164511711,900.3995206529511,8.0,134.97070359507333,149,103.47986295391621,3,10,3,23,0,Yes,0,Affiliate,North
102839,Oct-2031,499,207.72552001279368,291.2744799872063,519.4367940658899,127.76388351333568,2.0,133.5105964738706,50,94.90971024495681,30,14,2,28,2,Yes,1,Referral,West
102840,Oct-2031,1499,38.164605336299246,1460.8353946637008,1472.1735623893971,1366.6187208141268,3.0,49.21667384957399,204,21.63776316778104,29,7,5,17,1,Yes,0,Affiliate,East
102841,Oct-2031,499,183.08327967035802,315.916720329642,518.7451020925013,228.85925166543666,,57.05746866420533,94,104.40781282525762,29,9,5,15,0,Yes,0,Referral,West
102842,Oct-2031,1299,110.35394445480829,1188.6460555451918,1259.1388933810404,880.1117403156086,6.0,,112,49.48487287724623,24,7,1,23,3,Yes,1,Paid Search,North
102843,Oct-2031,999,78.48711632189116,920.5128836781089,977.8127211810793,810.9675796611263,2.0,79.54530401698264,107,5.670562472121628,4,8,2,59,0,Yes,0,Referral,South
102844,Oct-2031,499,141.28977475172573,357.71022524827424,518.1709851158004,204.05514533463474,5.0,78.6550799136395,217,34.31946512485916,22,8,2,53,0,No,0,Referral,South
102845,Oct-2031,699,131.42999055254973,567.5700094474503,669.6995109686237,498.6332289793378,3.0,23.936780468112524,112,36.95547319592264,26,17,2,53,1,Yes,0,Affiliate,East
102846,Oct-2031,499,22.809011304856682,476.19098869514335,509.06908904202305,371.0861140841403,2.0,75.10487461100303,87,2.952960151433162,23,10,2,34,1,No,0,Paid Search,West
102847,Oct-2031,1499,475.0153901663751,1023.984609833625,1526.2805392268804,862.9304067629976,7.0,56.05420307062739,78,119.2520161947291,20,12,1,28,1,No,0,Affiliate,West
102848,Oct-2031,1299,246.94450973666363,1052.0554902633364,1360.333580847032,928.8292340785382,2.0,93.22625618479819,89,124.07046055272771,0,10,1,4,1,No,0,Organic,West
102849,Oct-2031,1299,179.32682950105377,1119.6731704989463,1360.3487766451622,871.3525885495375,7.0,143.32058194940888,196,138.57108052434222,19,12,1,41,1,No,0,Organic,West
102850,Oct-2031,499,160.78561335011673,338.2143866498833,498.02657595545867,257.85403986713425,0.0,80.36034678274903,137,18.61331395352644,2,12,5,12,0,Yes,0,Paid Search,East
102851,Oct-2031,999,294.28183435462756,704.7181656453724,1014.8245659626226,620.0406537314558,0.0,84.67751191391667,105,34.625512180427,12,9,2,2,1,Yes,0,Affiliate,South
102852,Oct-2031,699,399.0684434771392,299.9315565228608,674.9396659441586,1.144419738966917,3.0,253.78713678389386,93,42.58872378155284,6,6,3,25,0,Yes,1,Affiliate,South
102853,Oct-2031,1299,232.21024464150895,1066.789755358491,1263.4174253928502,1002.1323037276628,1.0,49.65745163082813,242,14.755911427528948,5,8,4,24,6,No,0,Referral,East
102854,Oct-2031,1499,164.54312457411848,1334.4568754258814,1507.7599648768205,1221.7255490655714,3.0,67.73132636031015,149,65.1072449743356,30,11,1,31,1,Yes,1,Paid Search,South
102855,Oct-2031,1499,326.717288637314,1172.2827113626859,1459.6650281332247,1045.5763324372574,3.0,81.70637892542854,264,22.825811901112168,5,10,1,4,1,Yes,0,Paid Search,West
102856,Oct-2031,999,167.0831091523033,831.9168908476967,970.7156457284757,672.9563289837569,5.0,83.96056186393976,190,51.83795305644227,1,10,5,44,1,Yes,1,Paid Search,North
102857,Oct-2031,1299,202.23777715501217,1096.7622228449877,1237.017083548059,988.0725013500196,4.0,48.68972149496818,207,,15,9,5,34,3,Yes,1,Affiliate,North
102858,Oct-2031,499,270.12131040382053,228.87868959617947,477.7098267651415,68.40695885044896,3.0,115.47173074573051,98,78.6000185031913,5,10,4,6,2,Yes,0,Referral,East
102859,Oct-2031,1499,103.6225034550888,1395.377496544911,1530.6932850685032,1281.98649912248,6.0,23.39099742243127,292,99.94232802581523,7,11,5,31,1,No,0,Paid Search,North
102860,Oct-2031,999,99.10012768870769,899.8998723112923,950.4816745473629,817.3677715970709,0.0,82.53210071422134,164,,20,7,1,39,0,No,0,Paid Search,South
102861,Oct-2031,1299,97.79037296039772,1201.2096270396023,1350.412015437946,1107.480129429047,5.0,18.729497610555214,295,,24,9,2,50,2,No,0,Referral,West
102862,Nov-2031,1299,242.76011152552633,1056.2398884744737,1244.2680496904165,1009.035913357742,1.0,32.20397511673174,278,71.51230259155734,10,7,2,24,2,Yes,0,Referral,East
102863,Nov-2031,1299,234.30610772618144,1064.6938922738186,1254.3890191852613,1007.3280884976718,3.0,12.365803776146869,124,7.288434084818051,17,9,5,25,2,No,0,Organic,West
102864,Nov-2031,1299,311.1204131295122,987.8795868704879,1278.2606104990728,927.7987605935049,2.0,30.08082627698301,240,34.380184693142034,22,11,4,5,1,Yes,0,Affiliate,South
102865,Nov-2031,1299,102.38027593565852,1196.6197240643414,1328.442605951172,1123.2619638583265,2.0,43.35776020601507,248,23.08226828507797,5,15,2,54,2,Yes,0,Organic,South
102866,Nov-2031,1499,339.71102915361166,1159.2889708463883,1529.0872669310318,1004.5038589583867,5.0,79.7851118880016,212,125.67187116065168,13,7,1,54,0,No,0,Referral,East
102867,Nov-2031,999,172.2081396542353,826.7918603457647,973.681331711801,739.485641720611,3.0,42.306218625153576,188,220.03195213935203,14,11,2,10,4,No,0,Paid Search,South
102868,Nov-2031,1299,222.52957950764164,1076.4704204923582,1276.5263655352662,836.5090065290486,8.0,119.96141396330958,98,15.304568205364296,10,8,4,18,1,No,0,Organic,North
102869,Nov-2031,699,258.4335309953167,440.5664690046833,721.4541007374298,268.25153690996035,11.0,7.314932094722991,156,55.92484564597265,26,7,5,29,3,Yes,0,Referral,West
102870,Nov-2031,699,15.799875227243689,683.2001247727563,698.7748339410762,538.8231904990953,4.0,84.37693427366105,160,18.6545862268111,14,4,3,11,2,Yes,0,Organic,West
102871,Nov-2031,999,29.41233688476902,969.587663115231,994.8244107549256,952.9885940232746,0.0,16.599069091956352,164,22.22552534881477,12,11,2,49,3,Yes,1,Organic,South
102872,Nov-2031,499,25.4291379519305,473.5708620480695,505.6604873658456,235.96124577443072,3.0,192.60961627363878,217,56.425729940672284,5,9,1,30,0,No,0,Affiliate,North
102873,Nov-2031,499,278.6660621818583,220.3339378181417,496.8466686869132,75.61674642416574,4.0,84.71719139397595,289,41.066513979851784,3,9,4,43,3,Yes,0,Referral,West
102874,Nov-2031,499,113.34520659129261,385.6547934087074,495.70668661625257,259.8810298484553,8.0,5.773763560252107,70,,13,13,2,5,2,Yes,0,Paid Search,South
102875,Nov-2031,699,393.3098367989662,305.6901632010338,719.8723931491372,26.928186161982694,6.0,188.7619770390511,96,21.421020844552473,12,8,3,6,1,Yes,0,Organic,East
102876,Nov-2031,499,150.40511698707107,348.5948830129289,520.5280444217145,137.11505567426605,8.0,91.47982733866283,52,56.48551640245707,9,15,5,14,0,Yes,1,Organic,South
102877,Nov-2031,1499,26.56486176978015,1472.4351382302198,1506.3847863000979,1421.948337307279,3.0,5.486800922940702,207,121.88245464731968,24,11,2,16,0,Yes,0,Referral,East
102878,Nov-2031,1299,69.30989871537793,1229.690101284622,1271.6349631368303,1190.190020841488,0.0,39.5000804431341,265,88.79824592357217,21,11,4,14,1,No,0,Referral,East
102879,Nov-2031,699,164.0851635863193,534.9148364136806,730.4344447198787,313.8771100603549,,41.037726353325766,279,12.960466633310089,28,13,2,33,0,Yes,0,Paid Search,South
102880,Nov-2031,999,211.82278370321748,787.1772162967825,1019.173521542894,701.1155947000038,3.0,41.061621596778664,176,150.49166634226617,11,12,5,56,2,No,0,Organic,North
102881,Nov-2031,999,31.819472630115158,967.1805273698849,1014.4169423511155,805.5074294152876,1.0,146.67309795459727,116,19.247555162644296,23,8,4,37,1,Yes,0,Paid Search,South
102882,Nov-2031,1299,218.21769261675252,1080.7823073832474,1312.8563448738996,1028.9042765126162,2.0,21.878030870631193,111,22.56632353318016,7,13,3,5,0,No,0,Referral,West
102883,Nov-2031,699,250.26513084551482,448.7348691544852,715.8023821284887,346.72924057233865,3.0,57.005628582146514,214,100.13631578767148,19,6,1,40,0,Yes,1,Referral,North
102884,Nov-2031,499,73.08628805336035,425.91371194663964,512.7530016577919,205.05442135696023,8.0,100.85929058967938,274,57.86970410288709,4,7,5,14,2,No,0,Paid Search,South
102885,Nov-2031,499,386.2988654470977,112.70113455290232,513.5300192150404,-70.07707531325946,0.0,182.77820986616177,199,45.91285076182162,1,8,2,40,1,Yes,0,Affiliate,North
102886,Nov-2031,1499,86.08091719793322,1412.919082802067,1570.32269231002,1240.3362112691138,,142.5828715329531,80,38.66005107309793,19,8,3,9,1,Yes,0,Referral,East
102887,Nov-2031,1499,30.014631094134813,1468.9853689058652,1485.6891400248253,1175.6951891863189,4.0,233.29017971954644,95,40.05762528053961,11,9,4,27,0,Yes,1,Referral,North
102888,Nov-2031,499,33.50670176718489,465.4932982328151,486.1575425801617,146.76612684398575,5.0,243.72717138882936,253,41.30261373413023,5,13,4,52,2,Yes,0,Organic,East
102889,Nov-2031,999,296.47688384305957,702.5231161569404,988.4208831368636,665.4924477353601,1.0,22.030668421580373,94,,29,8,4,3,1,Yes,0,Affiliate,East
102890,Nov-2031,999,152.74594528150834,846.2540547184917,1025.6531682351167,806.1664481179446,1.0,25.087606600547083,63,82.65250056276803,14,10,2,10,1,No,1,Organic,West
102891,Nov-2031,1499,92.48568126427324,1406.5143187357266,1505.100904591791,1330.8650919571796,0.0,75.64922677854709,170,41.04531783630444,17,14,5,48,0,Yes,0,Referral,South
102892,Dec-2031,1299,26.896612251819278,1272.1033877481807,1346.3733822791364,1199.0712967321715,2.0,43.03209101600916,189,133.02085974653062,17,10,3,11,0,Yes,1,Organic,West
102893,Dec-2031,499,103.28988917196438,395.7101108280356,485.8334780206764,259.91609187426235,0.0,135.79401895377327,168,57.164726156919336,9,9,4,34,2,Yes,0,Affiliate,West
102894,Dec-2031,1499,435.7734465211334,1063.2265534788667,1534.530438452121,991.0778569132241,0.0,72.14869656564257,240,64.5634285046376,6,15,1,1,0,Yes,0,Paid Search,East
102895,Dec-2031,1499,107.33850045133408,1391.661499548666,1461.4280512956395,1165.1437813242298,4.0,166.51771822443612,268,113.86770429222676,9,9,5,10,1,Yes,0,Paid Search,West
102896,Dec-2031,499,74.200991876094,424.799008123906,513.9258180672218,300.5641060496822,7.0,19.234902074223797,126,29.007579469072756,4,9,3,53,3,Yes,0,Paid Search,East
102897,Dec-2031,499,365.13407640506523,133.86592359493477,495.91770520170274,67.76110820608852,4.0,6.104815388846248,137,76.9178786049326,15,8,3,6,0,Yes,0,Referral,South
102898,Dec-2031,999,299.8767656483427,699.1232343516573,1047.892360652126,556.6369416576872,3.0,97.48629269397014,215,25.380183884407636,28,13,4,8,3,Yes,0,Affiliate,North
102899,Dec-2031,1299,81.52491980624622,1217.4750801937537,1320.918521028543,947.943544325562,9.0,,166,22.776069155850244,18,9,1,31,2,Yes,1,Organic,South
102900,Dec-2031,1299,174.43141163223672,1124.5685883677634,1330.400759182743,953.7729903118279,6.0,80.79559805593544,224,141.25790109662464,30,12,4,6,0,No,0,Affiliate,North
102901,Dec-2031,499,205.55248856332912,293.4475114366709,476.1819278238322,262.68581571927825,0.0,30.761695717392612,173,167.94739447408847,2,10,5,31,1,Yes,0,Affiliate,West
102902,Dec-2031,699,166.06062981687208,532.939370183128,713.1944220122052,330.99214932702,8.0,81.94722085610795,103,64.20191607570321,6,8,2,34,0,Yes,1,Organic,West
102903,Dec-2031,1499,364.1340251531011,1134.865974846899,1486.8316067991136,917.2271850929241,7.0,112.6387897539749,232,33.55603945292902,18,10,5,40,2,No,0,Affiliate,North
102904,Dec-2031,1499,190.77050465495438,1308.2294953450455,1472.4873429518266,1149.773499246855,2.0,128.4559960981905,97,74.19280287023327,11,12,1,53,1,No,0,Affiliate,West
102905,Dec-2031,499,286.2619549155645,212.7380450844355,513.7302794926125,63.70276107449797,7.0,44.03528400993754,250,,9,8,2,29,6,Yes,1,Paid Search,South
102906,Dec-2031,699,171.79185229147384,527.2081477085262,680.0316901960857,478.37024789550907,0.0,48.837899813017145,249,92.32720270859741,4,8,3,3,1,Yes,0,Organic,East
102907,Dec-2031,999,93.88665752717583,905.1133424728241,967.2141145755833,696.0760347558469,7.0,,150,53.43961912595767,28,11,4,22,2,Yes,0,Organic,North
102908,Dec-2031,499,6.910469597221976,492.089530402778,491.7803265355238,441.6702771781657,1.0,35.41925322461231,64,53.8632543792427,1,11,5,12,4,Yes,0,Paid Search,East
102909,Dec-2031,499,31.814658083277024,467.18534191672296,505.4545485898158,440.29165213900444,0.0,26.893689777718507,248,23.242546069564998,2,3,4,38,0,No,0,Affiliate,North
102910,Dec-2031,1499,120.0856971268793,1378.9143028731207,1462.621748886103,1365.2332266184542,0.0,13.681076254666465,265,35.72513868058769,13,5,5,19,0,No,0,Affiliate,South
102911,Dec-2031,499,399.4097086817269,99.5902913182731,501.92396324412937,-36.85726693923037,1.0,121.44755825750347,162,,14,13,4,7,1,Yes,0,Organic,West
102912,Dec-2031,499,193.48937554505417,305.51062445494586,493.2538838462911,203.70366216021648,4.0,41.80696229472936,65,77.24555124672057,19,9,2,23,2,Yes,0,Paid Search,West
102913,Dec-2031,499,137.30542775222818,361.6945722477718,493.8460599691188,223.73544978799322,9.0,2.959122459778584,265,31.335448552850895,12,11,4,55,2,Yes,0,Paid Search,North
102914,Dec-2031,1499,298.62695953867774,1200.3730404613223,1454.4974403961976,1027.0290301238695,2.0,143.3440103374529,220,155.3184876086418,16,6,1,56,0,No,0,Referral,West
102915,Dec-2031,999,24.22604106020981,974.7739589397902,981.2282755782871,722.7770172195401,16.0,11.996941720250128,184,52.49775592547407,19,6,1,59,1,No,0,Paid Search,East
102916,Dec-2031,999,91.23657958221136,907.7634204177887,976.4071969932293,756.9105534064972,5.0,75.85286701129145,92,15.557877249378967,3,11,4,55,3,Yes,0,Affiliate,East
102917,Dec-2031,499,73.5205615271951,425.4794384728049,486.19761562968654,196.246809879715,12.0,49.232628593089885,77,41.46488085402229,18,6,3,13,2,No,0,Organic,East
102918,Dec-2031,1499,197.76498713617656,1301.2350128638234,1436.1588584908347,1216.7790060625623,1.0,69.45600680126108,115,85.4947136323624,25,7,1,4,1,No,0,Organic,West
102919,Dec-2031,999,257.50035508247606,741.4996449175239,992.3136795036888,620.9760433474787,0.0,120.52360157004517,147,42.301372976435914,14,15,5,21,0,Yes,1,Paid Search,South
102920,Dec-2031,999,206.57826624326756,792.4217337567325,973.4939959269487,551.3984427278776,11.0,76.02329102885477,109,23.016598101041815,14,11,4,14,1,Yes,0,Affiliate,South
102921,Dec-2031,999,208.4779779862694,790.5220220137306,1045.0557842134208,669.5987694948544,,60.92325251887627,279,37.26222830001948,8,14,4,36,2,Yes,0,Affiliate,East
102922,Dec-2031,1499,106.66690569384649,1392.3330943061535,1514.245428792425,1329.9415389993117,1.0,47.39155530684194,177,30.859120347812727,2,6,1,50,0,Yes,0,Referral,South
102923,Jan-2032,1499,188.49118297393676,1310.5088170260633,1493.3063449566962,1146.9229401894645,,73.58587683659884,180,75.88196439540602,1,9,3,7,2,No,0,Paid Search,West
102924,Jan-2032,499,49.219455506353185,449.7805444936468,490.9156531709521,291.22417035441833,9.0,23.55637413922844,178,30.016734217535163,6,10,5,13,0,Yes,1,Affiliate,South
102925,Jan-2032,1299,230.89667220093594,1068.1033277990641,1293.9034293146246,881.6805182268224,4.0,126.42280957224172,208,8.537365653459478,8,14,1,35,2,Yes,0,Paid Search,West
102926,Jan-2032,999,89.9276394404015,909.0723605595985,983.1623881497198,759.340758361583,5.0,74.73160219801551,105,28.25462918328546,21,9,1,49,0,Yes,0,Affiliate,South
102927,Jan-2032,1299,15.41885276395513,1283.581147236045,1345.3555449457292,1151.3193532788848,3.0,87.26179395716011,264,105.0707228344481,29,11,2,33,2,Yes,0,Referral,West
102928,Jan-2032,1499,154.5383322998502,1344.4616677001497,1462.400029877661,1023.3350403975787,8.0,201.12662730257108,133,73.28904681175223,4,7,1,57,0,Yes,0,Referral,West
102929,Jan-2032,1499,79.57393972136256,1419.4260602786374,1466.0166774207878,1338.7253463640232,4.0,20.700713914614226,257,10.891040663188477,16,14,5,11,1,Yes,0,Paid Search,South
102930,Jan-2032,1499,326.92440863952083,1172.0755913604792,1530.422111669691,1048.8185697173137,6.0,,223,98.93504945187078,2,7,2,51,3,Yes,0,Affiliate,West
102931,Jan-2032,1299,245.65187962940388,1053.348120370596,1351.0804799937,954.5444684261923,1.0,83.80365194440367,81,118.32143806840877,8,10,3,39,2,No,0,Referral,South
102932,Jan-2032,1499,190.4363820297363,1308.5636179702637,1525.9993727989456,1190.4945380226804,5.0,43.06907994758328,130,79.11678045968041,7,9,3,25,1,Yes,0,Organic,West
102933,Jan-2032,499,44.842169447370026,454.15783055263,478.2779598583381,327.226654485678,0.0,126.93117606695198,67,24.684673297908407,8,9,1,46,1,Yes,1,Paid Search,South
102934,Jan-2032,1499,65.97717803119023,1433.0228219688097,1558.8075003367683,1296.582242563653,7.0,31.440579405156655,298,106.03432808440084,23,13,5,39,1,Yes,1,Organic,South
102935,Jan-2032,699,154.86701218462224,544.1329878153778,717.8257543874984,222.36739738713436,12.0,141.7655904282434,245,44.9588166448148,16,9,3,59,2,Yes,0,Affiliate,South
102936,Jan-2032,1299,118.42742747697511,1180.572572523025,1265.1895469574054,1016.0927855784826,4.0,104.47978694454234,84,30.197726497410343,23,10,5,24,1,Yes,0,Referral,South
102937,Jan-2032,699,52.62779585369671,646.3722041463033,668.4262637346202,634.4203463988213,0.0,11.951857747481952,153,45.05695401967625,7,10,5,22,0,Yes,0,Organic,North
102938,Jan-2032,1499,7.971480664336951,1491.028519335663,1531.6001496984363,1345.8957565596688,5.0,70.13276277599417,149,68.97871738258466,20,6,2,43,0,Yes,1,Affiliate,East
102939,Jan-2032,499,116.0286723703706,382.9713276296294,485.7555009134964,130.9967551784077,,146.9745724512217,72,78.9975963343758,13,9,1,51,0,Yes,1,Referral,South
102940,Jan-2032,999,3.994727830059901,995.0052721699401,1001.3787481922849,858.2806863461192,3.0,91.72458582382087,256,59.0580849800572,21,9,5,48,1,Yes,0,Paid Search,North
102941,Jan-2032,1499,314.56647886599137,1184.4335211340085,1437.4752391989475,1077.6418965189428,3.0,61.79162461506566,190,49.99762800455463,15,9,5,49,0,No,1,Referral,West
102942,Jan-2032,499,209.34460312869987,289.6553968713001,502.4012944910246,129.8594177210194,4.0,99.79597915028071,255,23.058694604095017,17,9,5,58,1,Yes,0,Paid Search,North
102943,Jan-2032,1299,53.58430689131626,1245.4156931086836,1236.8394361505193,1093.8843765409458,3.0,106.53131656773772,191,73.40761629681155,16,7,1,46,3,Yes,0,Referral,North
102944,Jan-2032,699,290.2985793618856,408.7014206381144,701.3761146361469,339.1631183767229,4.0,9.53830226139155,214,60.20015730331374,23,12,2,56,0,No,0,Referral,North
102945,Jan-2032,699,266.1247906408427,432.8752093591573,722.3253061439732,190.33466972253893,12.0,62.54053963661836,54,77.6149214187101,6,8,5,22,2,No,0,Organic,North
102946,Jan-2032,699,184.67500276643034,514.3249972335697,704.6439378645757,291.43167347612905,7.0,117.89332375744063,199,47.65916784732736,19,10,4,15,0,Yes,1,Organic,East
102947,Jan-2032,1299,145.2496519843255,1153.7503480156745,1348.965865802464,1078.1163718789626,1.0,60.633976136711894,77,83.60221945069128,14,8,2,18,2,Yes,0,Paid Search,North
102948,Jan-2032,499,114.18314301241925,384.81685698758076,501.4391972136341,362.4174176831884,1.0,7.399439304392374,286,77.12988395413856,26,9,1,44,2,Yes,0,Paid Search,East
102949,Jan-2032,1299,85.20735506620119,1213.7926449337988,1323.3472364396857,1021.3829617234428,8.0,72.40968321035587,181,38.219776591277146,27,10,3,45,1,Yes,0,Organic,West
102950,Jan-2032,699,10.415030304942434,688.5849696950576,689.6522347670642,639.8221291610557,2.0,18.76284053400188,99,50.97150759442997,6,13,5,32,2,No,0,Paid Search,West
102951,Jan-2032,1499,333.39945061175996,1165.60054938824,1468.5403823043468,994.0227697258172,5.0,96.57777966242301,151,88.95136315119768,1,12,4,58,1,Yes,0,Paid Search,North
102952,Jan-2032,999,87.538413747454,911.461586252546,982.5986544615657,597.3096480265209,10.0,164.15193822602507,78,93.30428262835262,26,12,3,56,2,Yes,0,Affiliate,West
102953,Jan-2032,1299,153.38407316547995,1145.61592683452,1247.4034160320039,1011.4433824542989,2.0,104.17254438022121,86,115.95792199302839,1,12,3,36,2,No,1,Organic,East
102954,Feb-2032,1299,40.77025724392573,1258.2297427560743,1267.095445327673,1242.3360345064982,0.0,15.893708249576122,212,29.896196525803084,6,10,5,10,3,Yes,0,Referral,East
102955,Feb-2032,499,118.86593800688043,380.1340619931196,493.36310641459085,170.99910013379463,9.0,74.13496185932493,197,39.86642923263873,18,10,5,9,1,No,0,Paid Search,North
102956,Feb-2032,499,492.09329086436907,6.906709135630933,491.0932982169617,-179.47259026426295,2.0,156.37929939989388,212,146.35523328516499,5,15,3,44,3,Yes,0,Paid Search,South
102957,Feb-2032,1299,62.88025155057274,1236.1197484494273,1298.427034364034,1194.091208169903,0.0,42.02854027952431,276,192.29537509031906,29,9,4,25,0,Yes,0,Referral,East
102958,Feb-2032,699,323.83149294498617,375.16850705501383,698.1798755741115,174.9527852645877,5.0,125.21572179042613,261,64.57187296381989,27,5,2,57,0,Yes,0,Paid Search,West
102959,Feb-2032,999,146.66333794153212,852.3366620584679,1022.5166487311039,635.1605169265232,9.0,,179,50.36457923256987,11,5,5,4,0,Yes,0,Affiliate,South
102960,Feb-2032,499,231.59261561935747,267.4073843806425,493.79755549438727,208.6018346900342,0.0,58.8055496906083,165,191.6846601755609,14,11,5,38,2,Yes,1,Organic,South
102961,Feb-2032,699,299.3496306475502,399.6503693524498,711.3879461865287,119.26528982359977,4.0,220.38507952885,107,,12,11,1,46,1,No,0,Organic,North
102962,Feb-2032,1499,182.6720861287197,1316.3279138712803,1557.5549262155578,1139.9419002010138,6.0,86.38601367026655,195,89.65885676022351,6,6,5,36,0,Yes,0,Affiliate,West
102963,Feb-2032,499,107.7951412343652,391.2048587656348,496.79302882506704,307.74081139812813,1.0,,271,48.190714194495456,6,10,1,58,0,Yes,0,Affiliate,South
102964,Feb-2032,699,127.66908260610727,571.3309173938927,702.734644894054,392.7634514581646,6.0,88.56746593572811,155,68.20568619685444,14,6,3,42,1,Yes,0,Affiliate,East
102965,Feb-2032,699,131.70858220243946,567.2914177975606,711.3847196745513,430.44402658838936,1.0,121.84739120917125,105,12.187901090929007,25,11,4,37,1,No,0,Affiliate,North
102966,Feb-2032,999,373.7244668298495,625.2755331701505,998.4112891773766,485.16762946803,1.0,125.10790370212055,171,100.44153594773604,3,19,1,39,0,Yes,1,Paid Search,South
102967,Feb-2032,999,28.09509325924688,970.9049067407532,965.3535280053277,936.7269877298447,,4.177919010908425,241,,2,14,1,7,2,No,0,Paid Search,South
102968,Feb-2032,1499,62.48723493513515,1436.5127650648649,1468.0569900132077,1388.982983969928,2.0,,294,140.91515033703914,0,9,2,42,2,Yes,0,Organic,North
102969,Feb-2032,699,54.48635006373209,644.5136499362679,666.0202453618324,615.2011822088841,0.0,29.312467727383847,270,8.821620772883435,6,6,3,54,0,No,0,Referral,West
102970,Feb-2032,699,42.72822797130924,656.2717720286907,711.8330708866517,580.4914761393926,0.0,75.78029588929815,152,,8,11,1,26,2,Yes,1,Organic,North
102971,Feb-2032,999,234.00996926380347,764.9900307361966,976.9796351059416,676.3334380345577,4.0,28.65659270163883,172,,0,14,1,20,1,Yes,0,Referral,North
102972,Feb-2032,499,241.3703150885037,257.62968491149627,515.1482421938931,103.46016237263939,1.0,139.16952253885688,229,56.11050451882246,4,6,3,45,1,Yes,0,Referral,South
102973,Feb-2032,499,77.0996830311951,421.9003169688049,506.78001990834,343.6509541756099,2.0,48.24936279319495,299,29.033545476217547,14,9,5,47,1,Yes,0,Referral,West
102974,Feb-2032,1299,146.58101668081926,1152.4189833191808,1329.6733437549979,1146.120898818444,0.0,6.298084500736849,71,57.95434963531893,3,6,4,21,1,Yes,0,Referral,West
102975,Feb-2032,999,16.044163789459816,982.9558362105402,1037.2081188435516,916.983312197864,4.0,5.972524012676097,270,47.499101610794256,9,9,3,5,2,No,0,Referral,North
102976,Feb-2032,1299,27.17372551123583,1271.8262744887643,1289.3485372748644,1079.2737178335672,8.0,72.55255665519711,109,58.20966580896945,1,7,2,57,1,Yes,1,Affiliate,West
102977,Feb-2032,999,219.58402068138543,779.4159793186145,967.8922717258224,645.8820250426777,8.0,13.533954275936786,287,36.59594435658912,22,10,2,30,3,No,0,Referral,North
102978,Feb-2032,1499,275.72208733300766,1223.2779126669923,1564.283314523089,1082.5008546755985,,5.77705799139369,187,112.85852630191182,6,6,4,48,2,Yes,1,Paid Search,North
102979,Feb-2032,699,92.78174106838289,606.2182589316171,733.6583569979076,508.57182869885446,1.0,,133,69.23606129458702,28,7,2,59,0,Yes,0,Affiliate,East
102980,Feb-2032,1499,346.2018144996964,1152.7981855003036,1456.7233114201772,1095.7341430728272,1.0,42.06404242747645,177,38.11161538450764,23,8,3,38,1,Yes,0,Affiliate,East
102981,Feb-2032,999,265.87264185433315,733.1273581456669,1023.0749799727349,669.3493509502204,3.0,18.778007195446577,129,,18,8,5,36,0,Yes,0,Organic,North
102982,Feb-2032,699,341.0071022706661,357.9928977293339,669.1017936937274,294.9739225552312,1.0,48.018975174102735,183,32.48710937001803,5,17,2,38,2,No,0,Affiliate,East
102983,Mar-2032,499,113.8874317086098,385.1125682913902,475.4207689684392,339.0713553772095,1.0,31.04121291418067,130,,14,9,3,23,3,No,0,Organic,South
102984,Mar-2032,499,332.48234947591743,166.51765052408257,507.73892727509985,52.277666149106494,0.0,114.23998437497607,55,10.563713585541471,19,11,2,23,1,Yes,0,Paid Search,North
102985,Mar-2032,1299,411.54511679709304,887.454883202907,1267.1951951721776,862.883878142862,0.0,24.571005060044925,135,72.57034554723614,11,9,1,58,1,Yes,0,Paid Search,South
102986,Mar-2032,999,100.4978959972777,898.5021040027223,1035.7482614140283,684.2578059966224,5.0,139.24429800609983,131,61.439539682650484,10,9,1,48,1,Yes,0,Affiliate,North
102987,Mar-2032,999,131.49971539582967,867.5002846041704,1000.3056639515509,788.5283239135381,3.0,33.97196069063227,273,25.907258353087695,2,7,5,51,2,No,0,Referral,South
102988,Mar-2032,499,36.27377971123211,462.7262202887679,513.0740677530034,354.9804905600438,3.0,62.7457297287241,205,25.263370703048157,19,11,1,6,4,Yes,0,Affiliate,East
102989,Mar-2032,1499,12.694188460700673,1486.3058115392994,1439.5598254015044,1388.2583925922831,3.0,53.04741894701635,91,73.57031257992415,27,8,1,43,2,Yes,0,Affiliate,North
102990,Mar-2032,699,14.093839048044629,684.9061609519554,725.1748887914554,549.0876280892552,5.0,60.81853286270015,123,39.38862955254058,16,5,2,46,0,Yes,0,Organic,North
102991,Mar-2032,1499,52.6240641855249,1446.375935814475,1452.5216318997557,1240.7767411250525,1.0,190.59919468942252,90,73.6700341884119,6,10,2,23,0,Yes,0,Referral,East
102992,Mar-2032,1499,182.96855747826856,1316.0314425217314,1509.2267211545152,1253.636675803842,3.0,17.39476671788929,112,11.35097742254853,22,7,4,15,0,Yes,0,Paid Search,South
102993,Mar-2032,499,57.69605526943782,441.3039447305622,504.4735514919775,256.57185936286123,9.0,49.73208536770094,71,18.58056568191339,22,7,5,1,1,Yes,0,Referral,North
102994,Mar-2032,499,179.29950655042418,319.7004934495758,477.34083398337225,287.25064193597973,2.0,2.4498515135960304,269,104.88961230221106,17,6,1,36,0,Yes,0,Affiliate,East
102995,Mar-2032,499,181.7814181433943,317.21858185660574,522.8303866775244,176.17335249405113,0.0,141.0452293625546,128,64.50063260934566,16,13,4,39,0,Yes,1,Referral,East
102996,Mar-2032,1299,93.58507273507453,1205.4149272649254,1273.3111082977885,1108.720538205274,2.0,66.6943890596515,284,88.48491129697763,15,11,2,28,2,Yes,0,Organic,West
102997,Mar-2032,1499,142.4835474516834,1356.5164525483167,1531.0957296087017,1112.3326259902046,,154.1838265581121,206,39.469282148993095,24,16,4,10,1,No,0,Organic,East
102998,Mar-2032,999,86.65051287764246,912.3494871223576,1012.1515712819015,811.693353059138,5.0,25.656134063219586,120,28.324417851513,1,10,1,33,2,Yes,0,Organic,East
102999,Mar-2032,699,112.71122720682573,586.2887727931743,666.3625343166206,563.9711870890219,1.0,7.317585704152464,163,99.80554052473644,4,13,4,46,4,No,0,Referral,South
103000,Mar-2032,1299,52.93644306429424,1246.0635569357057,1346.0705107348435,1170.8434053247822,5.0,0.2201516109235797,83,1.6587397444380376,29,10,3,24,1,Yes,0,Referral,North
103001,Mar-2032,999,160.09256277393797,838.907437226062,979.4627914989662,554.215551242517,6.0,194.6918859835451,145,51.979380999092065,20,9,5,6,1,Yes,1,Paid Search,North
103002,Mar-2032,1499,77.93449614482003,1421.06550385518,1461.3835326430203,1342.6833199226642,0.0,78.38218393251583,179,85.14776606750829,12,11,1,14,0,No,0,Paid Search,East
103003,Mar-2032,499,10.072094887464544,488.9279051125354,476.9716924436865,436.7146589656757,3.0,7.213246146859724,203,39.182428216705674,28,14,3,54,0,No,0,Affiliate,East
103004,Mar-2032,1499,221.2114666618245,1277.7885333381755,1461.5746882536769,1209.5271070716547,1.0,53.26142626652093,158,204.92544910652765,10,9,4,32,2,Yes,0,Paid Search,West
103005,Mar-2032,699,225.2749441542556,473.7250558457444,707.3921586339427,363.7222211056595,1.0,95.00283474008486,124,53.10087511177011,23,8,1,19,3,Yes,1,Paid Search,East
103006,Mar-2032,1299,283.40382427729287,1015.5961757227071,1260.1428370528877,861.1732201090322,0.0,154.42295561367501,266,73.87177269525223,0,9,4,6,2,Yes,0,Paid Search,North
103007,Mar-2032,1299,27.072315047498577,1271.9276849525015,1294.6485125785182,1119.0979332912125,7.0,47.829751661289094,68,26.179793525161745,26,11,5,20,3,No,0,Paid Search,North
103008,Mar-2032,699,92.28872319468158,606.7112768053184,719.9491196169571,383.8437112854168,12.0,42.8675655199016,174,155.849512491651,22,12,5,25,2,Yes,0,Affiliate,West
103009,Mar-2032,999,177.65944861076676,821.3405513892333,1044.47317954109,660.0134431960768,3.0,116.32710819315649,69,57.60407419493019,2,14,2,20,2,Yes,0,Paid Search,North
103010,Mar-2032,999,89.75521478252877,909.2447852174712,1019.0291462970325,801.2995052686582,6.0,17.945279948813003,210,41.07658373040296,17,9,3,38,2,Yes,0,Affiliate,West
103011,Mar-2032,1299,218.50943805693862,1080.4905619430615,1259.4757323975641,1003.7652195501707,5.0,,258,55.34749660045387,20,10,5,11,2,No,0,Organic,East
103012,Mar-2032,1299,209.7519464980723,1089.2480535019276,1283.8198414766655,978.2175522872192,1.0,96.03050121470844,165,80.17668335322816,3,12,3,32,1,No,0,Paid Search,South
103013,Mar-2032,499,207.51544274292795,291.4845572570721,501.6970883718688,245.25965424820237,2.0,16.224903008869717,143,33.22440010522491,28,8,4,29,2,Yes,1,Referral,West
103014,Apr-2032,999,325.1600679965117,673.8399320034882,1036.1036457098896,631.8178494745831,1.0,27.022082528905088,131,,8,6,3,30,1,Yes,0,Affiliate,North
103015,Apr-2032,699,227.28924893501394,471.7107510649861,702.3358561946798,366.0785654769666,,105.63218558801947,145,10.993795482187249,10,12,1,29,1,Yes,0,Referral,West
103016,Apr-2032,999,168.46693337777117,830.5330666222288,998.1303259774893,731.8426018250914,4.0,38.6904647971375,153,15.608791963500982,16,9,2,22,2,Yes,0,Referral,South
103017,Apr-2032,499,126.77574160841559,372.2242583915844,487.0094706833164,232.51185415288944,2.0,109.71240423869497,286,56.99889163978647,10,11,3,11,0,Yes,0,Organic,West
103018,Apr-2032,1299,135.13630701878205,1163.863692981218,1298.9483047512367,966.0895008646953,12.0,17.77419211652262,53,145.40159791852466,2,7,3,49,3,Yes,1,Affiliate,West
103019,Apr-2032,1299,22.29478153919119,1276.7052184608087,1275.4511656507318,1115.1833690651229,2.0,131.5218493956859,209,9.448328896900385,18,8,5,20,3,Yes,1,Referral,West
103020,Apr-2032,499,61.88522243400257,437.11477756599743,502.21657571143714,220.99238222777586,11.0,51.122395338221544,196,32.221508433018705,19,13,1,41,1,No,0,Affiliate,North
103021,Apr-2032,699,205.65073532772766,493.34926467227234,720.5791331158034,298.6001201441637,4.0,134.74914452810862,180,18.123037422546872,22,9,5,14,2,Yes,1,Referral,East
103022,Apr-2032,1299,296.83595250756787,1002.1640474924321,1356.8995313392568,840.0320132580904,2.0,132.13203423434177,279,38.678264588248496,20,5,3,27,1,Yes,0,Affiliate,East
103023,Apr-2032,1499,110.3862092036716,1388.6137907963284,1545.4087013023643,1224.7136511501815,1.0,148.90013964614698,141,54.375747941517155,10,9,4,58,1,Yes,1,Organic,North
103024,Apr-2032,1299,340.4512990839117,958.5487009160884,1341.6461756126819,888.0857210180408,1.0,55.46297989804758,110,43.69053513268747,25,7,5,38,1,Yes,1,Referral,East
103025,Apr-2032,1499,128.81850803022357,1370.1814919697765,1477.713037428578,1229.5638751325996,,80.61761683717702,87,5.648800967582025,13,8,5,4,0,Yes,0,Organic,East
103026,Apr-2032,499,84.45263773356109,414.5473622664389,508.75561161434945,308.00545419733277,5.0,31.541908069106107,167,11.404581461222818,5,12,1,7,0,Yes,0,Referral,North
103027,Apr-2032,499,260.18991044755234,238.81008955244766,493.41577457297996,81.99373685200766,9.0,21.816352700439992,183,18.55213990136153,18,13,5,30,1,Yes,0,Affiliate,South
103028,Apr-2032,1299,92.48541153142259,1206.5145884685774,1237.1977125005196,771.2508097900239,15.0,210.26377867855345,105,35.225040971912236,20,6,5,10,0,Yes,0,Referral,South
103029,Apr-2032,999,271.05344130240167,727.9465586975983,1037.4158544986217,627.7781751698756,6.0,10.168383527722746,217,26.833192662198456,28,7,2,7,0,Yes,0,Affiliate,East
103030,Apr-2032,1499,3.303298071796803,1495.6967019282033,1431.8884469999516,1373.3073011902231,0.0,122.38940073798017,170,36.432554481103885,30,13,3,5,0,No,0,Paid Search,East
103031,Apr-2032,699,199.445299457718,499.55470054228203,672.1253176254,256.48971378867634,9.0,108.06498675360567,130,48.16411938479048,14,13,1,4,1,No,0,Referral,West
103032,Apr-2032,1299,53.94466997468251,1245.0553300253175,1236.4389728340418,1165.571092541793,1.0,64.48423748352452,155,40.53899275924542,27,7,5,47,1,No,0,Paid Search,South
103033,Apr-2032,699,174.16858398748266,524.8314160125174,668.7512647411505,487.2305041955225,0.0,,169,164.5646683788371,10,11,3,36,1,No,0,Paid Search,North
103034,Apr-2032,1299,241.99280334904273,1057.0071966509572,1241.7158669159387,1018.6105910613463,,38.39660558961086,118,168.31606150559838,17,6,1,15,4,Yes,1,Referral,North
103035,Apr-2032,999,214.12812015526626,784.8718798447337,1016.712941480217,722.3055248294949,4.0,2.5663550152388694,132,55.591786650878944,3,12,5,39,0,Yes,0,Referral,South
103036,Apr-2032,999,158.32413996361112,840.6758600363889,1034.3145256295438,768.1205144750098,1.0,57.55534556137909,284,29.855306214827884,27,12,4,38,0,Yes,1,Organic,East
103037,Apr-2032,999,15.415092745466751,983.5849072545333,1028.6391431636014,864.0739957824895,5.0,44.51091147204377,91,40.10663424802984,18,11,2,36,2,No,1,Paid Search,North
103038,Apr-2032,999,237.64130166621186,761.3586983337882,1011.6158885203477,606.5784938237354,3.0,109.78020451005284,148,62.56317965051861,2,12,1,51,3,Yes,0,Affiliate,West
103039,Apr-2032,499,273.771652559472,225.228347440528,513.2711838144871,148.51138594706435,3.0,31.71696149346367,263,23.12797422779861,11,14,4,2,1,Yes,0,Referral,South
103040,Apr-2032,499,24.840357101214906,474.1596428987851,496.8325825593571,447.1979596015491,0.0,26.961683297235993,265,63.36243903229273,3,15,1,15,3,Yes,0,Paid Search,South
103041,Apr-2032,1499,42.47649428328002,1456.52350571672,1559.9202451795975,1389.4081988930502,1.0,52.11530682366971,251,41.7811252125861,23,7,1,20,0,Yes,0,Paid Search,East
103042,Apr-2032,699,278.8268829639494,420.1731170360506,696.197620617912,320.72517965827984,4.0,,179,149.58641617448413,11,15,2,55,2,Yes,0,Affiliate,West
103043,Apr-2032,1299,124.98701249168805,1174.0129875083119,1237.7147100310563,1131.7823474656261,0.0,42.23064004268579,77,22.58488759698317,23,7,4,34,1,Yes,0,Referral,South
103044,May-2032,1299,45.5863995113302,1253.4136004886698,1325.3014905022142,1214.8587341397954,2.0,8.554866348874441,282,123.99605043999571,0,9,5,13,3,No,0,Referral,South
103045,May-2032,499,182.70652962231276,316.29347037768724,515.5036699522785,196.1011431549812,2.0,90.19232722270604,278,62.92209308587927,27,16,3,25,2,Yes,0,Paid Search,East
103046,May-2032,1299,73.37707344546979,1225.6229265545303,1263.2228856278455,1027.7475288700175,8.0,77.87539768451276,166,28.333002361454618,15,8,4,14,0,Yes,0,Referral,North
103047,May-2032,499,169.32505576871773,329.67494423128227,489.9104550497254,185.13307776881868,6.0,54.54186646246359,194,85.9110968050482,20,10,1,41,0,Yes,0,Paid Search,South
103048,May-2032,1499,100.41519949843823,1398.5848005015619,1528.2248424344334,1329.507896460387,,24.0769040411748,119,34.95946360306295,29,15,4,48,0,No,0,Affiliate,East
103049,May-2032,699,110.69870159033465,588.3012984096654,704.1598248940826,564.1001744761218,1.0,9.201123933543641,156,42.95551591171386,1,11,3,54,3,Yes,0,Organic,East
103050,May-2032,1499,283.2476860628942,1215.7523139371058,1557.4564404654213,1124.0250959268776,2.0,61.72721801022816,172,29.400170999602526,25,7,4,9,2,No,0,Organic,West
103051,May-2032,999,146.22296161500083,852.7770383849992,996.7696366044803,698.0866561333332,8.0,34.69038225166599,118,103.05554649350552,21,3,3,49,2,Yes,0,Affiliate,West
103052,May-2032,999,216.57009053222933,782.4299094677707,1016.2280316313373,597.5705649063161,6.0,94.85934456145462,88,192.98099065640457,2,8,2,54,3,No,0,Referral,North
103053,May-2032,999,263.45409339197926,735.5459066080207,976.1865675480493,568.6604236660671,8.0,46.885482941953626,184,22.89307297688668,30,11,1,35,2,No,0,Affiliate,South
103054,May-2032,1499,75.36070305868137,1423.6392969413187,1563.3720384635692,1403.5320608467823,1.0,5.107236094536269,209,97.45408209753188,27,4,5,22,2,No,0,Paid Search,West
103055,May-2032,1299,262.53184252357806,1036.468157476422,1282.0867099809932,915.7000178263286,5.0,45.76813965009346,53,53.92672415672375,15,11,4,5,1,Yes,0,Organic,South
103056,May-2032,699,34.917123979101135,664.0828760208989,701.7631989640488,449.34338069142416,8.0,94.73949532947469,198,90.90854256743098,25,12,2,44,1,Yes,0,Paid Search,South
103057,May-2032,999,70.8019745203647,928.1980254796354,1010.6365879240388,845.0461126454131,1.0,68.15191283422223,283,61.62122273978922,9,12,4,37,0,Yes,0,Referral,South
103058,May-2032,999,56.97995476907582,942.0200452309242,974.4518959542092,699.4281918130434,1.0,,209,44.64426776630701,28,9,2,14,0,Yes,0,Organic,South
103059,May-2032,999,264.15505963231016,734.8449403676898,980.6927408880387,564.6366584551918,4.0,110.20828191249802,297,256.617446676677,28,13,3,17,1,No,0,Affiliate,North
103060,May-2032,699,59.39372240013998,639.60627759986,699.1695662192636,592.5306120232324,3.0,2.0756655766276992,131,58.69723558528316,8,11,2,5,0,Yes,1,Organic,South
103061,May-2032,999,346.817667123069,652.182332876931,976.1092228786974,526.5546232385076,6.0,,146,96.50611497964371,13,10,3,13,1,No,0,Affiliate,East
103062,May-2032,699,113.4073720663333,585.5926279336667,673.1476887193047,392.8995558012981,8.0,72.6930721323686,191,29.871242309296004,24,9,2,59,2,No,0,Affiliate,South
103063,May-2032,999,223.78945849888265,775.2105415011174,1032.6252353771918,552.454595063719,9.0,87.75594643739836,119,142.5920244744135,7,14,4,54,1,No,0,Paid Search,North
103064,May-2032,1499,213.4449505636477,1285.5550494363524,1472.7264172514376,1226.333666625435,2.0,29.221382810917362,252,52.14079385503256,1,12,5,47,2,No,0,Organic,North
103065,May-2032,1499,168.14781458478228,1330.8521854152177,1486.4062247457464,1231.7223257629237,4.0,39.12985965229403,95,15.435685804661572,10,11,1,31,0,Yes,1,Affiliate,South
103066,May-2032,699,77.91767262269283,621.0823273773071,702.2969302840602,599.6065920036128,0.0,21.47573537369432,197,38.07708699148881,1,12,5,49,1,Yes,0,Paid Search,West
103067,May-2032,1499,299.0847075513425,1199.9152924486575,1550.3287847383779,1009.7541782437288,9.0,55.16111420492882,270,57.77163538958563,26,12,2,10,1,Yes,0,Paid Search,West
103068,May-2032,699,88.21784811346748,610.7821518865326,673.858373394678,554.6072310212695,0.0,56.17492086526303,235,55.60130832121835,14,9,3,48,0,Yes,0,Referral,South
103069,May-2032,1499,62.25016107349147,1436.7498389265086,1517.8804934195286,1168.6033709904896,3.0,223.1464679360191,148,47.59828004055754,17,6,4,23,2,Yes,0,Referral,West
103070,May-2032,1499,255.32523402282396,1243.674765977176,1476.6765479221356,1060.4799999596653,4.0,123.19476601751074,129,54.09141462294749,4,7,1,29,0,Yes,0,Affiliate,East
103071,May-2032,699,167.4899543444244,531.5100456555756,724.8311791724386,482.7740476212973,3.0,3.7359980342783103,97,21.08585026950416,27,10,1,16,1,Yes,1,Organic,East
103072,May-2032,1299,312.9385890139441,986.0614109860559,1319.9386962619667,828.3944281565354,10.0,7.666982829520521,56,52.557241992570404,25,11,4,17,0,Yes,0,Referral,South
103073,May-2032,1499,142.47994902534003,1356.52005097466,1445.8141773989134,1267.6027499289644,0.0,88.91730104569561,89,34.29011673161458,24,14,2,7,1,No,0,Affiliate,West
103074,May-2032,999,71.89495527651043,927.1050447234895,978.7140291533698,804.9713762166076,2.0,92.13366850688193,108,73.90866894547534,6,11,1,43,0,Yes,0,Organic,North
103075,Jun-2032,1299,182.96921676286783,1116.0307832371323,1238.7472269111922,1021.9982980700192,4.0,34.03248516711291,85,54.84650741906285,22,11,4,14,0,No,0,Referral,East
103076,Jun-2032,699,96.28594126951158,602.7140587304884,717.912249676133,401.844426111765,2.0,170.86963261872341,221,31.211694398448582,18,8,2,44,3,Yes,0,Referral,South
103077,Jun-2032,1299,75.36929864331533,1223.6307013566848,1287.6712992756638,1139.3395259307545,3.0,,157,76.75760105513757,18,12,4,9,0,Yes,1,Affiliate,North
103078,Jun-2032,499,249.82658323870484,249.17341676129516,476.4788121027653,183.49950259400632,,5.673914167288849,80,101.82927323246042,25,11,1,7,2,Yes,0,Affiliate,North
103079,Jun-2032,499,369.7866080730033,129.21339192699668,474.72147596267206,13.972866463516539,4.0,55.24052546348014,219,64.97900755761805,15,8,5,14,4,No,0,Organic,East
103080,Jun-2032,1499,120.42458496978114,1378.575415030219,1567.2864684006875,1250.3037796709987,6.0,38.271635359220184,93,26.344175333276056,18,11,1,16,1,Yes,1,Referral,West
103081,Jun-2032,1499,33.03105764568832,1465.9689423543116,1551.8152147746503,1427.5058147856753,1.0,23.46312756863623,220,176.0036242613496,16,8,1,10,3,No,0,Affiliate,North
103082,Jun-2032,999,131.58523801202176,867.4147619879782,982.4608119491105,679.5157617372231,5.0,112.89900025075502,92,49.36998346398431,12,14,5,5,0,No,0,Paid Search,South
103083,Jun-2032,1299,211.77614758751082,1087.2238524124891,1301.1545628023907,843.9440544964191,3.0,198.2797979160701,224,63.46739486092193,27,11,2,51,1,Yes,0,Referral,South
103084,Jun-2032,499,180.89754341729645,318.10245658270355,502.7877075330472,133.85839803938595,1.0,169.2440585433176,183,9.001330611762736,7,7,4,7,0,Yes,0,Affiliate,West
103085,Jun-2032,1499,293.30780333660545,1205.6921966633945,1501.2920069128668,1142.865199434909,1.0,47.82699722848534,142,53.869120721458565,27,10,2,22,2,Yes,0,Paid Search,West
103086,Jun-2032,1299,229.810780593084,1069.189219406916,1274.059213349227,969.9204302448619,3.0,54.268789162054034,268,89.8022605665142,10,5,2,24,2,Yes,0,Organic,West
103087,Jun-2032,1499,17.59086382681093,1481.4091361731892,1482.5967052082597,1324.4586979404212,3.0,111.95043823276785,284,41.418856206981665,17,12,4,40,0,Yes,0,Organic,West
103088,Jun-2032,1499,90.80179792310699,1408.198202076893,1451.2071909110987,1229.7219613009838,5.0,103.4762407759093,243,70.68224971534588,10,6,2,42,2,Yes,0,Referral,South
103089,Jun-2032,499,15.700094397039067,483.29990560296096,475.70741555388486,248.14646887062878,0.0,235.15343673233218,297,72.31010711866256,22,8,3,59,5,Yes,0,Referral,South
103090,Jun-2032,499,287.36152147562257,211.63847852437743,481.7706831065844,164.2242570828518,1.0,32.41422144152563,135,94.70726049570273,8,9,1,22,0,No,0,Referral,North
103091,Jun-2032,1499,89.02647183256809,1409.9735281674318,1426.0074922914,1308.7261419772524,3.0,56.24738619017952,58,50.64026958496498,13,11,3,55,1,Yes,0,Referral,North
103092,Jun-2032,699,3.999879674677487,695.0001203253225,694.3214562600483,315.7329783808064,10.0,229.26714194451614,60,,1,9,4,35,0,No,0,Paid Search,South
103093,Jun-2032,1499,88.58370407937925,1410.4162959206208,1523.1178390456844,1236.8229453953497,6.0,83.59335052527095,129,17.391083125820796,28,8,5,46,2,No,1,Referral,West
103094,Jun-2032,1499,217.670088372578,1281.329911627422,1451.1724136399757,1279.097611938893,0.0,2.2322996885290607,158,72.85529066834317,16,10,5,52,3,Yes,0,Organic,North
103095,Jun-2032,999,87.40159035532184,911.5984096446782,1002.388196368385,808.6150234807129,5.0,27.98338616396525,254,167.99639536390268,20,6,4,55,3,Yes,1,Referral,South
103096,Jun-2032,999,106.17247035426095,892.8275296457391,981.514401093576,766.1015602395871,4.0,66.72596940615195,295,27.00283295394532,15,11,4,54,3,No,0,Affiliate,South
103097,Jun-2032,999,108.53665520727598,890.463344792724,961.0373402529058,665.1349696751272,6.0,135.3283751175968,167,85.74004185745179,25,8,2,3,0,Yes,0,Referral,East
103098,Jun-2032,699,170.7339146829895,528.2660853170105,672.968435102731,393.96507330982513,0.0,134.3010120071854,67,152.30340487407526,4,12,1,47,1,Yes,0,Paid Search,South
103099,Jun-2032,699,3.5386157675997936,695.4613842324002,707.256245975273,600.6894450692608,5.0,19.77193916313938,294,29.959805705227726,0,12,3,42,1,No,0,Referral,North
103100,Jun-2032,1499,36.33875423423436,1462.6612457657657,1441.6944048415949,1239.3989828824901,11.0,58.26226288327563,202,104.24366422340977,8,12,4,7,1,Yes,0,Referral,West
103101,Jun-2032,999,351.71084385550694,647.2891561444931,1004.3207033317939,513.3567880126703,8.0,13.932368131822692,146,15.231652945800079,2,11,5,19,1,No,0,Paid Search,West
103102,Jun-2032,699,198.28789166364137,500.7121083363586,677.3744984153832,432.5470363046609,2.0,38.16507203169775,293,105.1155348289847,13,15,1,42,5,Yes,1,Paid Search,North
103103,Jun-2032,499,241.29386062234147,257.70613937765853,517.2699918484196,120.26050772951368,1.0,122.44563164814485,251,9.390910979108249,17,11,1,46,1,Yes,0,Affiliate,West
103104,Jun-2032,1499,156.963423774626,1342.0365762253741,1431.541994175953,1296.0298891071545,0.0,46.006687118219496,235,5.745023066522228,11,13,2,8,0,Yes,1,Paid Search,North
103105,Jul-2032,1299,133.1663702108712,1165.8336297891287,1284.3325602282605,1003.6358261539795,4.0,102.19780363514927,79,22.9500865685669,22,13,5,23,1,No,1,Organic,West
103106,Jul-2032,1499,204.85571353143365,1294.1442864685664,1538.2003403588249,1174.550086271657,1.0,104.59420019690943,164,74.43006245816206,13,12,1,20,1,Yes,0,Paid Search,South
103107,Jul-2032,1299,237.31364204113595,1061.686357958864,1331.365003869583,1030.5640212308258,2.0,1.1223367280382348,290,57.95457095848153,27,12,5,33,0,Yes,1,Organic,East
103108,Jul-2032,999,251.52908096300627,747.4709190369938,963.5133680289023,434.1562129556331,11.0,148.31470608136067,50,107.15958313718684,15,6,3,6,2,Yes,0,Organic,East
103109,Jul-2032,1299,134.81285282167917,1164.1871471783209,1259.604581452882,1021.5682335303052,7.0,37.61891364801576,240,49.27465305739179,4,13,5,15,0,No,0,Paid Search,South
103110,Jul-2032,999,264.64518675339855,734.3548132466015,1003.6281042525383,653.2824843569942,2.0,51.07232888960722,146,20.594497597764075,19,11,1,5,1,Yes,0,Affiliate,East
103111,Jul-2032,499,145.94601465955458,353.0539853404454,508.1942723717718,296.2548603648466,3.0,11.799124975598836,162,59.384232476435145,19,7,5,14,2,Yes,0,Affiliate,South
103112,Jul-2032,1299,257.0744411670146,1041.9255588329854,1331.7716597644128,1013.9188329771049,0.0,28.006725855880532,128,79.76118080143856,14,4,5,9,0,Yes,0,Referral,South
103113,Jul-2032,1499,98.77128519074375,1400.2287148092562,1517.0702063631256,1241.8043873867812,4.0,98.42432742247502,78,70.84884741648226,8,11,5,26,1,No,1,Referral,North
103114,Jul-2032,999,216.40589355620367,782.5941064437964,1027.2833891159692,497.5141169935348,2.0,255.0799894502616,115,73.14144500197476,24,15,1,32,0,No,0,Organic,West
103115,Jul-2032,1499,72.08067291649641,1426.9193270835035,1489.9879254280277,1031.674106492362,17.0,140.24522059114162,252,87.17609925652869,16,11,3,31,0,No,0,Referral,North
103116,Jul-2032,699,9.203343609333302,689.7966563906667,703.2365405092315,599.4375726033165,5.0,15.359083787350187,230,52.47588150421833,11,13,5,6,2,Yes,0,Affiliate,East
103117,Jul-2032,999,190.7644837580001,808.2355162419999,992.3298979259574,748.3949417594835,2.0,29.840574482516487,275,107.14277875589771,12,15,3,1,2,Yes,0,Affiliate,South
103118,Jul-2032,1299,30.183662798543907,1268.816337201456,1332.8968613869527,960.6187645058419,12.0,128.19757269561418,293,,9,13,1,19,0,Yes,1,Paid Search,South
103119,Jul-2032,999,102.03870861327515,896.9612913867248,966.5136636422703,792.2625072371442,4.0,44.698784149580675,154,111.186722275519,6,10,4,15,0,Yes,0,Affiliate,East
103120,Jul-2032,1499,52.50843706750169,1446.4915629324983,1461.8859991502368,1357.7073388870517,4.0,28.784224045446607,68,108.3770916790746,26,7,5,34,2,Yes,0,Paid Search,West
103121,Jul-2032,499,128.99609540478284,370.00390459521714,515.8079797979539,260.47840888437116,2.0,79.52549571084597,115,49.75210542917528,23,5,3,19,0,Yes,1,Affiliate,South
103122,Jul-2032,999,245.66509435167268,753.3349056483273,1020.4178153384873,656.6859700804688,6.0,6.648935567858551,161,65.74237822027233,20,7,5,49,2,No,0,Referral,West
103123,Jul-2032,1299,91.21856574546108,1207.781434254539,1329.5486482892234,1073.2348122985163,5.0,59.546621956022705,261,76.32913220414258,6,4,2,11,1,Yes,0,Affiliate,South
103124,Jul-2032,699,187.7493056895134,511.2506943104866,670.9789402303813,367.69332311750054,8.0,23.557371192986075,282,236.28022466096593,7,13,2,18,1,No,0,Referral,South
103125,Jul-2032,499,238.72152458725057,260.27847541274946,498.22185399526506,167.50850314960059,3.0,47.76997226314887,229,46.487300034979846,23,7,1,24,0,No,1,Organic,North
103126,Jul-2032,699,77.12939390474554,621.8706060952545,703.497335591431,456.91731425663596,3.0,119.95329183861857,208,48.05844302473122,14,8,3,46,1,No,0,Affiliate,West
103127,Jul-2032,999,78.86957655370769,920.1304234462923,1026.9640506410626,760.4088344148618,4.0,99.72158903143057,109,18.635689814245296,24,13,3,51,1,Yes,0,Referral,South
103128,Jul-2032,1499,314.3194682640253,1184.6805317359747,1487.3425316934354,911.320407793984,10.0,123.3601239419906,166,139.28009804143537,20,12,5,9,0,Yes,0,Organic,East
103129,Jul-2032,1499,140.47336322665114,1358.5266367733489,1505.102373696728,1242.3849191424613,1.0,101.1417176308875,117,71.7015047135185,17,8,2,11,0,Yes,0,Referral,South
103130,Jul-2032,1299,211.09665517582496,1087.903344824175,1265.009563825075,966.2290487841959,1.0,106.67429603997917,142,40.024826170324616,21,6,5,43,0,No,0,Affiliate,West
103131,Jul-2032,1499,210.1873310831069,1288.812668916893,1548.785175175487,998.9868280891226,16.0,,297,54.35568476383769,0,11,5,4,1,Yes,0,Affiliate,South
103132,Jul-2032,499,6.2414872706426365,492.75851272935734,519.653148088207,261.40008398636525,11.0,66.35842874299207,207,93.77781806512758,9,10,1,18,1,Yes,0,Referral,West
103133,Jul-2032,1499,58.6948948593606,1440.3051051406394,1493.6278351093742,1398.8942678605674,0.0,41.41083728007192,190,57.55359904095453,21,18,4,44,1,Yes,0,Referral,East
103134,Jul-2032,1299,195.04168362480243,1103.9583163751977,1290.8487606569904,938.6841629042674,6.0,75.27415347093037,192,71.36234167986196,18,5,1,23,0,Yes,0,Referral,North
103135,Jul-2032,999,98.07778640683722,900.9222135931627,981.8436345640971,844.9845377428583,0.0,55.937675850304416,197,21.782120084168838,28,10,1,41,0,Yes,0,Paid Search,East
103136,Aug-2032,999,124.64428595538902,874.355714044611,975.7058562675704,640.7633337557367,10.0,83.59238028887432,211,24.4221963393632,2,5,1,37,1,Yes,0,Referral,East
103137,Aug-2032,1499,46.1659353128661,1452.8340646871338,1507.0012217193198,1192.955944994405,3.0,214.8781196927288,269,118.68607735386726,6,13,5,1,1,Yes,0,Organic,South
103138,Aug-2032,699,283.2607370371984,415.7392629628016,675.8469726185333,360.86058002304253,3.0,9.87868293975906,197,31.231034428213743,3,14,5,25,2,No,0,Affiliate,West
103139,Aug-2032,999,191.5338543785939,807.4661456214061,1007.9228558464189,699.8545568306728,6.0,17.611588790733293,99,24.855307015126375,4,12,5,9,1,No,0,Paid Search,East
103140,Aug-2032,1499,292.94955568688124,1206.0504443131188,1508.1915730347437,1044.355572060297,1.0,146.69487225282188,138,7.667173316907857,30,11,5,39,2,No,0,Affiliate,North
103141,Aug-2032,1299,145.30504397359766,1153.6949560264025,1324.2091522015514,1093.7293175444609,0.0,59.965638481941575,204,105.0864261215108,5,5,2,1,0,Yes,0,Organic,East
103142,Aug-2032,1499,136.3332968679573,1362.6667031320426,1457.889078250069,1276.2948726067843,0.0,86.37183052525826,207,34.68825565898888,27,14,3,52,1,Yes,0,Affiliate,South
103143,Aug-2032,999,113.40845771045221,885.5915422895478,1019.1757107805972,747.9368912838531,9.0,2.6546510056946886,233,150.3174360770802,9,18,2,17,0,Yes,1,Paid Search,South
103144,Aug-2032,1299,89.63167205338891,1209.368327946611,1236.2483938355606,1125.7717533041873,,8.596574642423782,282,28.625744193453148,11,9,3,3,2,Yes,1,Referral,East
103145,Aug-2032,1499,472.1587606867182,1026.8412393132817,1504.1607075803563,920.2755217485578,4.0,46.5657175647239,261,15.841751926778851,13,8,5,23,2,No,0,Organic,North
103146,Aug-2032,499,246.86034189518668,252.13965810481332,516.1691898903858,128.3484233290034,4.0,63.79123477580992,242,26.39832320678446,21,9,2,1,1,No,0,Affiliate,East
103147,Aug-2032,1299,22.057374487586088,1276.942625512414,1328.591819480335,1203.6552224298252,3.0,28.287403082588852,148,54.00967878949309,1,6,3,24,0,No,0,Referral,South
103148,Aug-2032,499,466.71706429946147,32.28293570053853,516.506532657202,-5.826864115829181,0.0,38.10979981636771,232,220.96083981204578,2,15,4,13,3,Yes,0,Paid Search,West
103149,Aug-2032,699,101.40240779972723,597.5975922002727,674.419404676132,479.71386666549074,1.0,102.88372553478197,162,136.03176194974006,0,8,1,58,0,Yes,0,Referral,East
103150,Aug-2032,1299,188.53824002122272,1110.4617599787773,1327.4342533501638,1094.682661709149,1.0,0.7790982696283635,156,103.18763394059548,2,10,3,20,1,Yes,0,Organic,West
103151,Aug-2032,499,262.75168462462386,236.24831537537614,497.45689822308526,190.22912012087994,0.0,46.01919525449618,73,152.60669697290518,23,6,2,20,1,Yes,1,Affiliate,West
103152,Aug-2032,999,34.55447124870011,964.4455287512999,981.3343315800637,850.1764340037847,4.0,54.26909474751518,74,47.25912266298713,14,13,2,12,1,No,0,Paid Search,North
103153,Aug-2032,999,50.720783802108116,948.2792161978919,984.5907244317937,810.3413853457748,1.0,122.93783085211699,281,35.106083110506674,15,7,4,17,3,Yes,1,Paid Search,North
103154,Aug-2032,699,347.7797789484828,351.2202210515172,671.1757295175444,234.740283726773,5.0,41.47993732474427,230,108.61527728053485,19,10,3,21,1,Yes,0,Referral,East
103155,Aug-2032,1299,123.02056039963256,1175.9794396003674,1324.5841427024118,1157.9258689496983,0.0,18.053570650669105,253,51.57721230393646,1,12,1,40,2,Yes,0,Referral,West
103156,Aug-2032,1299,269.84041401130463,1029.1595859886954,1316.1333345879043,875.4426380932599,6.0,63.71694789543555,60,25.432998730581577,19,7,2,24,0,Yes,0,Paid Search,East
103157,Aug-2032,1299,95.58378712243854,1203.4162128775615,1253.8754936808646,1012.3143284529958,9.0,56.10188442456566,143,0.5544146353349508,15,16,5,30,1,Yes,0,Organic,North
103158,Aug-2032,699,138.592847341579,560.407152658421,702.0911941575429,522.753938812483,2.0,7.653213845937884,109,23.03569584731915,29,10,5,23,1,Yes,1,Organic,West
103159,Aug-2032,1299,364.23082392918,934.76917607082,1250.894152306623,836.463787823405,5.0,23.305388247414946,254,75.75211876135907,14,9,3,23,2,Yes,0,Organic,West
103160,Aug-2032,999,202.50146907576274,796.4985309242372,980.3533113464172,613.0401563576703,5.0,108.45837456656696,224,25.5293948229235,6,11,4,56,2,Yes,0,Referral,East
103161,Aug-2032,499,108.61826796828015,390.3817320317198,476.2517125915513,274.3998754338531,0.0,115.98185659786674,202,94.12758988352056,24,7,1,56,2,No,0,Referral,South
103162,Aug-2032,999,67.99638470365826,931.0036152963418,1011.095003942474,838.9484844622468,5.0,17.05513083409498,293,15.066018895438077,4,12,3,47,1,Yes,0,Paid Search,South
103163,Aug-2032,999,78.97495291041561,920.0250470895844,950.2924196544031,647.6511306902023,8.0,152.3739163993821,74,23.637291681922612,28,16,3,17,3,Yes,1,Affiliate,West
103164,Aug-2032,499,298.9872036884509,200.0127963115491,487.06066773688417,-160.71179487247073,10.0,210.72459118401983,194,153.58119021956293,4,10,1,2,1,Yes,0,Referral,West
103165,Aug-2032,999,241.85979703667044,757.1402029633296,975.692968447346,715.4482072834242,1.0,26.691995679905432,189,102.40459560927982,27,7,2,42,1,Yes,1,Referral,East
103166,Aug-2032,699,12.15880415116905,686.8411958488309,716.3600631996743,572.0668545005598,6.0,24.774341348271108,172,54.492249971767976,20,9,5,24,0,Yes,0,Affiliate,South
103167,Sep-2032,499,160.4614268244844,338.5385731755156,496.53639177734266,286.6804667556223,2.0,21.85810641989329,292,54.43809164955263,25,9,2,33,2,Yes,0,Affiliate,West
103168,Sep-2032,999,141.98202338327934,857.0179766167207,1006.3141008854124,763.5309380061849,6.0,3.487038610535855,229,26.767936962791882,8,5,4,57,1,Yes,0,Referral,West
103169,Sep-2032,1499,187.93113234819526,1311.0688676518048,1461.3890215213798,1190.1911267125154,3.0,75.87774093928941,60,120.49615999023935,22,10,1,57,1,Yes,0,Organic,West
103170,Sep-2032,999,77.5714657030356,921.4285342969644,1003.7580150116671,581.0722225705997,,,59,121.95563647685931,13,13,2,45,0,Yes,0,Paid Search,South
103171,Sep-2032,699,281.7366733979309,417.2633266020691,674.4792969719743,143.99614912707273,11.0,108.26717747499637,130,46.81024520266409,18,11,3,44,4,Yes,0,Paid Search,West
103172,Sep-2032,1299,149.839286725677,1149.160713274323,1362.957852853236,1125.731795673723,0.0,23.428917600599938,237,45.98097533896773,29,5,3,15,2,Yes,0,Referral,South
103173,Sep-2032,999,194.81238211024913,804.1876178897509,1000.6956521616319,698.1657944004752,6.0,16.021823489275647,103,33.46955419512346,17,8,4,32,2,No,0,Referral,East
103174,Sep-2032,1299,55.83717310628211,1243.162826893718,1348.2814639282985,1195.0542720703568,3.0,,158,64.35271495699575,8,8,4,42,4,Yes,0,Organic,South
103175,Sep-2032,1499,61.882423479532534,1437.1175765204675,1439.8932168395556,1227.325763837716,5.0,134.79181268275147,257,8.29729909263857,2,8,1,34,2,Yes,0,Organic,South
103176,Sep-2032,999,468.90133311202806,530.098666887972,1008.0330083761197,334.5573483604806,11.0,30.54131852749133,112,50.216681149200745,28,10,2,22,0,Yes,0,Referral,North
103177,Sep-2032,499,366.009594291202,132.990405708798,507.535382337835,-13.35113082462324,4.0,86.34153653342123,293,103.65532975485641,10,7,3,31,3,Yes,0,Organic,West
103178,Sep-2032,1299,141.6382604540506,1157.3617395459494,1336.5350692949778,1036.301497370266,6.0,31.06024217568338,69,59.22784438782052,23,1,1,15,0,No,0,Referral,South
103179,Sep-2032,1499,333.96047408723274,1165.0395259127672,1496.8889994000438,900.5961249705142,3.0,,290,85.50662737748267,14,7,1,20,3,No,0,Paid Search,South
103180,Sep-2032,499,295.5285017114916,203.47149828850843,475.8504504882438,106.20656752934525,6.0,7.264930759163171,54,69.30666777863713,27,11,3,42,1,Yes,0,Organic,East
103181,Sep-2032,499,74.9746765141033,424.0253234858967,487.08331850487866,252.75687298254303,,6.268450503353698,90,60.969199956743026,3,7,2,23,1,Yes,0,Organic,South
103182,Sep-2032,499,63.00801583174379,435.9919841682562,488.05255762225704,409.52961590500576,1.0,11.462368263250418,167,53.32003505634516,20,8,5,31,0,No,0,Paid Search,East
103183,Sep-2032,499,230.24119504215804,268.75880495784196,489.93995957498106,169.83801360344324,1.0,83.92079135439872,112,94.4786220021654,23,7,4,2,2,Yes,0,Paid Search,North
103184,Sep-2032,999,181.20727657353865,817.7927234264614,958.2609690761813,563.017157766101,6.0,164.77556566036031,233,44.38041639943183,4,13,2,13,1,Yes,0,Organic,South
103185,Sep-2032,999,101.75944603935355,897.2405539606465,949.1133264915221,738.1471475699809,5.0,84.0934063906655,81,22.191047760341757,25,4,5,42,1,Yes,0,Organic,North
103186,Sep-2032,999,236.5471852498485,762.4528147501514,1000.9669332596155,610.9267523516667,3.0,106.52606239848478,76,129.58116466739466,17,7,5,32,0,Yes,0,Referral,West
103187,Sep-2032,1499,23.097951071153602,1475.9020489288464,1534.4936754866967,1335.4956128764297,3.0,95.40643605241661,117,88.04731968768726,21,9,3,49,0,Yes,0,Organic,North
103188,Sep-2032,1499,163.80018334229487,1335.199816657705,1458.5426353339876,1236.9984860927843,1.0,83.2013305649208,154,7.178323313389085,22,12,5,16,1,Yes,0,Referral,South
103189,Sep-2032,1499,1.329161572469303,1497.6708384275307,1528.05141035053,1433.9618807103814,1.0,48.70895771714946,225,65.2742946005193,11,8,4,15,1,No,0,Paid Search,North
103190,Sep-2032,699,5.28103877699246,693.7189612230076,715.1553752550676,534.0862128884222,9.0,24.63274833458538,56,6.317846798554327,0,5,1,25,3,Yes,1,Paid Search,South
103191,Sep-2032,1499,65.18822524171122,1433.8117747582887,1485.6949235939999,1350.110278064797,3.0,38.701496693491606,223,16.46089003151166,25,14,2,12,0,No,1,Referral,North
103192,Sep-2032,999,193.59447316127861,805.4055268387214,1001.5022542182346,684.5772788168147,7.0,15.828248021906717,255,70.43823145323132,24,12,4,28,1,Yes,0,Affiliate,East
103193,Sep-2032,999,68.97155893384434,930.0284410661557,980.4183733265581,780.5638156759451,2.0,119.46462539021057,152,,21,12,5,41,2,No,0,Affiliate,West
103194,Sep-2032,699,3.826967045954177,695.1730329540458,690.2781433978512,566.2951595871052,5.0,53.8778733669406,265,193.81546637296358,19,10,1,12,3,Yes,0,Paid Search,East
103195,Sep-2032,699,207.26990432123358,491.7300956787664,705.2284678711878,318.3355400811344,8.0,53.394555597631985,161,154.12115997654047,1,16,1,57,3,Yes,0,Organic,East
103196,Sep-2032,1499,329.1296453329243,1169.8703546670756,1478.3016823438995,1116.6488924957898,1.0,38.22146217128581,195,10.630253073052218,8,9,5,21,1,Yes,0,Paid Search,West
103197,Oct-2032,1299,226.66205210424147,1072.3379478957586,1299.1414129062912,1071.9939467153283,0.0,0.34400118043020456,215,167.66707165538304,21,7,4,12,0,Yes,0,Affiliate,East
103198,Oct-2032,699,366.21584695123755,332.78415304876245,716.0392338626842,195.22086062714962,3.0,92.56329242161283,152,94.33087632238437,24,8,5,51,0,No,0,Organic,North
103199,Oct-2032,499,319.1014072323106,179.89859276768942,522.1836885775753,93.16387130632287,1.0,71.73472146136655,292,99.7249925282663,17,5,2,54,1,Yes,0,Paid Search,North
103200,Oct-2032,999,91.50861449880773,907.4913855011923,1038.0666923390834,848.4045418401189,0.0,59.086843661073466,281,32.057229604348905,4,6,1,58,0,No,0,Paid Search,North
103201,Oct-2032,499,225.85917832369324,273.14082167630676,519.6834720542461,165.4014793504957,1.0,92.73934232581107,242,75.44657397754347,21,10,3,49,1,No,0,Affiliate,North
103202,Oct-2032,999,139.00430477338116,859.9956952266189,1040.080625285947,804.2105880219399,0.0,,66,71.41576042727394,13,7,1,16,1,Yes,0,Organic,North
103203,Oct-2032,999,277.4519737437671,721.5480262562329,973.1790158207947,640.2048411476954,3.0,36.34318510853744,139,74.70957348325095,10,12,5,10,1,Yes,1,Organic,South
103204,Oct-2032,699,138.9826131283715,560.0173868716286,730.2040963448288,486.43365807532916,4.0,13.583728796299354,164,84.48617059681929,20,10,5,56,1,Yes,0,Affiliate,East
103205,Oct-2032,699,55.35641889488801,643.6435811051119,679.5932771826172,366.4873078334696,8.0,157.15627327164236,135,52.495040958559336,21,9,3,10,1,Yes,0,Affiliate,East
103206,Oct-2032,499,314.8087130820305,184.19128691796948,517.174342802887,108.67639395228898,0.0,75.5148929656805,152,44.4781298495013,2,16,3,52,1,Yes,0,Referral,South
103207,Oct-2032,999,188.13546608680434,810.8645339131956,1007.1003109821817,651.6072322968805,3.0,114.25730161631508,131,56.89854334954747,8,11,1,2,2,Yes,0,Referral,East
103208,Oct-2032,499,70.37643944289223,428.6235605571078,515.9008122502797,305.1102490949245,0.0,123.5133114621833,175,116.15542641882458,1,19,5,27,1,Yes,0,Organic,West
103209,Oct-2032,1299,90.15284399114121,1208.8471560088587,1361.6411564969833,1180.1489408741354,0.0,28.698215134723327,87,98.69813385109795,13,10,1,52,3,Yes,0,Affiliate,East
103210,Oct-2032,499,69.60952266738191,429.3904773326181,517.7475683323261,391.6308666614706,1.0,22.759610671147538,141,111.77554833734902,27,9,4,30,1,Yes,0,Affiliate,East
103211,Oct-2032,1499,29.79030807483406,1469.209691925166,1546.4439136854269,1334.7286289066412,2.0,104.48106301852472,262,71.67673600546144,1,10,5,33,1,Yes,0,Organic,South
103212,Oct-2032,499,92.69815893077391,406.3018410692261,484.35460232392484,331.059034908066,4.0,15.242806161160132,112,23.776874612316238,20,9,1,16,0,No,0,Referral,North
103213,Oct-2032,1499,194.7625456477448,1304.237454352255,1552.950007614839,1271.8970456908155,1.0,17.340408661439525,279,33.15037564001259,26,10,5,10,1,Yes,0,Organic,North
103214,Oct-2032,1499,157.6872804223416,1341.3127195776583,1448.8970032250359,1197.8620700173567,9.0,8.450649560301656,274,98.09586971051846,9,10,5,15,0,Yes,0,Paid Search,North
103215,Oct-2032,1499,97.4139676341409,1401.5860323658592,1500.9064363135167,1317.5366169900472,5.0,9.049415375812103,271,119.48355320449629,18,12,2,26,0,Yes,0,Affiliate,West
103216,Oct-2032,1299,329.46089625566685,969.5391037443331,1299.304623991449,809.9510017731403,8.0,39.58810197119281,219,108.66154363680938,28,4,1,56,3,Yes,0,Affiliate,North
103217,Oct-2032,499,91.27601686555667,407.7239831344433,499.9351828618078,381.5905508450151,1.0,11.1334322894282,296,57.181759150545275,28,16,5,15,2,Yes,1,Paid Search,East
103218,Oct-2032,499,186.73630981868527,312.2636901813147,510.134991206529,264.1473488246343,2.0,18.116341356680383,185,63.475852213800565,1,13,3,6,3,Yes,0,Affiliate,South
103219,Oct-2032,1299,132.86888942188875,1166.1311105781112,1285.4947687084057,1064.6540424888344,2.0,71.47706808927684,79,58.363218220374236,15,9,3,17,1,Yes,0,Affiliate,West
103220,Oct-2032,999,33.57825242442236,965.4217475755777,994.668908529912,745.5746922557546,,129.84705531982308,280,13.376121900393615,5,12,2,45,0,Yes,1,Affiliate,North
103221,Oct-2032,699,193.73452149452612,505.2654785054739,710.1155515104952,379.09915532955864,1.0,111.16632317591524,113,21.216477685740962,11,8,5,1,2,Yes,0,Referral,South
103222,Oct-2032,499,123.63021451666141,375.3697854833386,508.10025334952485,311.2570322295677,0.0,64.11275325377093,58,82.17735154488095,21,5,1,50,1,Yes,0,Paid Search,West
103223,Oct-2032,699,299.64881594566725,399.35118405433275,694.633500966278,143.20087753814815,5.0,181.1503065161846,274,41.927520264125455,6,9,1,23,4,No,0,Affiliate,East
103224,Oct-2032,1299,254.16782908937597,1044.832170910624,1240.8234949293383,867.1115183399099,5.0,102.720652570714,299,6.073275469667416,3,13,3,34,1,Yes,0,Affiliate,North
103225,Oct-2032,999,378.7356883648783,620.2643116351217,974.9327218109701,475.9042822209365,2.0,114.36002941418514,106,59.24729021946985,7,14,4,35,0,No,0,Affiliate,East
103226,Oct-2032,999,92.00184833832091,906.9981516616791,1043.3571248836356,870.0420646014188,0.0,36.956087060260266,156,23.00714468337209,18,11,5,43,2,Yes,0,Paid Search,West
103227,Oct-2032,999,317.58653876970186,681.4134612302981,1041.6982296855842,632.3426587192018,2.0,19.070802511096268,236,20.24564105426527,9,9,2,25,2,No,0,Affiliate,East
103228,Nov-2032,1299,10.097427838149457,1288.9025721618505,1318.4393573641826,1133.8201190741947,5.0,80.08245308765567,270,12.922804325310628,0,11,2,1,0,Yes,1,Affiliate,West
103229,Nov-2032,1499,136.7236200869305,1362.2763799130694,1451.8170441874604,1149.7791092555442,6.0,122.49727065752525,144,28.065964144032183,4,10,5,25,3,Yes,0,Affiliate,North
103230,Nov-2032,1499,94.17035368388744,1404.8296463161125,1438.3967630018817,1295.874179428339,3.0,63.95546688777365,244,3.811743861582489,5,7,5,38,0,Yes,0,Referral,South
103231,Nov-2032,699,222.29344954912906,476.70655045087096,730.4218692887939,476.0538661938187,0.0,0.6526842570522575,291,22.96052156841666,26,8,2,16,1,Yes,0,Paid Search,West
103232,Nov-2032,1499,219.39309578922627,1279.6069042107738,1554.937853634547,1196.9190127184816,2.0,52.68789149229214,279,82.8657971368631,28,11,2,47,4,No,0,Referral,North
103233,Nov-2032,1499,41.92564881264343,1457.0743511873566,1483.6993808843893,1350.5521990617842,2.0,76.5221521255724,124,69.35123138745134,18,8,1,41,1,Yes,0,Paid Search,East
103234,Nov-2032,999,228.98306087813,770.01693912187,1011.9472715138193,716.613167286078,0.0,53.403771835791986,54,109.06941475373645,17,15,2,12,2,Yes,0,Organic,South
103235,Nov-2032,999,104.34131005873296,894.6586899412671,1040.3737771192987,749.3817003843178,2.0,115.27698955694932,144,73.80846871359397,18,10,3,10,0,Yes,0,Paid Search,South
103236,Nov-2032,699,51.98431680579672,647.0156831942032,673.7069628264943,467.77078838056786,3.0,134.2448948136354,261,2.46134795231862,18,10,2,27,0,Yes,0,Referral,West
103237,Nov-2032,499,148.58623654292072,350.4137634570793,505.7994995094903,289.0116470282108,4.0,1.4021164288684957,53,41.122597966900415,22,13,2,56,2,Yes,0,Paid Search,North
103238,Nov-2032,699,27.22129936350217,671.7787006364979,728.3220334825511,570.1284314410666,6.0,11.650269195431349,57,38.36560826996897,0,9,3,39,1,Yes,0,Affiliate,West
103239,Nov-2032,699,261.7567619986526,437.2432380013474,722.5230318573388,296.90195421810927,4.0,80.34128378323814,219,20.77919989319162,26,12,3,42,1,Yes,0,Referral,West
103240,Nov-2032,1299,143.32550274699355,1155.6744972530064,1271.3479030256963,1077.3298306168347,5.0,3.3446666361717945,212,12.928597287846175,19,6,5,7,1,Yes,1,Referral,West
103241,Nov-2032,1299,145.95052538423514,1153.049474615765,1357.720928817912,1029.613140648195,5.0,48.43633396756988,190,79.22034290983277,10,11,2,6,1,Yes,0,Referral,North
103242,Nov-2032,699,139.54000474961916,559.4599952503809,678.2511002834591,543.1788791171939,1.0,,290,50.24249789379637,2,10,3,45,3,Yes,0,Paid Search,West
103243,Nov-2032,699,347.6220104030141,351.3779895969859,678.6292806094858,220.12207197872226,8.0,11.25591761826363,182,17.948693562485442,9,12,1,11,0,Yes,0,Organic,North
103244,Nov-2032,699,332.2653226595785,366.7346773404215,670.8028960793314,315.69554182828443,0.0,51.03913551213707,89,11.291129311824408,26,16,4,24,2,Yes,1,Affiliate,South
103245,Nov-2032,1499,312.0913312079024,1186.9086687920976,1441.7559510991887,1064.0920203989756,6.0,32.81664839312203,68,95.85411140302614,6,8,3,57,1,No,0,Paid Search,South
103246,Nov-2032,1299,139.79500268893943,1159.2049973110607,1332.9887597390818,1043.8064820495829,2.0,85.39851526147777,131,84.23020081519846,16,10,4,40,1,No,0,Organic,North
103247,Nov-2032,699,16.125010501207527,682.8749894987925,683.3328356179284,588.3750214057378,3.0,49.49996809305464,274,85.86739938549357,23,8,2,25,0,Yes,0,Affiliate,East
103248,Nov-2032,999,148.08246685393033,850.9175331460697,1035.8760756574295,614.7201343308661,7.0,131.1973988152036,174,81.81257101734504,25,13,1,37,1,Yes,1,Referral,West
103249,Nov-2032,999,187.7280504872618,811.2719495127382,1034.7247607776044,692.1072463075611,7.0,14.164703205176998,53,81.7626848726968,15,11,1,3,3,No,0,Organic,South
103250,Nov-2032,1499,247.51323646719334,1251.4867635328067,1441.5105803250997,986.8782899457442,11.0,99.60847358706246,177,75.23986607238146,6,11,5,4,1,Yes,0,Referral,West
103251,Nov-2032,1499,187.34192893202922,1311.6580710679707,1503.8493165584914,1236.2299976108134,0.0,75.42807345715744,236,31.01841601400887,12,11,5,4,0,No,0,Referral,West
103252,Nov-2032,499,26.82068685724964,472.17931314275035,510.9490349057384,400.8111507149927,3.0,26.36816242775765,195,80.87930432082655,11,10,2,57,4,Yes,0,Referral,East
103253,Nov-2032,499,85.75014355917365,413.24985644082636,508.1138288472952,233.21113558357615,5.0,105.03872085725018,287,56.32336697954886,11,11,3,41,2,No,0,Paid Search,North
103254,Nov-2032,499,74.86361625012935,424.1363837498707,479.22314336481503,349.9584764584535,4.0,14.17790729141717,201,23.63032828692334,7,8,1,1,0,Yes,0,Affiliate,North
103255,Nov-2032,1499,214.68636604869852,1284.3136339513014,1472.279493508452,1135.126698574091,0.0,,156,51.008511294466096,7,10,2,30,2,Yes,0,Affiliate,West
103256,Nov-2032,1499,217.63169438879606,1281.368305611204,1515.785261564328,1254.2585281519682,1.0,12.109777459235715,142,119.49110950234686,12,4,2,15,0,Yes,0,Affiliate,East
103257,Nov-2032,1499,233.35582656970445,1265.6441734302955,1511.6420427876951,983.3923383147542,15.0,57.251835115541354,80,63.85450340439156,10,3,3,45,3,Yes,0,Affiliate,West
103258,Dec-2032,999,186.12430256068237,812.8756974393176,1030.371272256843,629.3766556605042,8.0,63.49904177881341,107,69.97616693734204,24,8,1,31,1,No,0,Affiliate,North
103259,Dec-2032,1499,97.10394117223731,1401.8960588277628,1432.45624695745,1329.6087959089955,1.0,57.28726291876739,77,19.38148492278313,0,9,1,37,3,Yes,1,Paid Search,East
103260,Dec-2032,999,57.10316139297706,941.8968386070229,997.0376868219099,847.0300588409411,6.0,4.8667797660817484,186,24.998130416274993,24,11,1,50,1,Yes,0,Paid Search,East
103261,Dec-2032,499,133.17748423924297,365.822515760757,516.4125429686685,241.3233335182316,,64.49918224252539,222,56.466077004241164,16,15,5,5,1,No,0,Organic,South
103262,Dec-2032,499,161.7693504559671,337.2306495440329,523.6335631904205,224.01613133685333,5.0,38.21451820717955,139,44.974713349109955,30,11,1,43,0,Yes,0,Affiliate,East
103263,Dec-2032,499,300.4398704583574,198.5601295416426,480.46192868391654,79.6013587975132,2.0,88.9587707441294,98,39.58912726532682,18,11,4,21,1,Yes,0,Paid Search,North
103264,Dec-2032,699,159.3354177594038,539.6645822405962,709.1989406880508,339.9392427359297,9.0,64.72533950466651,160,19.667839798973606,12,11,3,35,0,Yes,0,Referral,North
103265,Dec-2032,699,32.886080296842366,666.1139197031576,664.1430558392736,652.712861394024,0.0,13.401058309133624,51,24.49800319025649,22,11,1,4,2,Yes,0,Affiliate,West
103266,Dec-2032,1299,229.45977693328422,1069.5402230667157,1279.4539188152628,969.5519233219853,0.0,99.9882997447304,55,11.989860779577425,14,12,3,7,2,Yes,0,Referral,North
103267,Dec-2032,1299,147.92979685629086,1151.070203143709,1291.8232081258511,980.0654192724319,5.0,96.00478387127721,78,33.16507994225775,28,12,3,58,2,Yes,0,Paid Search,North
103268,Dec-2032,1299,101.7534257359158,1197.2465742640843,1278.9778846797872,1079.8805226536365,4.0,57.36605161044785,203,,23,8,4,29,2,No,1,Organic,North
103269,Dec-2032,699,43.75192895641314,655.2480710435868,707.7031993986402,489.26550812395044,3.0,120.98256291963638,205,47.910939259779575,11,8,1,36,2,Yes,0,Organic,West
103270,Dec-2032,699,160.22244097334791,538.777559026652,665.1250518178276,294.9376400477897,7.0,138.8399189788623,56,116.77203814308297,20,9,3,35,2,Yes,0,Paid Search,South
103271,Dec-2032,1299,177.45814931753526,1121.5418506824647,1352.0325891565874,1078.4573052678063,2.0,13.084545414658315,83,5.5439149602691495,16,14,1,32,1,Yes,0,Referral,South
103272,Dec-2032,1299,30.46244350727403,1268.537556492726,1275.4265887595122,947.9410527585533,12.0,140.59650373417279,233,163.63750512487087,2,13,4,42,1,Yes,0,Referral,South
103273,Dec-2032,1499,239.32293458475303,1259.677065415247,1446.5892187003399,1237.7516255608564,0.0,21.925439854390646,286,81.9017766877194,6,6,5,52,1,Yes,0,Paid Search,East
103274,Dec-2032,1299,228.57561583811798,1070.424384161882,1290.3215426538136,928.7011440752499,2.0,111.72324008663213,187,54.088174353750496,1,12,5,11,1,Yes,0,Referral,South
103275,Dec-2032,1499,155.8695098871571,1343.1304901128428,1501.0965137101625,1037.3536974787921,12.0,125.77679263405072,161,22.813483043413605,1,8,5,50,3,No,0,Affiliate,East
103276,Dec-2032,999,151.40674295304493,847.593257046955,954.2467594359794,811.5654006273362,0.0,36.02785641961884,282,34.880401157678165,24,5,5,33,2,No,1,Affiliate,East
103277,Dec-2032,699,263.5245295997098,435.4754704002902,719.9056886795025,269.73653065740325,8.0,45.738939742886956,281,80.61125877450152,5,9,2,53,1,Yes,0,Referral,South
103278,Dec-2032,1299,194.10364425372381,1104.8963557462762,1329.8438693491744,1063.818632137225,1.0,26.07772360905122,106,26.759769344840507,3,13,3,41,1,Yes,0,Paid Search,North
103279,Dec-2032,699,65.72934612619675,633.2706538738032,699.8244978352665,602.317892717364,1.0,15.952761156439209,224,86.13576425536543,15,15,2,57,1,Yes,0,Organic,South
103280,Dec-2032,699,126.28220596798226,572.7177940320178,677.0488694349284,556.6951711673572,1.0,1.022622864660562,263,50.123450151392156,14,11,1,17,1,Yes,1,Organic,East
103281,Dec-2032,699,216.82192823232953,482.1780717676705,728.8180304596509,317.44854606533295,5.0,89.7295257023375,76,49.97255936381906,9,10,5,12,1,Yes,0,Organic,East
103282,Dec-2032,999,93.8785109198472,905.1214890801527,1028.3880995331056,666.6658218719026,8.0,118.45566720825019,88,80.72668898182496,13,14,1,1,0,Yes,0,Paid Search,East
103283,Dec-2032,499,38.216874145244574,460.78312585475544,485.71229563855917,351.9381329404961,4.0,48.84499291425939,199,17.996353380630346,8,7,4,56,1,Yes,0,Paid Search,West
103284,Dec-2032,1299,231.85651996067702,1067.143480039323,1329.6546071798298,976.3346780023392,4.0,30.808802036983877,168,38.8223061578535,14,12,3,23,4,Yes,0,Affiliate,West
103285,Dec-2032,499,295.06531250593355,203.93468749406645,479.10811404346987,72.23526428664007,6.0,41.69942320742638,196,45.43012324437541,6,8,4,7,1,Yes,0,Referral,South
103286,Dec-2032,499,272.52584883216144,226.47415116783856,479.96041115616026,154.96354302617658,2.0,41.51060814166198,149,77.9757470440184,6,11,3,14,1,No,0,Organic,South
103287,Dec-2032,499,257.19519746973367,241.80480253026633,496.235012307885,204.0123512737181,2.0,7.792451256548212,58,110.01060213553244,7,12,4,41,1,Yes,1,Referral,East
103288,Dec-2032,699,165.56926352057295,533.4307364794271,713.1006555866927,328.5336713560264,4.0,144.8970651234007,196,16.548444277006173,18,9,4,44,2,No,1,Referral,South
103289,Jan-2033,1499,26.531590837477268,1472.4684091625227,1561.5530272005813,1346.2854701828617,8.0,6.182938979660975,51,50.42502365859401,17,9,3,53,2,No,0,Paid Search,South
103290,Jan-2033,699,126.40519385121183,572.5948061487882,731.9221034192373,429.80446058151136,3.0,97.7903455672768,141,15.311599087896637,16,7,1,40,3,No,0,Paid Search,East
103291,Jan-2033,699,89.19228607430219,609.8077139256978,712.4144266431013,504.4569958485804,7.0,0.3507180771174774,238,50.082367081352366,17,11,4,7,0,No,0,Referral,West
103292,Jan-2033,499,306.0787303452904,192.9212696547096,513.1317133103543,90.60113857037749,5.0,,108,70.37383985747162,18,3,3,14,1,No,0,Organic,South
103293,Jan-2033,699,51.94646370308291,647.0535362969171,699.730083672968,508.2819036039356,5.0,63.7716326929815,280,34.9109008118061,20,10,3,34,2,Yes,0,Affiliate,South
103294,Jan-2033,499,85.99850879721564,413.00149120278434,476.84017745065705,306.43486498798336,1.0,91.566626214801,263,113.959979226652,7,12,4,2,2,Yes,0,Paid Search,North
103295,Jan-2033,1499,277.0342863168692,1221.9657136831308,1442.831618167971,1033.1609154485159,7.0,83.80479823461502,292,70.98621533815309,12,5,1,20,0,Yes,0,Organic,North
103296,Jan-2033,1299,43.75523485314531,1255.2447651468547,1360.1549269485038,1145.0350951930732,7.0,5.209669953781379,247,67.07212523398015,26,14,5,17,2,Yes,0,Paid Search,West
103297,Jan-2033,499,7.27168511694822,491.7283148830518,493.66075031716645,343.70050754294357,6.0,58.02780734010821,288,55.566311225584286,10,9,2,10,1,Yes,0,Affiliate,South
103298,Jan-2033,1499,182.15656125901614,1316.8434387409839,1539.7534024647061,1281.8263339057496,1.0,20.017104835234264,120,79.80759205651393,28,10,5,53,1,No,0,Affiliate,South
103299,Jan-2033,1299,212.44564980809744,1086.5543501919026,1262.6889579525878,917.0526008327728,7.0,64.50174935912982,119,120.28652406697888,18,12,4,5,1,Yes,0,Affiliate,South
103300,Jan-2033,999,141.39590457910086,857.6040954208992,1002.2878966981227,729.2899007548124,4.0,68.31419466608685,210,58.224251764563654,6,9,4,33,3,No,0,Referral,East
103301,Jan-2033,499,145.3100264476911,353.6899735523089,481.6691964367486,187.6736042024811,1.0,151.0163693498278,255,36.528418666924324,26,7,3,37,4,No,0,Referral,South
103302,Jan-2033,499,302.20535446733345,196.79464553266655,514.4055086325674,8.259969216144782,1.0,173.53467631652177,242,216.86917184203637,26,11,1,36,1,Yes,0,Affiliate,South
103303,Jan-2033,999,226.35821340727813,772.6417865927219,965.8396960121057,697.2510371416878,0.0,75.39074945103417,74,57.10721599600836,4,12,1,44,4,Yes,0,Affiliate,North
103304,Jan-2033,999,210.1403921433055,788.8596078566945,1019.5731071833711,628.7055868959537,6.0,70.15402096074075,119,45.13604316823312,4,10,4,46,1,No,0,Referral,South
103305,Jan-2033,499,243.07757913524912,255.92242086475088,481.5803914336488,-23.624096809476328,8.0,159.5465176742272,205,76.8453748305486,29,12,1,58,0,Yes,0,Affiliate,North
103306,Jan-2033,999,113.92916703736586,885.0708329626341,1030.834571121804,346.88460515853467,,268.18622780409936,195,8.13834062535971,7,11,2,11,2,Yes,0,Referral,West
103307,Jan-2033,699,410.77987969716247,288.22012030283753,699.2038920297841,-11.257356329553545,9.0,164.47747663239107,112,15.422201099156597,9,11,1,21,2,Yes,1,Affiliate,South
103308,Jan-2033,1299,126.90378219989799,1172.096217800102,1287.6242601297627,1016.3653446484175,3.0,110.73087315168462,268,6.025522436616934,4,9,1,4,3,Yes,0,Affiliate,East
103309,Jan-2033,1299,324.95052289425377,974.0494771057463,1277.7980017623063,918.2896726505362,0.0,55.7598044552101,98,7.757566190676786,25,11,3,25,0,No,1,Affiliate,West
103310,Jan-2033,1299,258.2529022491731,1040.747097750827,1323.3856157336295,897.2794680417147,1.0,128.4676297091122,172,21.36574093545266,14,12,4,41,0,Yes,1,Referral,West
103311,Jan-2033,699,179.7945901861025,519.2054098138975,670.2048562362594,409.620973882659,3.0,64.58443593123854,173,34.942781862124356,22,13,1,35,1,Yes,0,Affiliate,South
103312,Jan-2033,999,159.60347491225338,839.3965250877466,1034.5841287103192,681.8550585750205,7.0,52.54146651272607,243,33.596015559412656,15,8,4,35,3,Yes,0,Referral,South
103313,Jan-2033,1499,131.33360434354725,1367.6663956564528,1538.1605574906025,1304.925795047643,0.0,62.74060060880967,89,46.14578933688658,28,12,1,35,2,Yes,0,Organic,North
103314,Jan-2033,999,282.41323055560906,716.5867694443909,986.3075160000881,405.73381979392957,15.0,85.85294965046137,134,64.293889635497,27,12,1,39,2,Yes,0,Organic,West
103315,Jan-2033,499,145.21626312001393,353.78373687998607,522.8339428492435,159.85462729531685,3.0,148.92910958466922,136,36.05888626636703,9,13,1,33,1,Yes,0,Referral,North
103316,Jan-2033,1299,62.65383125722954,1236.3461687427705,1342.1347911764435,1099.1011931849173,4.0,77.24497555785312,296,65.9431366800624,23,11,3,13,1,Yes,0,Affiliate,North
103317,Jan-2033,999,258.2379462386018,740.7620537613982,976.1049830588202,618.7788429525058,3.0,76.98321080889238,243,119.56153778893575,7,8,1,4,1,Yes,0,Paid Search,South
103318,Jan-2033,1499,340.17194808718295,1158.828051912817,1557.1217235063427,1031.7085373739028,3.0,82.11951453891433,129,180.69541314060595,18,8,5,57,1,No,0,Paid Search,West
103319,Jan-2033,499,81.26029476945041,417.7397052305496,478.98867818848316,393.56140871846344,0.0,24.178296512086167,53,133.94817351579553,3,9,2,44,1,No,1,Affiliate,East
103320,Feb-2033,699,432.85101969243834,266.14898030756166,712.2510635889062,110.48199195418448,3.0,110.66698835337718,83,164.76378967835015,13,11,1,40,2,No,0,Paid Search,North
103321,Feb-2033,699,25.592244296443027,673.407755703557,673.2309151549872,501.5041488443791,,171.9036068591779,296,46.96847513873835,28,9,5,51,1,Yes,0,Referral,West
103322,Feb-2033,1499,34.764206818157675,1464.2357931818424,1570.341107499346,1275.9349512971341,9.0,53.300841884708184,54,9.144788859611785,7,12,4,56,2,Yes,0,Referral,West
103323,Feb-2033,499,0.6132336608864648,498.38676633911354,476.52998145135683,322.95704726778564,11.0,10.42971907132791,290,,20,13,3,38,2,No,0,Affiliate,West
103324,Feb-2033,1299,150.10188629575504,1148.898113704245,1264.2857620870761,1073.0557007014631,1.0,60.84241300278171,275,19.56812891750609,13,10,4,42,2,Yes,0,Paid Search,South
103325,Feb-2033,999,3.5661941962360686,995.4338058037639,1002.0099125285825,830.3580036607299,5.0,90.075802143034,199,47.47022660736565,11,9,3,45,1,Yes,0,Organic,South
103326,Feb-2033,499,11.00879233789371,487.99120766210626,503.18972689214,328.8537266105134,4.0,99.1374810515929,287,15.19929282913029,0,13,4,30,1,No,0,Affiliate,South
103327,Feb-2033,699,67.37399428996594,631.6260057100341,699.9027158621534,492.51032646709973,4.0,79.11567924293432,197,54.62309095785754,22,12,4,27,2,No,0,Organic,North
103328,Feb-2033,1499,166.6146810233207,1332.3853189766792,1534.9906455554942,1256.2351101440815,3.0,,152,25.563810123246604,18,13,2,35,1,Yes,0,Affiliate,South
103329,Feb-2033,1499,178.18243187610133,1320.8175681238986,1424.2830817150616,1173.6473064261686,5.0,72.17026169773001,224,25.37353456192923,17,7,2,28,1,Yes,0,Organic,West
103330,Feb-2033,999,298.9436735292102,700.0563264707898,1005.3752524499535,557.9051753534046,9.0,7.151151117385197,291,109.99009012022461,11,9,2,41,0,Yes,1,Paid Search,West
103331,Feb-2033,1499,296.1778527833896,1202.8221472166103,1516.2317752987626,1090.959217764568,7.0,6.862929452042309,254,55.80108173254965,9,7,4,42,1,No,1,Referral,South
103332,Feb-2033,1499,272.9533576917124,1226.0466423082876,1455.3903093217268,1121.3427964303457,5.0,29.70384587794193,285,49.67545094442349,20,11,3,45,1,Yes,0,Paid Search,North
103333,Feb-2033,499,118.60593947211294,380.39406052788706,506.9409226120421,261.5230108305538,6.0,28.871049697333277,83,91.3960357586551,0,10,2,48,0,No,1,Organic,South
103334,Feb-2033,1299,70.94181335959053,1228.0581866404095,1319.0021827370472,1075.6228649088298,4.0,92.4353217315797,221,64.9816743428293,13,8,3,55,1,No,0,Organic,South
103335,Feb-2033,999,73.59772779647932,925.4022722035206,1002.012515208797,881.943826151731,1.0,28.4584460517897,55,,8,11,3,8,1,Yes,0,Affiliate,West
103336,Feb-2033,499,272.12758513317755,226.87241486682245,486.9885294821289,72.36127731293547,10.0,4.511137553886975,233,44.39521826904837,25,13,1,26,0,No,0,Organic,West
103337,Feb-2033,1299,251.25053660488442,1047.7494633951155,1288.1615855867215,943.7963811157289,,58.95308227938668,78,86.09963059929,29,11,5,43,2,Yes,0,Referral,East
103338,Feb-2033,499,75.99546450671441,423.0045354932856,487.6450845936457,304.3196028177841,1.0,103.68493267550149,274,9.96686674877688,14,14,4,34,1,Yes,0,Referral,South
103339,Feb-2033,499,22.88835015569299,476.111649844307,512.4592662647124,310.5321035884876,2.0,135.57954625581942,102,43.763864490567585,20,3,5,51,1,Yes,0,Paid Search,East
103340,Feb-2033,1499,24.34187721970902,1474.658122780291,1516.7781611796665,1427.7270232775554,1.0,31.931099502735634,50,61.32791246539757,21,13,4,29,0,Yes,0,Referral,West
103341,Feb-2033,1299,170.9633162639433,1128.0366837360566,1253.6926412040855,1043.0092549151125,3.0,40.0274288209441,288,34.81977014686916,22,10,3,55,0,Yes,0,Referral,North
103342,Feb-2033,999,171.18731998259244,827.8126800174075,1005.7542637462943,713.2076930615386,6.0,24.60498695586884,108,45.11799612171279,13,17,5,2,1,Yes,0,Affiliate,North
103343,Feb-2033,999,275.10375277523997,723.89624722476,1039.2855582666919,655.239106185839,2.0,38.65714103892108,225,93.86477182468478,8,6,1,6,1,Yes,0,Affiliate,East
103344,Feb-2033,1299,95.95746513510048,1203.0425348648996,1342.2305054633728,1014.4099684457715,6.0,98.63256641912824,295,,10,9,5,48,1,Yes,0,Organic,West
103345,Feb-2033,1499,120.7156765798029,1378.284323420197,1557.6415902498782,1078.817313259575,8.0,179.46701016062204,56,61.10039868058373,4,8,5,16,2,Yes,0,Paid Search,East
103346,Feb-2033,699,285.03855671597273,413.96144328402727,728.1488527825113,294.7240052965411,7.0,14.237437987486132,263,123.82209362489434,11,14,1,7,0,Yes,0,Affiliate,East
103347,Feb-2033,499,105.01138816651616,393.98861183348384,483.44160766972806,197.99559703533998,6.0,,209,18.778407897211288,15,7,1,11,3,Yes,0,Affiliate,West
103348,Mar-2033,1499,188.09435363004314,1310.905646369957,1531.9228496398398,1142.9593332474985,4.0,107.94631312245839,127,,19,8,2,59,1,No,0,Affiliate,South
103349,Mar-2033,1299,109.89254656416773,1189.1074534358322,1317.7528095430632,1121.1978893176395,2.0,37.90956411819281,238,41.30765417126098,27,9,4,16,3,Yes,0,Organic,South
103350,Mar-2033,499,235.53117347444916,263.46882652555087,475.7161532566158,90.66084311966495,2.0,142.80798340588592,234,115.9517311246433,2,10,3,6,1,Yes,0,Referral,West
103351,Mar-2033,999,211.51279234336107,787.4872076566389,1026.7927246822353,688.7043488367092,5.0,23.7828588199297,100,71.06066799306062,4,11,5,37,2,No,0,Paid Search,East
103352,Mar-2033,699,66.44284267324014,632.5571573267598,678.5327897634766,532.725034008019,1.0,84.83212331874086,265,138.64379415341645,29,7,5,9,1,Yes,0,Referral,West
103353,Mar-2033,999,89.11981722252217,909.8801827774778,1040.6591904374227,875.7699854426787,2.0,4.110197334799118,196,10.592342749496245,25,6,3,3,2,Yes,0,Affiliate,East
103354,Mar-2033,1299,126.2370510657218,1172.7629489342783,1342.5526328917306,1080.2418008250495,0.0,,76,62.45057975776024,25,10,1,53,1,Yes,0,Affiliate,West
103355,Mar-2033,499,239.9989797914184,259.0010202085816,512.4177834225478,54.50416901525003,8.0,84.4968511933316,112,50.47952654829479,28,9,1,29,3,Yes,1,Affiliate,East
103356,Mar-2033,1299,178.77285840775568,1120.2271415922444,1324.5623121359279,885.2382440451571,6.0,144.98889754708728,237,2.4832005104937727,18,9,5,53,4,Yes,1,Affiliate,West
103357,Mar-2033,499,317.8214826542055,181.1785173457945,497.50707370565027,-210.66740044483174,13.0,196.84591779062623,110,24.922249977847333,4,11,5,8,4,Yes,0,Referral,West
103358,Mar-2033,1499,102.07199566073439,1396.9280043392655,1543.6468422404434,1273.6619430968963,0.0,123.26606124236933,110,18.96978129195204,23,8,3,40,2,Yes,1,Affiliate,West
103359,Mar-2033,699,259.72027171776307,439.27972828223693,721.3142855375864,335.6269177853451,0.0,103.65281049689183,264,70.47606788271949,17,8,3,17,0,Yes,0,Paid Search,West
103360,Mar-2033,1499,21.608874532303275,1477.3911254676968,1438.8122448508425,1413.645660917237,3.0,18.74546455045995,175,112.13239600956885,28,7,4,38,0,No,0,Affiliate,North
103361,Mar-2033,1499,174.5747757430758,1324.4252242569241,1473.6755869281778,1193.1719271433942,0.0,131.25329711353,94,37.17222330941949,3,17,1,44,0,Yes,0,Paid Search,West
103362,Mar-2033,1299,138.65832715586785,1160.341672844132,1275.1831086798272,931.4774258073448,5.0,153.8642470367872,198,18.189573056341093,23,7,2,6,1,Yes,1,Organic,South
103363,Mar-2033,699,81.99818939363693,617.001810606363,672.7606899014746,388.50711942084513,,198.4946911855179,221,14.853622432200698,14,12,2,47,3,Yes,0,Paid Search,South
103364,Mar-2033,499,23.901428905833583,475.0985710941664,522.7419437609127,400.06005840118735,0.0,75.03851269297905,270,143.58167511822197,29,18,3,11,1,Yes,0,Organic,North
103365,Mar-2033,499,257.772647218394,241.227352781606,503.1713634950266,90.7387214617413,8.0,30.488631319864666,178,27.743666923838568,4,7,4,10,0,Yes,1,Organic,West
103366,Mar-2033,999,294.9896008252269,704.010399174773,1007.9708153137904,453.78137938610075,6.0,160.2290197886723,144,0.6953103456690167,7,7,5,2,0,No,0,Paid Search,South
103367,Mar-2033,499,162.6505535239033,336.34944647609666,493.13456115408417,122.9428028977938,5.0,138.40664357830286,140,30.535610953125012,15,7,3,53,0,No,0,Organic,West
103368,Mar-2033,1299,128.09771164582017,1170.9022883541797,1333.9021457489073,1057.9166701736947,0.0,112.98561818048515,93,10.235398388124437,21,9,3,29,1,Yes,0,Referral,West
103369,Mar-2033,1499,157.5250048683027,1341.4749951316974,1495.3499189252193,1175.242206727274,7.0,61.23278840442344,277,52.33940755707218,0,10,3,6,2,No,0,Paid Search,East
103370,Mar-2033,1499,71.64885073184068,1427.3511492681594,1535.3128782296415,1237.926994931867,8.0,69.42415433629226,111,48.43921375076441,4,10,2,51,2,Yes,0,Referral,South
103371,Mar-2033,1499,217.5115138114083,1281.4884861885917,1555.6646056213103,1083.1349838192189,8.0,78.35350236937276,110,36.9095614651987,25,4,3,49,1,Yes,0,Referral,East
103372,Mar-2033,699,34.72463833937269,664.2753616606274,709.9690640686944,612.9659358049223,1.0,36.3094258557051,268,12.153744005871774,30,9,4,9,1,Yes,0,Organic,North
103373,Mar-2033,499,21.230624588376884,477.7693754116231,505.1439716871441,295.4445080526739,3.0,137.32486735894923,128,47.16403443872446,17,8,2,2,0,Yes,0,Referral,West
103374,Mar-2033,1299,55.048661843183766,1243.9513381568163,1336.2705436714393,1068.372641983706,8.0,55.578696173110316,138,41.33743268357806,15,15,4,4,0,No,0,Affiliate,North
103375,Mar-2033,699,214.9626517177835,484.0373482822165,699.210452256979,398.04192982542554,4.0,25.995418456790958,161,45.1463418760223,22,11,2,57,2,Yes,1,Organic,South
103376,Mar-2033,999,113.70121715481078,885.2987828451892,1030.1329942542848,881.7459975423544,0.0,3.552785302834721,256,33.43167961307655,29,8,4,41,2,Yes,0,Referral,East
103377,Mar-2033,1299,313.2468473643687,985.7531526356313,1246.0655983260704,894.6641008608382,3.0,46.08905177479316,281,81.90993591524308,9,7,1,40,3,No,0,Organic,East
103378,Mar-2033,1299,246.39717076542107,1052.6028292345788,1265.4763060285409,996.569266767746,0.0,56.03356246683295,260,97.7990353427984,3,8,1,30,3,Yes,0,Referral,South
103379,Apr-2033,1299,53.86881893251851,1245.1311810674815,1354.1549244214173,1119.9468770028893,1.0,110.18430406459213,160,14.817118794531442,17,7,2,4,2,Yes,1,Organic,North
103380,Apr-2033,1499,226.01589484783443,1272.9841051521655,1449.7120056647063,1128.8502886958308,0.0,144.1338164563346,99,77.8617020460935,16,6,1,1,2,No,0,Organic,East
103381,Apr-2033,1299,101.01515662175778,1197.9848433782422,1292.9031417166964,1149.546181319593,,3.438662058649143,252,101.81071727497482,20,7,5,43,1,Yes,0,Affiliate,South
103382,Apr-2033,499,206.7816594028756,292.21834059712444,498.0380262242828,165.52103974813696,7.0,21.69730084898748,90,192.69286369707663,26,5,4,11,0,Yes,0,Paid Search,West
103383,Apr-2033,1299,252.21265963115678,1046.7873403688432,1288.285600067159,926.6946060801755,2.0,90.09273428866767,82,55.49215330604882,25,7,2,7,0,Yes,0,Organic,East
103384,Apr-2033,1499,283.765752217526,1215.234247782474,1553.9996631348458,969.0256217740894,8.0,126.20862600838477,282,33.941407274057184,12,14,1,18,2,Yes,0,Affiliate,East
103385,Apr-2033,1299,174.24258838055002,1124.75741161945,1331.4407139667212,1015.0950230189578,2.0,79.6623886004923,264,87.5569355402743,7,9,2,8,1,No,0,Organic,East
103386,Apr-2033,999,342.0148423776262,656.9851576223738,1029.9896055108932,460.5825122682272,3.0,151.40264535414656,61,,7,9,5,30,2,No,1,Affiliate,South
103387,Apr-2033,999,202.95772272735263,796.0422772726474,1048.080434093981,405.689822484341,13.0,195.3524547883065,51,105.78260290892466,11,12,2,15,3,Yes,1,Paid Search,North
103388,Apr-2033,1499,166.20625913491568,1332.7937408650844,1570.1755764411535,1192.3926047002928,4.0,80.40113616479144,156,44.75803021976604,28,16,2,58,2,Yes,0,Paid Search,North
103389,Apr-2033,499,113.69827348080764,385.30172651919236,518.5660564173631,138.78038046438792,,171.52134605480444,198,25.576787089396976,25,5,3,10,1,No,1,Affiliate,North
103390,Apr-2033,499,74.2429175773959,424.75708242260407,502.2751281798409,135.87155850432976,9.0,153.88552391827432,191,52.93862506800169,17,14,3,46,4,Yes,1,Affiliate,South
103391,Apr-2033,699,200.38604712740468,498.6139528725953,685.111075767007,394.5698012250581,4.0,44.04415164753718,83,40.17776968300381,5,14,3,59,1,No,0,Organic,South
103392,Apr-2033,1499,162.0909164375981,1336.909083562402,1532.533373604365,1249.8067089653614,0.0,87.10237459704058,256,37.2976455111955,6,10,3,2,2,Yes,0,Organic,North
103393,Apr-2033,1299,181.29907207612678,1117.7009279238732,1357.3610041613554,986.8230127479528,2.0,100.87791517592038,134,6.2699533646443735,25,3,4,42,0,Yes,0,Affiliate,West
103394,Apr-2033,1499,207.689499306755,1291.310500693245,1572.4851176540749,1224.125212414267,2.0,37.18528827897808,241,100.5639809853059,16,15,5,51,0,No,0,Referral,South
103395,Apr-2033,699,180.7921773771658,518.2078226228342,706.914459694385,428.0946586183828,3.0,45.113164004451384,200,100.0790840935736,4,10,2,15,0,Yes,0,Referral,North
103396,Apr-2033,1499,391.59544883134214,1107.404551168658,1529.100301300475,999.892663221385,3.0,,134,68.84941910308206,21,11,5,22,1,No,0,Affiliate,North
103397,Apr-2033,1499,86.64421389862342,1412.3557861013767,1465.831313014072,1345.9613081052958,2.0,36.39447799608094,99,73.17417007102807,22,13,2,52,4,Yes,1,Paid Search,West
103398,Apr-2033,699,201.87520129436473,497.12479870563527,678.1401073612146,459.23812978897143,1.0,22.88666891666381,191,21.74648390519061,26,11,3,34,2,Yes,0,Organic,South
103399,Apr-2033,499,122.67681409815106,376.32318590184894,505.92810341182184,214.2289883427532,0.0,162.09419755909573,262,2.751442459285721,24,4,4,49,1,No,0,Affiliate,East
103400,Apr-2033,1299,145.3766536290289,1153.6233463709711,1263.295666863068,878.9574189200696,6.0,184.66592745090156,253,57.15231127051134,18,10,2,3,1,Yes,0,Referral,East
103401,Apr-2033,699,126.78326125578658,572.2167387442134,691.6846696227643,503.9301043615292,2.0,38.2866343826843,155,44.09672076337023,7,11,2,4,2,No,0,Referral,South
103402,Apr-2033,999,37.620353289775124,961.3796467102248,998.258296401393,753.2007936168121,3.0,163.17885309341273,95,56.18129307993107,25,8,1,25,2,Yes,0,Organic,South
103403,Apr-2033,499,141.98130493915033,357.01869506084967,520.5915337093787,-31.969928653331863,16.0,148.98862371418153,167,1.6356667213264673,18,11,4,57,0,Yes,0,Paid Search,West
103404,Apr-2033,999,146.8316974401954,852.1683025598046,1046.7081195243522,626.3752741498622,2.0,195.79302840994245,288,79.8825849290761,26,17,4,5,3,No,0,Paid Search,North
103405,Apr-2033,499,196.24294655272053,302.7570534472795,486.3804064839738,182.61580495275211,0.0,120.14124849452737,54,21.4573064955658,24,15,4,12,1,Yes,0,Affiliate,East
103406,Apr-2033,1299,86.3784749620597,1212.6215250379403,1251.194495252768,1155.5816737076532,2.0,27.039851330287114,115,17.40212388408897,7,7,5,53,1,Yes,0,Affiliate,West
103407,Apr-2033,1299,101.38885011156711,1197.611149888433,1263.2621926686622,995.9130018332928,11.0,36.69814805514008,199,153.84584550525142,24,13,3,55,1,No,0,Referral,West
103408,Apr-2033,1499,234.08323833719385,1264.916761662806,1501.8313789600109,1105.5747072775453,4.0,99.34205438526071,119,129.44656480816406,20,12,1,24,0,No,0,Affiliate,West
103409,May-2033,999,52.91297646226528,946.0870235377347,1027.263134172359,751.7127052735909,4.0,134.3743182641437,157,6.118485960677338,26,7,5,19,0,No,0,Paid Search,East
103410,May-2033,499,70.61435888511505,428.38564111488495,500.09733792490005,395.60093100855323,2.0,2.7847101063317012,51,26.450255283683884,24,16,3,32,1,Yes,0,Referral,North
103411,May-2033,1299,168.84376283117777,1130.1562371688221,1355.2643169540868,938.1515917035179,8.0,72.00464546530432,78,37.6248599608254,28,10,2,12,0,No,0,Referral,North
103412,May-2033,699,278.5018497081893,420.4981502918107,708.6053684273699,390.27499268424634,1.0,15.223157607564374,110,119.08608091567088,18,7,1,37,1,No,1,Paid Search,East
103413,May-2033,1299,232.70165707762635,1066.2983429223736,1296.8767075048909,940.9834945236971,1.0,110.31484839867647,149,84.45908781002233,6,12,5,55,0,Yes,0,Organic,West
103414,May-2033,699,171.0581034636364,527.9418965363636,717.893469616399,413.23451675615047,0.0,114.70737978021319,177,12.71145760031619,2,16,1,47,1,No,1,Affiliate,North
103415,May-2033,499,300.07744120185333,198.92255879814667,521.6397066320494,102.18875667488514,1.0,,248,52.18412731307453,5,10,3,27,1,Yes,0,Affiliate,East
103416,May-2033,1299,279.84206869978993,1019.1579313002101,1277.3272353776258,953.4337910782133,3.0,20.724140221996798,193,37.79433457023538,7,17,5,18,0,Yes,0,Referral,South
103417,May-2033,1299,110.29025667251273,1188.7097433274873,1269.772529144923,962.1442337280442,2.0,196.5655095994431,241,38.81970606539681,17,7,5,25,2,Yes,1,Referral,West
103418,May-2033,499,179.70260740044836,319.29739259955164,484.69642154654497,229.33821762385196,1.0,74.95917497569968,146,28.417687286192994,14,9,1,51,4,Yes,1,Affiliate,South
103419,May-2033,1299,184.85522671637287,1114.144773283627,1303.6304206264292,962.5254797122028,3.0,,146,38.02484265854351,23,12,2,23,2,Yes,0,Organic,East
103420,May-2033,699,139.58992455089165,559.4100754491084,696.7796207470416,533.957817555278,0.0,25.452257893830406,63,78.01049493352355,16,12,2,57,1,Yes,0,Affiliate,East
103421,May-2033,1299,286.10970850486535,1012.8902914951346,1266.1630429144686,905.6044917426124,5.0,32.28579975252223,92,41.91352450831257,3,7,2,57,1,Yes,1,Referral,North
103422,May-2033,999,131.74314799238743,867.2568520076126,1021.1443568687166,740.6963124219408,3.0,,253,45.20943142774213,6,9,3,3,0,Yes,0,Organic,South
103423,May-2033,1499,89.9665330794005,1409.0334669205995,1468.6527396681656,1297.7871926357566,6.0,21.246274284842954,220,84.85582372129183,29,18,1,2,1,Yes,0,Organic,East
103424,May-2033,699,160.98495088501852,538.0150491149815,716.930735877305,492.3961908218074,1.0,30.618858293174075,119,65.9727153012367,16,6,3,11,0,Yes,0,Organic,North
103425,May-2033,999,54.203534115154625,944.7964658848454,1032.8549195938429,843.7594127954995,2.0,71.03705308934579,104,85.41542408336993,21,5,3,46,1,No,0,Paid Search,East
103426,May-2033,499,7.850149056411851,491.14985094358815,517.2720104998469,239.08948921451218,11.0,87.06036172907596,253,22.019981774665425,25,14,2,53,2,Yes,0,Referral,South
103427,May-2033,699,145.15246184802774,553.8475381519722,674.2879274280889,410.8007746414569,9.0,8.04676351051529,294,49.18033467215726,5,9,2,37,0,No,1,Referral,East
103428,May-2033,1499,0.4427100555305401,1498.5572899444694,1469.9102139926442,1340.453574604247,3.0,113.10371534022244,80,47.93985626653878,29,11,2,30,0,Yes,0,Referral,East
103429,May-2033,1499,223.04216900026816,1275.9578309997319,1502.6218367786892,1227.4493797279547,2.0,18.508451271777187,125,,12,9,1,13,2,Yes,0,Organic,West
103430,May-2033,499,283.0125129856846,215.98748701431538,516.2446840853552,-185.93829079025915,11.0,236.92577780457452,251,36.38662345886484,6,17,1,40,0,Yes,0,Paid Search,East
103431,May-2033,499,146.26118896942563,352.73881103057437,494.0627722735761,220.4792548544674,5.0,57.25955617610695,217,126.45676695362779,8,13,2,6,0,No,0,Referral,East
103432,May-2033,699,31.91787404835098,667.082125951649,710.1747479203035,538.9201121009623,2.0,98.16201385068672,204,33.271223436542016,22,9,3,12,0,No,0,Referral,East
103433,May-2033,1299,184.36804514178402,1114.631954858216,1293.096480376881,1014.1219707867572,1.0,85.50998407145883,101,105.56792641234767,18,10,1,39,1,Yes,0,Referral,West
103434,May-2033,499,377.2170069705633,121.78299302943668,475.5277778342324,27.30917053315568,4.0,,177,168.4628161276966,19,11,5,43,0,Yes,0,Affiliate,South
103435,May-2033,1299,339.89767551894727,959.1023244810527,1275.14362450927,821.9028405718379,4.0,77.19948390921478,292,,12,10,3,8,2,Yes,0,Affiliate,West
103436,May-2033,999,18.729443188490762,980.2705568115092,1024.6463441672872,975.5288123479402,0.0,4.741744463568978,56,12.340349514885723,14,6,3,9,2,Yes,0,Paid Search,North
103437,May-2033,1499,23.181746816188593,1475.8182531838115,1533.5209369647018,1435.7721848423662,2.0,10.046068341445292,223,4.8713596907006265,16,13,4,4,1,No,1,Affiliate,South
103438,May-2033,1299,53.94437277599377,1245.0556272240062,1348.837814970307,1112.243012634978,0.0,132.81261458902821,149,104.50231266670889,4,10,1,37,1,No,0,Organic,North
103439,May-2033,1499,13.562465549961445,1485.4375344500386,1512.923379136938,1363.7586624065148,3.0,76.67887204352374,210,106.4486957054343,22,9,5,36,2,No,0,Paid Search,North
103440,Jun-2033,1299,180.1910962522356,1118.8089037477644,1333.6106827269966,1107.629284331519,0.0,11.179619416245231,268,18.930286593983325,18,10,1,32,3,Yes,0,Paid Search,South
103441,Jun-2033,999,83.19668697960898,915.803313020391,990.5250250271126,868.5649047890217,3.0,2.238408231369192,185,86.38644980280473,5,13,3,57,2,Yes,0,Affiliate,East
103442,Jun-2033,499,49.35959569384687,449.64040430615313,491.50008024457406,142.67727423375158,10.0,156.96313007240155,182,24.7241769522636,11,11,1,12,2,No,0,Organic,North
103443,Jun-2033,999,274.6931721019742,724.3068278980259,982.9998054412001,672.2199799867478,2.0,22.086847911278067,110,50.61035533890133,14,14,3,18,2,Yes,0,Affiliate,East
103444,Jun-2033,499,213.6111742905152,285.38882570948476,481.9863218844806,95.06264566151822,11.0,25.326180047966545,249,99.74854377420674,14,10,5,31,1,Yes,0,Paid Search,South
103445,Jun-2033,499,54.56431525845744,444.43568474154256,495.8954805649208,285.9362033581273,6.0,68.49948138341527,153,66.40665985459141,2,7,3,47,1,Yes,0,Organic,North
103446,Jun-2033,1499,267.80696090515625,1231.1930390948437,1545.5757208749276,1149.6501443789537,4.0,21.542894715890142,237,22.527972921860755,3,5,2,40,2,Yes,0,Paid Search,North
103447,Jun-2033,999,210.72416669544464,788.2758333045554,950.2635289374559,703.3261728432304,5.0,9.949660461324932,262,53.1743249353105,4,14,3,43,0,No,0,Affiliate,South
103448,Jun-2033,1299,213.3915909636447,1085.6084090363554,1308.7281230624196,950.3989517115674,2.0,105.20945732478802,201,35.839980151124344,5,6,2,46,2,No,0,Paid Search,South
103449,Jun-2033,999,81.54311712833174,917.4568828716683,966.3215217433084,708.1711542405545,2.0,179.28572863111378,56,85.64028965890843,5,13,5,39,1,Yes,0,Affiliate,East
103450,Jun-2033,1499,127.52349842461317,1371.476501575387,1535.6026172551058,1224.354234989024,8.0,27.122266586362812,238,64.99977053312432,16,5,5,29,2,Yes,0,Paid Search,South
103451,Jun-2033,499,86.72658338365403,412.27341661634597,481.0467577621583,393.13195240801457,1.0,4.1414642083314135,132,64.60191065369439,27,16,3,48,1,Yes,0,Referral,West
103452,Jun-2033,1499,254.03840070415504,1244.961599295845,1448.6403960947905,951.3514499338683,8.0,173.61014936197677,144,21.252456945206376,7,11,2,55,1,Yes,0,Organic,West
103453,Jun-2033,699,30.12875864384216,668.8712413561578,667.0287458293432,553.2447760877654,2.0,85.62646526839242,213,20.64029313838392,18,8,3,40,1,Yes,0,Organic,East
103454,Jun-2033,699,45.52451626872673,653.4754837312732,694.992693747958,576.0136159273992,2.0,47.461867803874,76,55.98836549122003,19,7,5,29,1,Yes,0,Referral,North
103455,Jun-2033,1299,43.903044676833986,1255.096955323166,1318.1669157859458,1213.3531113170377,0.0,41.743844006128356,173,94.02364232752967,23,7,2,27,1,Yes,0,Paid Search,East
103456,Jun-2033,1499,366.04813402845826,1132.9518659715418,1467.3396002754491,938.0743829204785,9.0,59.87748305106324,206,144.16379572239697,30,11,4,11,1,Yes,0,Affiliate,North
103457,Jun-2033,1299,69.75551222852556,1229.2444877714745,1239.4248531455426,1144.5962907853225,1.0,69.64819698615197,136,7.922530221271823,20,12,4,33,1,No,1,Referral,North
103458,Jun-2033,1299,263.07123282524674,1035.9287671747534,1355.200776682373,870.8859241355094,7.0,60.04284303924398,197,51.00040050185113,21,12,5,49,2,No,0,Referral,North
103459,Jun-2033,699,147.1209474140662,551.8790525859338,724.2002580929179,196.1531384688737,10.0,205.72591411706009,119,100.1634535019234,12,11,2,39,0,Yes,0,Paid Search,South
103460,Jun-2033,1299,50.50683438774249,1248.4931656122576,1294.169370293619,1203.6294406807265,2.0,14.863724931531017,253,79.92841775331453,28,11,3,18,3,Yes,1,Paid Search,East
103461,Jun-2033,699,28.7519936064363,670.2480063935637,721.5970794872118,591.296996072949,1.0,63.95101032061474,163,63.10385888254182,14,10,5,44,3,Yes,0,Organic,East
103462,Jun-2033,499,74.53726950192099,424.462730498079,514.0281705169203,371.42336198062225,0.0,53.03936851745673,125,99.0095001881828,16,9,5,20,3,Yes,1,Referral,East
103463,Jun-2033,1499,141.0646311868951,1357.935368813105,1508.2368989344998,1172.7930454944587,4.0,125.14232331864632,163,19.42061054176338,23,11,1,28,3,No,0,Paid Search,East
103464,Jun-2033,1299,222.2084527665809,1076.7915472334191,1302.4837433233763,921.3336047872442,10.0,5.457942446174968,52,,20,8,3,22,4,Yes,0,Organic,West
103465,Jun-2033,699,93.48099846115008,605.5190015388499,709.5566383723352,539.86431327964,3.0,20.654688259209905,283,103.65548144398288,16,11,3,32,2,Yes,0,Affiliate,North
103466,Jun-2033,999,88.99059098636165,910.0094090136383,1021.1908234666743,779.0771117389003,4.0,70.93229727473803,216,16.396255626403814,22,14,4,21,2,Yes,0,Paid Search,North
103467,Jun-2033,1299,44.26138261175112,1254.738617388249,1340.6726400596003,1080.777430503147,3.0,128.9611868851021,148,65.06642690628573,30,9,1,37,1,Yes,0,Organic,East
103468,Jun-2033,499,6.714943024773248,492.2850569752268,502.71720295556486,330.4532772563623,6.0,71.83177971886445,173,86.30475084116799,1,18,3,27,0,Yes,0,Organic,South
103469,Jun-2033,499,3.3229223702714705,495.6770776297285,511.2877561904772,387.5125613803841,1.0,93.16451624934442,260,91.79174135373746,27,6,3,38,2,Yes,0,Organic,South
103470,Jul-2033,999,268.5634701527521,730.4365298472479,967.5942005180867,545.9488743809517,0.0,184.48765546629622,94,7.074955565681229,21,8,4,26,0,Yes,1,Paid Search,West
103471,Jul-2033,699,86.53930984549534,612.4606901545046,716.2039690594014,318.40185651781667,6.0,204.05883363668795,175,29.041022765083905,29,13,1,23,0,Yes,0,Affiliate,South
103472,Jul-2033,1299,97.16689205330809,1201.8331079466918,1241.602528980773,1071.3105877183095,,25.522520228382362,117,2.2031425736305095,2,11,1,34,2,Yes,0,Paid Search,East
103473,Jul-2033,699,70.00649004229774,628.9935099577023,710.0763096261833,516.6637179580225,6.0,22.32979199967973,80,125.6625229828587,21,9,2,12,3,Yes,0,Organic,West
103474,Jul-2033,499,111.97724520868516,387.0227547913148,509.60391786661324,252.95226844687562,6.0,44.07048634443918,155,37.44616531629915,8,11,5,11,2,Yes,0,Referral,West
103475,Jul-2033,699,194.5289009188121,504.4710990811879,731.681566685133,307.41195265933254,5.0,122.05914642185537,87,19.521009616350895,5,5,2,36,3,Yes,0,Referral,North
103476,Jul-2033,499,91.57430145964537,407.42569854035463,495.09693941020674,292.9933749302444,5.0,39.432323610110245,274,17.62207372056043,0,11,1,32,0,No,0,Referral,South
103477,Jul-2033,699,171.6887864916685,527.3112135083315,672.0220780014827,454.21028122062734,3.0,28.100932287704218,183,30.3962430907406,21,6,4,39,2,Yes,0,Organic,South
103478,Jul-2033,999,320.18501873971684,678.8149812602832,982.4802309852216,437.99852737011577,7.0,135.81645389016742,57,103.77747959336979,18,9,2,37,0,Yes,0,Referral,South
103479,Jul-2033,1499,51.640318057535254,1447.3596819424647,1486.8870823735676,1273.8656591948777,8.0,53.49402274758708,77,21.979777572684878,3,13,4,43,0,Yes,1,Affiliate,East
103480,Jul-2033,999,97.26380760117493,901.7361923988251,1025.9717409120146,788.9832950089891,5.0,37.752897389836,64,137.34477122592784,12,10,1,16,6,Yes,0,Paid Search,North
103481,Jul-2033,999,226.92723232941705,772.072767670583,967.655206201429,721.9822267250512,2.0,20.090540945531714,272,12.598034019451571,19,12,4,42,2,Yes,0,Referral,North
103482,Jul-2033,1499,329.67554006183104,1169.324459938169,1449.5041673432981,1022.1620292610437,1.0,132.16243067712526,57,200.586603924617,24,11,2,31,3,No,0,Organic,East
103483,Jul-2033,1499,0.9227666548558489,1498.0772333451441,1456.99639185959,1428.3109825566712,0.0,69.7662507884729,103,30.975251238104825,7,11,1,41,2,Yes,0,Affiliate,West
103484,Jul-2033,1299,54.096482981739854,1244.9035170182601,1264.0485240367243,1195.841320948949,0.0,49.06219606931101,183,139.61443433114118,22,12,1,6,2,Yes,0,Organic,North
103485,Jul-2033,1299,149.92723789532502,1149.072762104675,1354.0498648982164,1005.1147809845429,3.0,98.95798112013202,78,125.82718828065413,4,5,2,13,1,No,0,Referral,North
103486,Jul-2033,999,137.53477236338347,861.4652276366165,965.070188105208,690.1053560052833,3.0,126.35987163133322,164,125.46357846496524,9,9,5,36,1,No,0,Affiliate,West
103487,Jul-2033,999,234.02031553993183,764.9796844600681,990.3082094350414,634.2398549518997,6.0,40.73982950816847,287,46.92016529996428,26,8,2,11,2,Yes,1,Organic,South
103488,Jul-2033,499,215.70724159452163,283.29275840547837,494.1742276507196,182.1392415239132,1.0,86.15351688156517,83,14.652143139880664,19,13,2,11,1,No,0,Paid Search,North
103489,Jul-2033,499,145.92441289508722,353.07558710491276,480.41600767652955,235.7928419276907,,12.282745177222061,56,59.85092383846936,28,7,3,48,1,Yes,0,Affiliate,East
103490,Jul-2033,1299,275.90578240401493,1023.0942175959851,1248.2052193967963,987.2463021314417,0.0,35.84791546454342,89,24.4718273412887,18,13,1,58,1,Yes,0,Organic,North
103491,Jul-2033,1299,68.2778814176808,1230.7221185823191,1352.2319266416725,1106.4699998245055,0.0,124.25211875781363,123,126.24910968642651,11,8,3,20,1,Yes,0,Paid Search,South
103492,Jul-2033,499,175.38969504921062,323.6103049507894,515.7850089932886,250.47767301135042,1.0,58.13263193943895,190,57.44335692420048,0,5,3,29,1,Yes,0,Referral,South
103493,Jul-2033,499,4.1151325422816285,494.88486745771837,520.6180613942732,441.6016579656273,0.0,53.283209492091075,111,51.1368991572849,8,10,3,19,1,No,0,Affiliate,East
103494,Jul-2033,699,144.94460685896183,554.0553931410382,686.2169274735854,333.014634016276,1.0,206.04075912476216,135,25.917165914423688,30,11,4,30,1,Yes,0,Paid Search,North
103495,Jul-2033,699,25.335796624803777,673.6642033751962,700.8524976613745,393.86134454051194,5.0,204.80285883468423,262,34.524754455218066,23,11,2,6,1,Yes,0,Affiliate,North
103496,Jul-2033,499,16.098774362843955,482.901225637156,486.81321323786887,332.65755375338665,8.0,30.24367188376936,165,75.92319187352709,15,12,3,56,1,Yes,0,Paid Search,South
103497,Jul-2033,699,355.13422049879046,343.86577950120954,691.4440613294407,229.29407816283089,4.0,54.571701338378645,114,66.77923464807003,16,8,4,17,2,No,0,Paid Search,North
103498,Jul-2033,1499,68.94450814266844,1430.0554918573316,1543.0940184966335,1236.9505460790972,2.0,163.1049457782345,90,86.3932031306239,17,11,4,18,0,Yes,0,Affiliate,South
103499,Jul-2033,1299,124.00179655022879,1174.9982034497712,1295.917861177425,1042.4295192038937,5.0,57.56868424587749,172,91.451327195639,13,14,1,36,1,Yes,0,Referral,East
103500,Jul-2033,1299,249.26581472696017,1049.7341852730399,1248.286412406497,931.7182698518002,2.0,,219,97.43436669585246,16,9,2,55,1,No,0,Paid Search,North
103501,Aug-2033,499,416.5626698027314,82.43733019726858,474.20917902151217,8.868725533132903,3.0,,165,17.030459222833745,0,14,5,18,1,No,0,Paid Search,South
103502,Aug-2033,999,171.2490050119258,827.7509949880742,972.6406489015931,756.6710413359181,1.0,56.07995365215613,115,69.18758460366809,29,11,2,43,0,Yes,0,Affiliate,East
103503,Aug-2033,499,178.1064151275231,320.89358487247694,483.19208314850425,67.790259204591,,148.10332566788594,165,65.68669782598036,24,8,4,12,0,Yes,0,Paid Search,West
103504,Aug-2033,699,154.7622458097299,544.2377541902702,719.5566033143788,396.29020244009587,9.0,12.94755175017432,270,12.0479748434481,20,13,2,42,1,Yes,0,Organic,North
103505,Aug-2033,999,276.8681285620995,722.1318714379005,1015.6462020227802,615.7847293696603,7.0,1.3471420682401316,188,72.31647800438955,14,9,1,56,2,Yes,0,Affiliate,South
103506,Aug-2033,699,201.80442782854783,497.19557217145217,722.6476851118471,266.5513801689475,8.0,110.6441920025047,150,124.73418996192294,18,9,2,3,1,Yes,0,Affiliate,South
103507,Aug-2033,1499,80.98946558485379,1418.0105344151461,1486.822606162624,1194.9050698521924,2.0,193.10546456295367,99,73.65620863674708,1,16,4,47,3,Yes,0,Paid Search,West
103508,Aug-2033,699,283.86140297144726,415.13859702855274,704.8460642361927,62.20467996425049,7.0,247.93391706430225,120,13.329356863988338,27,10,4,18,0,Yes,1,Paid Search,North
103509,Aug-2033,1499,94.53711409826076,1404.4628859017394,1486.612394957503,1338.3980320982914,0.0,66.06485380344795,212,24.557834357035887,29,15,3,16,0,Yes,0,Referral,East
103510,Aug-2033,1499,41.81953441007991,1457.18046558992,1457.208018620374,1275.749315691225,11.0,16.43114989869501,271,62.23022917455181,23,11,4,39,2,No,0,Affiliate,North
103511,Aug-2033,699,41.43894497226938,657.5610550277306,708.152751948338,595.0376261200073,2.0,32.523428907723314,129,,23,11,1,43,2,Yes,0,Organic,West
103512,Aug-2033,699,125.87182242903808,573.128177570962,691.2127120853797,380.40404353907763,5.0,,128,78.02603880829913,30,11,4,28,1,Yes,0,Affiliate,West
103513,Aug-2033,1499,162.36498789256663,1336.6350121074333,1461.4245700241597,1281.7656190252274,0.0,54.86939308220599,281,51.733124469907594,30,7,2,42,1,No,0,Paid Search,South
103514,Aug-2033,999,264.67551276584874,734.3244872341513,1042.8032902295136,599.1014972370514,1.0,120.2229899970999,69,95.80430991038766,13,9,5,9,1,Yes,0,Referral,South
103515,Aug-2033,1499,226.8979694137322,1272.1020305862678,1440.2112836359513,1178.7111827954873,5.0,18.390847790780562,205,40.05597731505747,21,9,4,20,0,Yes,0,Organic,East
103516,Aug-2033,1299,159.5821134247613,1139.4178865752388,1334.9559181080567,943.4556462208157,6.0,105.96224035442305,172,63.33426961754487,1,15,1,18,0,Yes,0,Paid Search,East
103517,Aug-2033,1499,271.38125897188223,1227.6187410281177,1506.425347779526,1131.9339595680885,4.0,,86,27.910416651112392,26,12,1,25,1,Yes,0,Affiliate,West
103518,Aug-2033,999,151.52854879571413,847.4714512042858,1025.2773303671884,741.0930124677363,3.0,61.37843873654945,52,176.3272804324909,14,9,1,58,1,Yes,0,Paid Search,East
103519,Aug-2033,1299,4.858323933593738,1294.1416760664063,1245.724309999721,1260.2409536304333,2.0,3.900722435972966,142,50.158899831058854,0,12,1,21,0,Yes,0,Affiliate,East
103520,Aug-2033,499,31.01427863730683,467.9857213626932,493.5316122849885,159.18223214468827,10.0,158.80348921800493,236,16.155221791997256,21,5,2,45,4,Yes,0,Affiliate,East
103521,Aug-2033,499,303.44252491267895,195.55747508732105,513.7722605304078,99.540085519086,3.0,51.017389568235046,150,105.62804125623227,0,10,3,26,0,No,0,Paid Search,South
103522,Aug-2033,999,119.42757496824743,879.5724250317526,1030.4763152194432,748.6708328691716,6.0,40.90159216258098,250,38.84202887762995,11,5,5,23,2,Yes,0,Organic,West
103523,Aug-2033,1499,125.91112131489976,1373.0888786851003,1542.307308595104,1150.6181600499867,2.0,192.47071863511349,204,101.91614601683668,21,11,3,10,2,Yes,0,Organic,South
103524,Aug-2033,699,507.8152192506029,191.18478074939708,716.0799846513962,9.106241931089954,2.0,152.07853881830712,81,,14,6,3,53,1,Yes,0,Affiliate,East
103525,Aug-2033,999,205.10801331725986,793.8919866827401,986.672108577778,671.434560945519,7.0,17.457425737221072,97,20.605607825233985,25,10,3,44,1,Yes,1,Referral,South
103526,Aug-2033,1299,124.97486154253603,1174.025138457464,1327.0836781074179,1085.6361008376016,5.0,13.38903761986245,95,49.38446820373566,17,15,2,13,1,Yes,0,Paid Search,West
103527,Aug-2033,1299,52.13538799838153,1246.8646120016185,1248.265562611646,1125.738636112619,2.0,91.12597588899952,163,15.11818791526378,14,12,5,53,3,No,0,Paid Search,North
103528,Aug-2033,499,344.0844681759859,154.91553182401412,482.1640819314119,-22.079166791216466,5.0,101.99469861523059,280,38.112545119150845,6,12,4,54,0,Yes,0,Organic,East
103529,Aug-2033,1299,295.65934448333485,1003.3406555166652,1304.1856606458373,753.1483578803025,7.0,145.19229763636264,144,92.95599064536698,11,7,4,37,0,Yes,0,Paid Search,North
103530,Aug-2033,999,232.17562948060765,766.8243705193923,1003.9556790656594,614.083590791741,6.0,62.74077972765133,96,70.85315085621338,9,7,5,56,1,No,0,Paid Search,East
103531,Aug-2033,1299,149.93283204278228,1149.0671679572176,1295.3345251580547,918.8036949396495,5.0,155.2634730175681,267,55.82135755487669,1,12,5,59,0,Yes,0,Organic,South
103532,Sep-2033,999,218.64146963296525,780.3585303670347,1022.4764520250706,698.2441143051952,4.0,22.114416061839492,89,39.02284947866834,1,9,1,12,1,Yes,1,Affiliate,East
103533,Sep-2033,699,132.1654729675377,566.8345270324623,703.4607107877321,320.0606243016082,6.0,156.77390273085413,180,130.6922619029853,5,10,3,59,0,No,0,Referral,South
103534,Sep-2033,499,33.20869074188019,465.7913092581198,477.32845800437354,386.55746262619095,0.0,,252,57.06301736694123,19,9,1,36,2,Yes,0,Affiliate,West
103535,Sep-2033,1299,264.76019178057754,1034.2398082194225,1349.2970788210926,965.1234744515871,2.0,39.116333767835386,165,28.30622362519716,5,13,2,3,1,Yes,0,Paid Search,West
103536,Sep-2033,999,143.92096121013478,855.0790387898652,1011.7903366513194,607.3978008358614,4.0,187.6812379540038,206,90.81805118489399,27,16,2,14,0,No,0,Referral,South
103537,Sep-2033,1499,212.63327575905453,1286.3667242409456,1558.2767251846929,1064.2837132601333,2.0,192.08301098081242,140,75.14330609885478,23,15,5,35,0,Yes,0,Affiliate,West
103538,Sep-2033,499,135.46521113282805,363.534788867172,495.4825487643166,305.507961600923,0.0,58.02682726624896,107,24.452468967347222,26,11,2,34,2,Yes,0,Referral,South
103539,Sep-2033,699,205.41832584562127,493.58167415437873,664.1783611964536,364.92483287472095,7.0,23.656841279657797,227,114.19765307218725,9,12,5,40,4,No,0,Organic,South
103540,Sep-2033,999,148.26087232107002,850.73912767893,1025.2423944386305,742.0234260423742,4.0,48.71570163655571,288,58.291822100362666,2,3,4,29,1,Yes,1,Affiliate,West
103541,Sep-2033,699,138.894017749255,560.105982250745,703.6143613588418,431.92774617694573,3.0,83.17823607379927,59,64.11997098141579,15,14,3,30,3,No,0,Organic,East
103542,Sep-2033,699,153.59875145730248,545.4012485426975,665.4239246546271,380.01639864815974,5.0,90.38484989453781,110,119.37202713351145,4,14,2,7,0,No,0,Affiliate,North
103543,Sep-2033,1299,505.3043628555655,793.6956371444345,1308.4323981110742,752.2742426880113,,26.42139445642318,298,,4,7,1,54,0,Yes,0,Organic,East
103544,Sep-2033,1299,246.28883831783244,1052.7111616821676,1354.9977466592609,902.8733019885623,3.0,104.83785969360531,276,25.824694313091367,9,8,2,2,0,Yes,1,Affiliate,West
103545,Sep-2033,999,460.3269500279427,538.6730499720572,969.9027740806807,532.169335424836,0.0,6.503714547221186,160,120.66435426931416,24,11,3,18,0,Yes,0,Affiliate,South
103546,Sep-2033,1499,149.02771031901804,1349.972289680982,1466.2844259187582,1125.5720269874525,10.0,74.40026269352943,170,24.060189248265086,22,9,2,26,2,Yes,0,Organic,East
103547,Sep-2033,999,112.91304367625752,886.0869563237425,1013.9365071105841,699.822106591263,5.0,111.26484973247942,110,51.204434529462844,12,11,5,17,2,Yes,1,Affiliate,West
103548,Sep-2033,1499,21.09635299494289,1477.903647005057,1547.1050443912768,1368.3921668786281,2.0,79.51148012642898,200,132.47078899618037,24,12,2,46,0,Yes,0,Organic,North
103549,Sep-2033,699,342.3877435947072,356.6122564052928,708.9072222840925,180.51215888702586,9.0,41.10009751826693,55,18.74393290234796,23,7,4,12,1,Yes,0,Referral,East
103550,Sep-2033,499,41.37781114210729,457.6221888578927,507.56800094139226,382.6835828328699,3.0,29.938606025022793,124,6.01172242750651,2,8,4,58,0,Yes,1,Referral,South
103551,Sep-2033,999,367.1472908864028,631.8527091135973,981.6870534466517,319.56436986688254,7.0,207.28833924671474,237,16.53435435363722,17,9,2,50,4,Yes,0,Referral,South
103552,Sep-2033,999,28.05740030756425,970.9425996924358,950.0520299280223,814.2311056493047,1.0,141.71149404313107,284,50.670582594268126,30,7,1,57,1,No,0,Affiliate,South
103553,Sep-2033,1499,256.3991842358912,1242.6008157641088,1549.9453110457066,1176.1751303597885,0.0,66.42568540432032,164,42.166669810907386,18,6,2,32,1,Yes,1,Organic,West
103554,Sep-2033,699,40.9208980168375,658.0791019831624,733.6175948890422,561.1230339427613,6.0,6.956068040401149,204,38.448013946448654,5,5,5,49,1,Yes,0,Organic,East
103555,Sep-2033,699,96.96531580912028,602.0346841908797,724.6123052666861,448.8349052285368,0.0,153.19977896234292,232,35.48056454199867,26,13,5,29,2,Yes,0,Paid Search,West
103556,Sep-2033,1499,152.64978353355892,1346.350216466441,1483.635702646137,1242.5101850467167,,58.840031419724156,80,23.74651778394682,27,4,5,48,0,No,0,Paid Search,East
103557,Sep-2033,699,78.30107811558153,620.6989218844185,688.6423573392262,588.8326305766242,2.0,1.8662913077942633,172,36.56845127562627,25,10,1,10,1,Yes,0,Referral,North
103558,Sep-2033,1299,129.68080777992478,1169.3191922200751,1358.7368550026913,1106.566051475056,4.0,2.7531407450191807,207,68.5428195703712,19,12,4,36,1,No,1,Referral,North
103559,Sep-2033,499,130.25458733053665,368.74541266946335,523.3708071838824,265.7964751981788,0.0,102.94893747128451,116,85.31067829998025,26,7,5,2,1,No,0,Organic,North
103560,Sep-2033,999,246.83202600360767,752.1679739963923,1010.2121991404655,520.9823626551872,7.0,126.1856113412051,62,73.84855363270682,0,13,5,37,3,Yes,0,Paid Search,South
103561,Sep-2033,499,100.41021467840895,398.5897853215911,499.72192978169323,192.74175266001265,7.0,100.84803266157843,108,35.84377658725234,9,7,2,14,0,Yes,0,Referral,East
103562,Oct-2033,999,82.44963263663229,916.5503673633677,1000.6325914734124,723.9458246461065,6.0,102.60454271726118,103,42.584579934947854,9,16,4,10,0,Yes,0,Organic,East
103563,Oct-2033,1299,300.55636173251474,998.4436382674853,1260.264685051976,882.7853058945194,6.0,25.658332372965937,153,93.12047391474538,28,9,5,40,1,Yes,1,Affiliate,West
103564,Oct-2033,699,217.49759079799136,481.5024092020086,714.9511688388089,475.0369435359195,0.0,6.465465666089102,70,92.20126667110377,24,14,5,1,0,Yes,0,Paid Search,South
103565,Oct-2033,1499,302.55435145524166,1196.4456485447583,1449.693055820566,1059.559142026166,5.0,61.88650651859238,92,,21,14,2,41,0,Yes,0,Paid Search,South
103566,Oct-2033,1299,241.0547225727222,1057.9452774272777,1261.2795038634642,909.5072494756176,7.0,43.43802795166009,60,38.725995543914145,0,10,2,55,5,No,0,Affiliate,West
103567,Oct-2033,499,19.978187158822692,479.0218128411773,507.6907398826031,403.95836794533346,3.0,,158,15.387454801740619,18,11,3,21,1,Yes,0,Paid Search,North
103568,Oct-2033,1499,229.30766053434917,1269.6923394656508,1554.3550165740805,1177.2723308788943,3.0,47.4200085867564,116,53.61278387272573,10,11,2,5,0,Yes,1,Referral,South
103569,Oct-2033,699,162.02313601113153,536.9768639888684,710.598131806636,416.7794903378198,1.0,105.19737365104861,215,76.91432121674384,26,11,2,9,1,Yes,0,Referral,South
103570,Oct-2033,1299,422.16735981515893,876.832640184841,1295.7431133388595,828.0633351740902,2.0,18.76930501075087,144,97.51022727181373,12,10,3,9,2,Yes,0,Paid Search,South
103571,Oct-2033,1499,246.25974989932917,1252.740250100671,1528.2664277146032,1030.7600838146413,3.0,176.98016628602957,201,32.478017889660464,16,10,5,18,2,Yes,0,Affiliate,North
103572,Oct-2033,1299,212.8040889213121,1086.195911078688,1293.1523794770685,961.0505970469676,5.0,50.14531403172032,155,60.51337511031432,27,11,2,56,0,Yes,0,Affiliate,South
103573,Oct-2033,1299,230.33091160095734,1068.6690883990427,1319.031588256038,857.7368169190734,13.0,15.932271479969302,100,82.92398197582011,24,8,1,5,0,Yes,0,Organic,North
103574,Oct-2033,699,206.2614649999948,492.7385350000052,718.5971054699953,458.5613986656045,2.0,4.177136334400686,253,50.193173312274155,19,8,3,16,0,No,1,Referral,East
103575,Oct-2033,999,203.01613532952877,795.9838646704712,950.5173842259724,635.1846392940222,3.0,115.79922537644903,238,,17,13,3,34,0,No,0,Organic,South
103576,Oct-2033,1499,118.04479567236979,1380.9552043276303,1456.876111216477,1313.9646993215463,0.0,66.99050500608404,95,69.42680560643142,3,11,5,57,0,Yes,0,Organic,West
103577,Oct-2033,699,214.25674644240007,484.7432535575999,713.1965682536504,418.85891040908916,3.0,20.884343148510794,92,5.482137697760235,14,15,2,4,0,Yes,0,Paid Search,South
103578,Oct-2033,1299,263.81600163272344,1035.1839983672767,1286.1909700578599,920.4022906054502,1.0,99.78170776182651,76,39.67430320367798,1,12,1,21,1,Yes,0,Paid Search,North
103579,Oct-2033,699,277.23936828385024,421.76063171614976,700.5480021102077,331.8212066238705,3.0,44.93942509227924,134,183.95425850469303,5,4,5,55,1,Yes,0,Organic,West
103580,Oct-2033,999,262.6940183524216,736.3059816475784,1017.4819559279643,631.0433835151507,,90.26259813242766,266,66.34325707900243,21,7,2,50,1,Yes,1,Affiliate,East
103581,Oct-2033,1499,330.96763753824865,1168.0323624617513,1502.9753999101206,928.1543099753135,8.0,119.87805248643771,207,187.27996110643602,30,14,5,37,1,Yes,0,Organic,West
103582,Oct-2033,999,284.747054796471,714.252945203529,1032.6598868986084,619.5262715761789,4.0,34.72667362735007,143,56.8955545285601,26,12,3,40,1,Yes,0,Affiliate,East
103583,Oct-2033,499,225.42214969209243,273.57785030790757,492.97007824262545,79.13282287290804,6.0,104.44502743499955,299,113.71730845765984,22,11,3,44,2,Yes,0,Paid Search,South
103584,Oct-2033,1499,12.760704040355762,1486.2392959596443,1527.7473246931527,1377.7350380984503,1.0,93.50425786119398,176,35.36229870661183,8,12,2,14,1,Yes,0,Affiliate,East
103585,Oct-2033,999,12.807801260509876,986.1921987394901,991.5466649146559,750.8651270342805,6.0,145.3270717052096,240,39.7708094879652,10,10,5,27,0,Yes,0,Referral,West
103586,Oct-2033,1299,120.22387160863791,1178.7761283913621,1302.8069894712453,1156.603559085777,,7.172569305585085,59,29.171258701361847,24,13,2,49,0,No,0,Referral,North
103587,Oct-2033,1499,155.61044232572624,1343.3895576742739,1441.0997483697438,1216.0114764795771,3.0,82.3780811946967,180,107.91351230386438,19,14,4,12,1,Yes,1,Referral,North
103588,Oct-2033,1499,317.7601837443914,1181.2398162556087,1548.6885617520595,1076.5051420849522,3.0,59.734674170656376,254,23.10604861226856,15,10,2,27,2,Yes,0,Paid Search,West
103589,Oct-2033,699,183.56482629546446,515.4351737045356,686.4138949803001,410.4778416568261,,59.9573320477095,109,8.45452475412096,24,12,4,56,0,No,0,Affiliate,North
103590,Oct-2033,1299,26.01524847082854,1272.9847515291715,1273.1765807376457,1164.5060277251866,4.0,48.47872380398478,76,99.23335648262875,7,8,3,34,1,Yes,0,Paid Search,West
103591,Oct-2033,499,126.69349026421963,372.30650973578037,478.47945987539583,239.95332031414947,1.0,117.3531894216309,259,21.065191026738724,27,13,1,4,1,Yes,0,Paid Search,North
103592,Oct-2033,999,30.377084564077393,968.6229154359226,999.6386548733209,830.0177460065114,2.0,108.60516942941118,172,89.19856603811152,16,14,3,43,1,Yes,1,Paid Search,North
103593,Nov-2033,699,54.22711939556828,644.7728806044317,693.2616514536819,579.9744753774745,1.0,49.79840522695721,222,41.58443415825488,30,13,1,44,3,Yes,0,Paid Search,West
103594,Nov-2033,999,90.10054849374768,908.8994515062523,958.9338780001423,820.6513090526238,5.0,13.248142453628503,111,251.65972265146974,22,16,5,51,0,No,0,Organic,West
103595,Nov-2033,499,36.50089631108774,462.49910368891227,511.55345937335665,398.4485063245812,4.0,4.050597364331054,201,165.42799138474612,22,12,1,2,2,Yes,1,Organic,East
103596,Nov-2033,499,57.30908071014284,441.69091928985716,477.3639275681312,343.8566674564549,3.0,52.834251833402284,95,295.8796509789515,30,8,5,42,3,No,0,Paid Search,West
103597,Nov-2033,1499,313.58790764333423,1185.4120923566657,1445.7909251580645,1057.6662855352404,4.0,67.74580682142536,175,18.77474524001112,25,8,4,42,1,Yes,0,Affiliate,West
103598,Nov-2033,499,223.71820081943747,275.28179918056253,497.0388171227451,22.598655529129644,14.0,42.6831436514329,255,49.90950825365421,3,7,5,32,4,No,1,Paid Search,East
103599,Nov-2033,999,241.67320136904047,757.3267986309595,984.789827473872,628.9831006844902,5.0,53.34369794646935,280,8.367239258443997,6,7,2,2,1,No,0,Paid Search,South
103600,Nov-2033,1299,145.9052691050454,1153.0947308949546,1269.8394122499817,887.4674272611649,16.0,25.627303633789747,221,71.80487276117138,10,10,2,58,2,Yes,0,Organic,South
103601,Nov-2033,1299,271.3326255206114,1027.6673744793886,1307.3041413662943,929.8338581114502,6.0,7.833516367938351,298,21.04794089140686,26,14,2,22,0,No,0,Organic,East
103602,Nov-2033,1499,251.7357981567341,1247.264201843266,1502.6410977975347,1016.0578422438421,12.0,51.2063595994238,112,52.33864841207345,10,9,3,19,1,Yes,0,Referral,East
103603,Nov-2033,999,221.82454973284334,777.1754502671566,992.2482200397774,419.28280219734427,7.0,252.8926480698124,53,3.9146476511506405,10,5,2,26,2,Yes,0,Organic,South
103604,Nov-2033,999,71.50031338294671,927.4996866170533,1026.5904208631325,828.0873818574285,1.0,84.41230475962487,65,4.368750724402407,25,8,5,20,2,Yes,0,Referral,South
103605,Nov-2033,499,96.95554219321494,402.0444578067851,498.9083963748653,161.06514924091255,6.0,150.97930856587254,228,24.028216880730973,25,6,5,36,0,No,1,Affiliate,North
103606,Nov-2033,999,276.9756118478843,722.0243881521158,1046.8317194948752,717.2977031793105,0.0,4.726684972805344,123,27.540464355733103,20,6,5,18,2,Yes,0,Referral,East
103607,Nov-2033,699,87.99195102588538,611.0080489741147,720.0966493147546,529.2570656692048,2.0,51.750983304909866,161,130.96101987610595,20,12,2,52,1,No,0,Affiliate,East
103608,Nov-2033,499,4.622896351734681,494.37710364826535,479.361823621398,316.0830384133079,2.0,148.29406523495746,150,36.686160234938484,14,11,4,50,2,Yes,0,Paid Search,East
103609,Nov-2033,699,85.67783102832261,613.3221689716773,683.20065674076,536.8867825423995,0.0,76.43538642927791,268,77.33858772105619,4,16,4,14,1,No,0,Paid Search,East
103610,Nov-2033,1499,337.1286818662943,1161.8713181337057,1504.3779811261827,1025.544503967624,7.0,31.326814166081707,225,7.437890151785841,5,8,3,20,2,Yes,0,Referral,North
103611,Nov-2033,1299,85.79560027300839,1213.2043997269916,1294.9585978345474,1038.5520308,5.0,99.65236892699147,242,64.16357962906494,22,14,5,45,0,Yes,0,Affiliate,West
103612,Nov-2033,1499,189.31857503840308,1309.6814249615968,1431.0925704312863,1145.4879943348833,8.0,44.19343062671342,246,60.852817745423366,4,15,5,24,1,No,0,Paid Search,East
103613,Nov-2033,1299,76.11744895542623,1222.8825510445738,1302.6567472542145,1173.3140050025586,3.0,4.568546042015178,254,86.55157463974045,8,9,3,47,0,Yes,0,Referral,North
103614,Nov-2033,1499,241.6110665382439,1257.388933461756,1514.7929289572894,1158.3267107284023,6.0,9.062222733353892,94,58.79419201279869,29,11,5,47,1,Yes,0,Affiliate,East
103615,Nov-2033,999,214.4159028843627,784.5840971156373,995.3402408132818,589.3523818748766,8.0,75.23171524076068,180,176.68834789802182,27,8,1,57,0,No,0,Paid Search,South
103616,Nov-2033,699,28.942168939843498,670.0578310601566,724.5927436387861,474.4187805872958,8.0,75.6390504728607,66,38.46847353058169,10,7,3,31,0,No,0,Organic,East
103617,Nov-2033,1299,182.1638384503176,1116.8361615496824,1306.3510099279392,996.8659555614104,4.0,59.970205988272006,260,22.42298003828418,24,10,5,52,0,Yes,0,Paid Search,South
103618,Nov-2033,499,51.9104264758281,447.0895735241719,513.2941641119211,264.0212813806457,5.0,108.06829214352622,214,89.64360378416313,29,15,3,36,0,Yes,0,Referral,South
103619,Nov-2033,699,83.51186430853085,615.4881356914691,705.0689705099074,489.4586602478157,7.0,,54,64.95265306280334,22,11,1,15,1,Yes,1,Referral,East
103620,Nov-2033,499,148.62793000411472,350.3720699958853,519.4244405417282,230.57381376279687,3.0,74.79825623308841,224,23.27959966914276,25,16,1,46,0,Yes,0,Affiliate,North
103621,Nov-2033,699,371.62390985549956,327.37609014450044,679.0217374294679,243.3390783718345,5.0,9.037011772665963,283,78.3395634244727,2,11,2,7,1,No,1,Organic,West
103622,Nov-2033,699,188.14949581190118,510.85050418809885,722.1844551484725,365.7517742018666,7.0,,93,109.4642412563307,19,12,5,49,1,Yes,0,Referral,East
103623,Dec-2033,1499,57.94966952843487,1441.050330471565,1491.2038092843036,1374.927794650356,2.0,,265,67.03472898644489,3,9,1,23,1,Yes,0,Organic,East
103624,Dec-2033,1299,111.93478769800797,1187.065212301992,1324.6650300501283,1119.6146277240944,1.0,52.45058457789764,284,58.76752853673908,22,12,1,29,0,Yes,0,Organic,East
103625,Dec-2033,1299,260.9036129331005,1038.0963870668995,1307.587185465199,914.3326094183709,4.0,,210,12.889382341436258,14,11,1,41,1,Yes,0,Affiliate,East
103626,Dec-2033,699,59.57797899120395,639.422021008796,671.6589227470527,283.21509694084904,14.0,146.206924067947,296,37.48058524810703,17,11,2,4,0,Yes,0,Affiliate,West
103627,Dec-2033,999,281.6374197601789,717.3625802398211,992.6650140673826,665.5564665529612,1.0,36.80611368685993,70,21.899787493094248,26,4,5,31,1,Yes,0,Organic,West
103628,Dec-2033,999,87.23384663431253,911.7661533656875,1016.3704620500281,852.8282549398501,0.0,,244,79.89565261609044,4,11,3,18,0,No,0,Organic,East
103629,Dec-2033,499,40.16170133854587,458.83829866145413,518.8803547518149,377.91441698521857,5.0,5.923881676235574,117,13.368026830086915,10,11,2,45,1,Yes,1,Referral,South
103630,Dec-2033,499,91.07964469166751,407.9203553083325,484.95112045881854,321.0942728000407,5.0,11.82608250829179,292,14.640108432468466,10,7,5,31,2,Yes,0,Organic,East
103631,Dec-2033,1499,43.95412849056834,1455.0458715094317,1477.291826110914,1348.7107719884739,0.0,106.33509952095775,81,19.841098578287266,3,6,1,47,0,No,0,Affiliate,East
103632,Dec-2033,699,110.70923773811535,588.2907622618847,689.2564878564692,497.0504550042351,4.0,31.24030725764953,73,26.172683189234494,15,7,2,36,1,Yes,0,Affiliate,East
103633,Dec-2033,499,140.09575328149694,358.90424671850303,500.21572238954695,212.77606478318347,2.0,116.12818193531957,293,17.7004242659035,25,6,4,18,4,Yes,1,Referral,West
103634,Dec-2033,499,141.92425459877285,357.07574540122715,517.113962752161,160.81883601964563,10.0,46.25690938158153,212,36.09851088023292,10,9,4,10,1,Yes,0,Affiliate,North
103635,Dec-2033,699,180.77541414439997,518.2245858556,691.6972726631914,461.71793475328644,1.0,41.50665110231358,195,39.111540658384584,24,9,1,7,2,Yes,0,Organic,West
103636,Dec-2033,1499,139.50309783293127,1359.4969021670688,1446.0565355910574,1339.0647585178378,1.0,5.432143649230994,116,100.20584132477826,0,13,5,38,1,Yes,1,Paid Search,South
103637,Dec-2033,499,429.5103748926987,69.48962510730132,499.3270447125751,-323.9815695511629,10.0,243.4711946584642,152,22.601129878514893,30,12,5,45,1,Yes,0,Affiliate,West
103638,Dec-2033,1499,170.20912119272367,1328.7908788072764,1429.6964721595675,1256.8278081552303,2.0,41.963070652045985,103,26.970093088167697,25,11,2,28,3,Yes,0,Referral,North
103639,Dec-2033,1299,15.175542733992614,1283.8244572660074,1278.7949365143845,1159.5981150054704,3.0,79.22634226053708,203,76.08076846015395,12,11,4,59,2,Yes,1,Organic,West
103640,Dec-2033,1499,15.610217315689994,1483.38978268431,1501.1334078943366,1352.325069124164,6.0,41.06471356014596,237,87.90316485839294,29,11,5,18,0,No,0,Affiliate,North
103641,Dec-2033,999,150.0365603218474,848.9634396781526,1000.7664017747417,721.9349506986391,8.0,7.02848897951349,174,55.22083302010359,18,12,2,31,0,Yes,0,Paid Search,West
103642,Dec-2033,999,97.74880589298354,901.2511941070164,1030.9199880083443,864.788365197977,1.0,21.462828909039416,166,75.74148630730505,5,8,2,54,0,No,0,Affiliate,West
103643,Dec-2033,1499,2.5824123403842805,1496.4175876596157,1544.1378703356638,1413.481017954659,3.0,37.936569704956696,265,7.957774332483666,26,16,4,9,0,Yes,0,Organic,West
103644,Dec-2033,999,142.93823008405644,856.0617699159436,977.285017843343,644.0724990809604,3.0,166.9892708349832,114,93.1975257828258,19,9,1,43,3,Yes,1,Affiliate,South
103645,Dec-2033,1299,144.69309247411897,1154.3069075258811,1273.1557232868731,1036.1339020691505,1.0,103.17300545673064,228,48.197854468398724,18,11,2,16,0,Yes,0,Organic,East
103646,Dec-2033,699,341.48324801960575,357.51675198039425,732.6683627917058,308.5024840632563,1.0,34.01426791713795,163,77.76057668718032,5,9,1,40,3,Yes,0,Paid Search,South
103647,Dec-2033,999,40.0692351453485,958.9307648546514,988.1594042253391,910.9123042763271,3.0,3.018460578324394,275,59.63162163607642,12,12,4,25,1,Yes,0,Affiliate,South
103648,Dec-2033,999,99.87266329101926,899.1273367089807,963.3181559811908,862.0629052730916,0.0,37.06443143588915,237,35.0676132273116,10,9,2,37,0,Yes,0,Paid Search,East
103649,Dec-2033,1499,341.1139666914758,1157.8860333085242,1522.5251124802032,950.4240980814615,1.0,192.46193522706275,236,67.01549327978047,18,10,3,30,0,Yes,0,Organic,West
103650,Dec-2033,1299,189.43034495167308,1109.569655048327,1265.682602128323,1060.3665794204333,2.0,19.203075627893597,125,,6,11,4,47,0,Yes,0,Paid Search,West
103651,Dec-2033,699,39.36543269767418,659.6345673023259,706.2266941215988,568.461344163446,1.0,76.1732231388799,66,199.17113458035516,11,14,4,58,2,Yes,0,Organic,South
103652,Dec-2033,1499,64.2321378586909,1434.767862141309,1547.159794313853,1316.3795973293359,,103.38826481197309,262,,15,5,3,2,1,No,0,Referral,East
103653,Dec-2033,1499,4.300949395840632,1494.6990506041593,1450.081542030097,1244.0483389107542,8.0,,198,91.49174305379296,0,12,4,5,2,Yes,0,Affiliate,East
103654,Jan-2034,1299,159.2727153208392,1139.7272846791607,1292.717260973921,973.5965423326954,0.0,166.13074234646527,244,63.55453452521782,24,14,3,42,1,Yes,0,Organic,West
103655,Jan-2034,699,273.7391981802805,425.2608018197195,690.8181353260882,388.4478624980372,1.0,21.812939321682343,157,,14,11,3,30,1,Yes,0,Referral,West
103656,Jan-2034,1299,345.70815307587907,953.2918469241209,1363.8703781924564,735.6422798530509,13.0,22.649567071070006,77,25.77871768529129,12,10,4,19,1,Yes,0,Paid Search,West
103657,Jan-2034,699,28.35380771217325,670.6461922878268,713.7931056525917,399.6637119082978,4.0,210.98248037952902,266,65.89780233322313,9,7,3,14,1,Yes,0,Affiliate,East
103658,Jan-2034,1299,254.2940684379996,1044.7059315620004,1244.7496830369791,947.0659533153528,0.0,97.63997824664762,93,48.436149869714896,17,3,3,27,1,Yes,0,Affiliate,South
103659,Jan-2034,1499,169.7175357360658,1329.2824642639341,1458.3165837787951,1196.0885522077217,6.0,43.1939120562124,247,10.09375779320986,3,9,4,30,1,Yes,0,Affiliate,West
103660,Jan-2034,1499,118.5683562195903,1380.4316437804098,1447.623278279709,1230.1622770339686,4.0,90.26936674644111,239,79.74686478966125,21,9,3,45,0,Yes,1,Affiliate,East
103661,Jan-2034,499,99.91943521448205,399.08056478551794,474.80971379983936,383.9605516692865,0.0,15.12001311623144,219,67.46839094596692,5,8,1,14,1,Yes,1,Paid Search,North
103662,Jan-2034,999,80.51182030736572,918.4881796926343,980.6035641665297,814.3901948877731,2.0,74.09798480486124,143,22.316691248760492,26,11,4,31,0,Yes,0,Affiliate,West
103663,Jan-2034,1299,226.55983548818952,1072.4401645118105,1276.1969827725734,984.6409435396967,1.0,72.79922097211383,273,103.41020587849238,7,9,4,36,4,No,0,Organic,South
103664,Jan-2034,499,8.262813101201886,490.7371868987981,485.7761710240169,269.003309816029,7.0,116.73387708276907,71,99.24224621076262,23,10,1,39,2,Yes,0,Affiliate,North
103665,Jan-2034,999,60.216502193075,938.783497806925,1004.3049074752083,819.9890693939094,6.0,28.794428413015623,299,16.557259227685087,19,11,5,50,1,Yes,1,Paid Search,West
103666,Jan-2034,1299,200.15815614639556,1098.8418438536044,1262.4266669791982,915.4076059696645,7.0,78.43423788393991,87,67.6985513283299,21,12,2,30,1,Yes,0,Organic,North
103667,Jan-2034,699,67.99626845389272,631.0037315461072,729.8304787273088,407.6766318236147,12.0,43.327099722492534,63,87.1026498932381,8,4,3,38,1,No,0,Organic,West
103668,Jan-2034,999,8.495273137763974,990.504726862236,1022.2229742729555,775.4631712769542,1.0,200.04155558528177,275,12.710434489407577,22,13,3,47,1,No,0,Organic,North
103669,Jan-2034,1499,296.23951909722473,1202.7604809027753,1442.247958838754,1021.2968057840883,11.0,16.463675118686886,284,5.839779352853175,28,12,2,11,2,Yes,0,Referral,South
103670,Jan-2034,499,164.64706554872754,334.35293445127246,487.46616752500955,161.9614061772022,6.0,82.39152827407025,160,40.80091313999036,7,8,3,17,1,Yes,0,Referral,East
103671,Jan-2034,999,70.53583594507523,928.4641640549248,1047.1955596475811,596.2752955078269,4.0,272.18886854709797,171,31.678844025544137,23,9,3,10,0,Yes,0,Affiliate,West
103672,Jan-2034,999,165.11953851642116,833.8804614835789,969.0484981965953,795.5664499471097,2.0,8.314011536469117,203,47.49579869453256,17,9,1,16,1,Yes,0,Referral,North
103673,Jan-2034,1499,230.3371605011684,1268.6628394988315,1441.5818828328486,971.06569620031,16.0,57.59714329852156,217,148.48509850037908,6,10,1,51,0,Yes,0,Paid Search,North
103674,Jan-2034,1299,284.9721469485212,1014.0278530514788,1264.2280605718388,913.400237724314,1.0,85.62761532716482,103,88.70182069779216,18,10,1,11,1,Yes,1,Affiliate,East
103675,Jan-2034,699,16.507778956825348,682.4922210431746,713.9485589718516,636.7327913037593,0.0,45.75942973941527,190,27.186858538434794,22,11,1,39,2,Yes,0,Referral,East
103676,Jan-2034,1499,27.019420450538632,1471.9805795494613,1501.6791425160366,1288.1634731087624,0.0,183.8171064406989,176,57.52960372161583,17,8,4,59,1,No,0,Referral,North
103677,Jan-2034,699,223.0011958414472,475.9988041585528,668.7727657154223,324.60351883930684,3.0,,271,52.684048801753455,0,11,3,28,1,No,0,Paid Search,North
103678,Jan-2034,1299,226.84950822001213,1072.150491779988,1281.0458908136884,956.0836416129963,2.0,86.06685016699169,68,97.64260067962101,10,10,2,21,2,No,0,Paid Search,South
103679,Jan-2034,999,11.276277812413952,987.7237221875861,957.7033893973882,856.6694100684057,,11.054312119180352,91,91.09249810961396,8,14,3,28,0,Yes,0,Referral,East
103680,Jan-2034,699,31.522718941344337,667.4772810586556,684.3687206262103,454.0227867939534,6.0,123.45449426470223,90,47.21620370460854,9,10,4,56,3,No,0,Referral,West
103681,Jan-2034,499,126.75032389662555,372.24967610337444,482.5810212385649,181.31826400741335,6.0,100.9314120959611,99,77.51851380314027,9,12,4,55,0,Yes,0,Referral,East
103682,Jan-2034,499,152.82914933166134,346.17085066833863,485.05666203877564,320.0520715117986,1.0,11.118779156540043,280,109.85148366227023,0,13,3,23,1,Yes,0,Referral,South
103683,Jan-2034,1499,156.23158527654377,1342.7684147234563,1540.6965932661888,1171.0028926019945,6.0,81.76552212146191,180,80.91875350371082,26,10,3,46,0,Yes,0,Affiliate,South
103684,Jan-2034,1299,13.11885680189269,1285.8811431981073,1335.8263087215598,1150.0285588096644,6.0,45.85258438844285,208,26.683234460835273,16,9,1,1,1,No,0,Affiliate,South
103685,Feb-2034,1499,155.01933246041855,1343.9806675395814,1533.8391677964908,1259.4200050524084,2.0,54.560662487172905,125,27.351377774941653,26,11,4,49,0,Yes,0,Affiliate,North
103686,Feb-2034,1499,63.91551661554689,1435.084483384453,1527.2185108726335,1225.6211621878513,4.0,149.46332119660173,192,10.336034240477721,11,11,3,54,3,Yes,0,Referral,South
103687,Feb-2034,1499,10.041884809160479,1488.9581151908396,1460.8002602143847,1274.9271546034174,6.0,124.03096058742229,231,25.789717742910803,11,8,2,13,0,Yes,0,Paid Search,South
103688,Feb-2034,499,148.68047419063575,350.3195258093642,496.04264269374363,248.73356341752412,4.0,41.5859623918401,230,28.53859983176398,18,8,2,8,0,Yes,0,Paid Search,North
103689,Feb-2034,499,136.44076443747815,362.55923556252185,497.00629032223964,252.22146598183457,4.0,50.337769580687265,222,3.9470088514477757,16,12,1,19,1,Yes,0,Affiliate,North
103690,Feb-2034,1499,246.20318859071722,1252.7968114092828,1504.225225247904,907.2096056621758,10.0,195.58720574710702,215,18.365914571762787,6,10,1,24,2,No,1,Paid Search,West
103691,Feb-2034,499,46.68379592838534,452.31620407161466,516.7816723102858,346.28690316516986,4.0,46.029300906444774,281,14.745583158237622,22,12,3,40,1,Yes,0,Organic,East
103692,Feb-2034,1299,178.22045243742966,1120.7795475625703,1349.482513214833,1026.6951069294387,0.0,94.08444063313165,255,34.49941947294787,10,11,2,49,0,Yes,0,Affiliate,North
103693,Feb-2034,1499,38.24102261143088,1460.758977388569,1456.4363033221014,1298.603234872621,3.0,117.15574251594816,148,54.25583008294998,23,7,4,59,1,Yes,0,Paid Search,East
103694,Feb-2034,499,117.01731873449717,381.98268126550283,495.60650435229485,283.4466877976423,3.0,53.53599346786055,257,24.985189573144154,1,14,5,37,1,Yes,0,Paid Search,South
103695,Feb-2034,699,205.64134019947866,493.3586598005213,674.3969020850715,433.67918342471273,1.0,44.67947637580859,99,135.75529611057067,15,7,2,25,1,Yes,0,Referral,East
103696,Feb-2034,1499,215.76254725429573,1283.2374527457043,1521.2115278094057,1165.4615998554054,7.0,12.775852890298921,201,17.979401340450504,22,12,4,43,1,Yes,0,Affiliate,North
103697,Feb-2034,1499,216.5800555162371,1282.419944483763,1509.8033205707632,977.8101209814386,10.0,154.60982350232433,194,3.032990843575729,8,9,2,26,0,Yes,0,Affiliate,East
103698,Feb-2034,1299,246.5250956700399,1052.47490432996,1344.5723988757152,887.060721934126,2.0,135.41418239583405,195,45.57045863201517,29,8,3,46,2,No,0,Organic,West
103699,Feb-2034,999,96.50521993770477,902.4947800622953,1000.8872784417715,572.0798157434962,1.0,315.4149643187991,91,85.15322015583229,26,6,5,42,2,Yes,1,Organic,West
103700,Feb-2034,999,209.4870526107557,789.5129473892443,1027.0811472455612,712.4787493351445,2.0,47.034198054099846,194,33.34921535071567,9,11,5,27,0,Yes,0,Paid Search,East
103701,Feb-2034,1299,374.24937150499466,924.7506284950053,1275.3699293610407,840.4593137668874,0.0,84.29131472811804,65,36.51182227859096,20,10,3,32,1,Yes,0,Referral,West
103702,Feb-2034,1299,93.9440820473005,1205.0559179526995,1324.2335253808678,1020.0660652624524,1.0,169.989852690247,134,164.87565138194228,9,13,3,44,0,Yes,0,Affiliate,West
103703,Feb-2034,1299,315.6237619077638,983.3762380922362,1239.2669476302228,978.0006282516836,0.0,5.375609840552656,265,90.1438841995875,29,7,1,3,3,Yes,0,Organic,East
103704,Feb-2034,999,255.17675466500424,743.8232453349958,964.1875639482658,528.5227769897316,2.0,,275,58.21796853179949,2,12,4,41,1,No,0,Affiliate,North
103705,Feb-2034,1299,118.04118811885829,1180.9588118811416,1292.111291834024,996.7664976401177,7.0,79.19231424102398,101,47.67940355845797,24,9,4,43,1,No,0,Paid Search,East
103706,Feb-2034,499,128.0549398586868,370.9450601413132,518.3060137778768,236.2093457857418,3.0,89.73571435557142,85,5.193019292021273,16,10,1,9,1,No,0,Referral,West
103707,Feb-2034,1499,164.20828316006634,1334.7917168399335,1556.7286070222362,1101.9219073594797,12.0,52.869809480453895,156,116.45438092932056,27,6,4,1,2,Yes,0,Organic,South
103708,Feb-2034,1499,248.41979928379206,1250.5802007162079,1513.80560713619,1187.0085639905196,4.0,3.5716367256882293,268,48.07128977401384,13,9,5,18,1,Yes,1,Paid Search,West
103709,Feb-2034,699,198.3161557840216,500.6838442159784,673.1291614679799,322.74232418065037,9.0,42.94152003532806,216,12.79280436724602,18,10,2,3,1,No,0,Referral,South
103710,Feb-2034,699,93.0002883338181,605.9997116661818,711.6494914835928,456.9244290862431,0.0,149.07528257993874,130,75.0845196187795,17,8,5,14,2,Yes,0,Paid Search,South
103711,Feb-2034,1499,99.84636021145536,1399.1536397885448,1450.564507419414,1356.3272288114192,0.0,42.82641097712563,202,92.50942506094397,17,15,1,32,3,No,0,Affiliate,South
103712,Feb-2034,499,230.66087507025827,268.33912492974173,491.5382140993524,-87.60435625860049,14.0,145.94348118834222,164,35.62560502304946,13,8,4,4,3,Yes,0,Affiliate,East
103713,Mar-2034,999,81.89972700524308,917.1002729947569,980.4373140565112,858.4641411412083,0.0,58.63613185354863,279,29.47531963773423,2,8,4,37,2,Yes,0,Paid Search,South
103714,Mar-2034,999,13.917564834011444,985.0824351659885,1037.4081282150953,919.0920617056602,1.0,50.990373460328335,91,42.322527204024524,9,10,2,21,1,Yes,0,Organic,East
103715,Mar-2034,499,101.70273663579849,397.2972633642015,508.65915098296216,340.65272751947845,2.0,26.644535844723055,198,24.363574726230873,22,5,2,42,2,Yes,0,Paid Search,North
103716,Mar-2034,999,4.3105680397152355,994.6894319602848,956.1485588678971,686.127467088377,12.0,128.56196487190778,117,,12,10,2,27,3,Yes,0,Referral,East
103717,Mar-2034,1299,188.10341133641896,1110.896588663581,1343.605943113343,1035.53837080623,1.0,60.35821785735118,266,45.905066416904944,21,5,5,5,2,Yes,0,Paid Search,North
103718,Mar-2034,1499,114.45741604592847,1384.5425839540715,1488.5671364269622,1300.938209368026,5.0,8.604374586045452,236,89.55949138568252,11,13,1,3,0,Yes,1,Referral,North
103719,Mar-2034,1499,244.22771765069467,1254.7722823493054,1537.1892094291911,1133.2059138725656,3.0,76.56636847673981,173,154.82550949520567,8,12,1,22,1,Yes,0,Referral,West
103720,Mar-2034,499,42.92610398648088,456.0738960135191,512.8062711357816,442.659872851735,0.0,13.41402316178413,79,48.07973382081984,25,9,1,20,0,No,0,Referral,South
103721,Mar-2034,999,70.57227405758422,928.4277259424158,1048.8182263647325,904.4348196219361,1.0,8.992906320479754,234,136.53576607090213,28,10,5,41,1,No,1,Paid Search,South
103722,Mar-2034,699,150.50392527950748,548.4960747204925,688.3013999582034,298.88419244084,7.0,144.61188227965246,82,16.926950098092785,26,10,3,44,1,Yes,0,Affiliate,North
103723,Mar-2034,699,155.1273756607147,543.8726243392853,724.4745876222933,461.62192721548047,3.0,37.2506971238048,152,86.84684979590179,9,8,4,2,0,Yes,0,Affiliate,South
103724,Mar-2034,999,233.28436865720664,765.7156313427934,977.7009853849008,454.94798722901385,6.0,220.76764411377954,267,35.117117024734,29,11,5,43,3,Yes,0,Paid Search,East
103725,Mar-2034,699,40.24937035277472,658.7506296472253,733.638256047369,399.92947925878866,10.0,108.82115038843665,266,195.54895782647355,18,11,1,1,0,Yes,0,Referral,West
103726,Mar-2034,499,93.83876579964007,405.1612342003599,494.5215363436105,333.89897153555734,4.0,11.262262664802577,102,26.992545138410257,15,11,5,23,0,No,0,Paid Search,South
103727,Mar-2034,499,210.88195930564436,288.1180406943556,506.99299503949936,136.36372202063535,9.0,16.75431867372029,193,57.92935612281807,28,12,5,48,3,Yes,0,Affiliate,East
103728,Mar-2034,999,113.82728872284127,885.1727112771587,1048.4015256739897,790.9119258662047,3.0,49.260785410954,226,9.351427084144415,20,12,3,25,0,No,0,Affiliate,South
103729,Mar-2034,699,196.19223022707513,502.80776977292487,678.0591807777512,314.3323400786735,6.0,98.47542969425139,265,32.60182603924632,30,11,2,26,1,Yes,0,Affiliate,East
103730,Mar-2034,499,241.67383388339067,257.32616611660933,505.18758833138054,178.7969479316689,4.0,18.52921818494042,182,99.04406501819872,24,10,1,57,1,Yes,0,Referral,West
103731,Mar-2034,499,10.039286721388777,488.96071327861125,523.8690125721579,357.71145197092187,0.0,131.24926130768938,295,84.52242535171189,2,11,5,3,0,Yes,0,Organic,North
103732,Mar-2034,1299,112.19724620579845,1186.8027537942016,1356.6704178484292,999.6878894892848,7.0,82.11486430491678,296,58.38449078088043,11,5,2,31,0,Yes,0,Organic,South
103733,Mar-2034,1299,329.11917798085767,969.8808220191423,1262.7242239119478,916.5496719229686,1.0,,155,87.41723954574785,7,10,4,27,1,No,0,Affiliate,East
103734,Mar-2034,499,229.17939572773776,269.82060427226224,478.97638551141716,147.87233098314724,3.0,76.94827328911501,280,44.57523863550756,24,7,4,13,0,Yes,0,Affiliate,East
103735,Mar-2034,999,203.63667275650397,795.3633272434961,991.6146623857938,706.9731830724685,3.0,43.390144171027565,126,145.9716035748638,26,18,4,47,1,No,0,Affiliate,West
103736,Mar-2034,1499,268.91511781493836,1230.0848821850616,1538.4769825529552,1059.6575081584624,3.0,125.42737402659911,143,8.628879176030603,14,14,5,33,1,No,1,Paid Search,West
103737,Mar-2034,1499,366.5454141135003,1132.4545858864997,1542.4275880778457,1109.87933598266,0.0,22.57524990383969,109,56.99713200727341,10,10,5,25,3,No,0,Referral,East
103738,Mar-2034,499,152.2240883782046,346.7759116217954,504.36065511654135,277.7244862295584,3.0,24.051425392236983,248,10.602943163093816,22,17,3,55,1,No,0,Referral,North
103739,Mar-2034,499,101.13731949335704,397.86268050664296,504.73290913438734,193.07600366340333,1.0,189.78667684323963,160,18.59555577679676,12,4,1,56,1,Yes,0,Referral,North
103740,Mar-2034,499,268.6246093168718,230.37539068312822,480.070896262575,57.66971850911415,10.0,22.705672174014083,258,30.43904043382049,5,11,2,59,2,No,0,Paid Search,West
103741,Mar-2034,999,127.50562368605881,871.4943763139412,993.1267800646058,803.538016022581,0.0,67.9563602913602,104,36.05489243785543,12,9,4,16,1,No,0,Organic,East
103742,Mar-2034,1299,38.637761037726804,1260.3622389622733,1308.8942709438788,1257.858677515367,0.0,2.503561446906417,140,45.176032057069285,10,10,2,47,0,No,0,Paid Search,South
103743,Mar-2034,499,85.19204964153087,413.80795035846916,508.16158169036663,336.85144574982513,3.0,31.956504608644018,212,45.668085044547816,5,8,3,38,0,Yes,0,Organic,South
103744,Apr-2034,499,187.47954984700573,311.5204501529943,478.6295407805167,193.49900038381998,2.0,88.02144976917431,246,28.737177917747776,5,9,4,26,0,No,0,Referral,North
103745,Apr-2034,699,96.04850371069429,602.9514962893057,712.3265057937713,380.38401447104815,8.0,102.56748181825759,91,48.844389027654806,4,7,2,54,0,Yes,1,Affiliate,East
103746,Apr-2034,999,105.00297030865036,893.9970296913497,1043.0827533472018,804.5466973646621,2.0,59.450332326687544,118,14.3586825694425,6,10,1,59,3,Yes,1,Organic,West
103747,Apr-2034,499,26.72210224257553,472.27789775742445,513.2831463103494,428.06474075672077,1.0,29.213157000703703,73,91.53955702265662,22,7,1,47,1,No,0,Affiliate,East
103748,Apr-2034,699,322.2439819443374,376.7560180556626,707.6589568444101,91.33954755766212,15.0,60.416470498000464,248,76.99817523391431,22,9,3,52,1,Yes,0,Organic,West
103749,Apr-2034,1499,108.88479363750346,1390.1152063624966,1438.6106414613962,1351.2249207323255,2.0,8.890285630171128,248,144.4790808679489,18,11,2,18,1,Yes,0,Paid Search,South
103750,Apr-2034,499,64.61868352617124,434.38131647382875,513.6883879114993,251.62113867071685,10.0,32.76017780311193,167,67.37362071823625,10,12,3,17,3,Yes,0,Referral,North
103751,Apr-2034,499,77.3852632073264,421.6147367926736,507.1314798885199,300.02758456592494,,76.58715222674869,232,73.67331630512443,5,11,3,46,1,Yes,0,Paid Search,East
103752,Apr-2034,699,246.30311699545734,452.69688300454266,702.4037160307454,263.73754840722006,4.0,128.9593345973226,191,72.63795620921744,24,9,3,54,3,Yes,1,Referral,North
103753,Apr-2034,999,218.7838294203795,780.2161705796204,1029.1841227642224,742.2948082631234,1.0,22.92136231649701,104,22.354892839594307,8,6,5,25,2,Yes,0,Referral,North
103754,Apr-2034,499,89.7774355028553,409.22256449714473,507.7076578120572,283.39866369122564,6.0,35.8239008059191,64,56.62459603388491,19,9,1,58,1,No,0,Referral,East
103755,Apr-2034,1499,153.8775645570504,1345.1224354429496,1494.4579184689035,1299.7158938280627,1.0,30.406541614886805,54,33.727369681343134,24,7,5,26,1,No,0,Affiliate,West
103756,Apr-2034,499,183.20453086229818,315.79546913770184,485.7552218190425,271.3508924187144,2.0,14.44457671898742,150,61.178906981454034,17,7,5,18,1,Yes,0,Paid Search,East
103757,Apr-2034,1499,65.51031689932734,1433.4896831006727,1499.6505916285791,1153.4493489301785,10.0,130.04033417049413,181,68.84878248623538,7,12,1,49,2,Yes,0,Paid Search,North
103758,Apr-2034,1299,34.874734486799156,1264.125265513201,1254.063785659496,1242.0473936071205,1.0,7.077871906080475,79,83.64459783441445,17,13,3,1,1,No,0,Referral,North
103759,Apr-2034,1299,211.80449033174932,1087.1955096682507,1241.8694170357087,954.8751309633915,6.0,42.32037870485924,261,72.37556445980297,4,10,2,46,2,Yes,0,Organic,East
103760,Apr-2034,1499,72.15190032020696,1426.848099679793,1459.1205329156815,1362.9046164900471,1.0,48.94348318974576,102,73.85944244006232,5,3,3,7,0,No,0,Referral,West
103761,Apr-2034,999,202.8418020460703,796.1581979539296,985.7233984685754,686.0478475392713,7.0,5.11035041465837,267,35.59379437484625,1,5,3,30,5,No,0,Organic,South
103762,Apr-2034,499,188.5231970697052,310.4768029302948,506.3255857078424,146.60733865551853,,73.86946427477628,122,70.16570416078099,24,8,5,33,2,Yes,1,Paid Search,West
103763,Apr-2034,499,156.69507615066138,342.3049238493386,498.96876890484145,270.00632967340414,0.0,72.29859417593445,79,50.92716554366596,21,8,2,25,3,No,0,Affiliate,West
103764,Apr-2034,1299,98.86474214523977,1200.1352578547603,1329.5453623812919,1105.6877773919002,1.0,79.44748046286006,285,109.9782664932881,23,13,1,25,0,Yes,0,Paid Search,North
103765,Apr-2034,1499,73.92861329810171,1425.0713867018983,1534.597686496783,1303.120257828356,3.0,76.95112887354236,289,38.66682670033361,3,9,4,27,1,Yes,1,Organic,West
103766,Apr-2034,499,13.389911395653144,485.61008860434686,509.28314884034114,373.5218991001411,2.0,82.08818950420573,263,11.202217955917067,18,4,1,35,0,No,0,Affiliate,South
103767,Apr-2034,499,76.23024547330934,422.7697545266907,501.3690530096736,300.67268992650247,3.0,77.09706460018819,153,26.523776300201636,3,8,2,43,0,No,0,Paid Search,West
103768,Apr-2034,999,218.2578013860225,780.7421986139775,1015.2870200477139,618.6390441295622,6.0,72.10315448441536,154,17.763989215501326,15,8,1,18,2,Yes,0,Paid Search,North
103769,Apr-2034,699,317.73908905487923,381.26091094512077,732.3721076857468,338.2380992098128,2.0,13.022811735307982,157,62.52605631946483,0,10,5,57,1,No,0,Organic,West
103770,Apr-2034,1299,300.1319210690782,998.8680789309218,1325.7310061110759,839.3695381389774,2.0,129.49854079194435,271,90.30295387036814,15,7,2,30,0,No,0,Paid Search,North
103771,Apr-2034,1299,167.4507619409856,1131.5492380590144,1330.4981578944544,1103.6351938003431,1.0,12.914044258671368,133,15.542840244705111,0,6,4,14,2,No,0,Organic,North
103772,Apr-2034,699,317.67528728179644,381.32471271820356,684.4043792028549,316.6661812997669,3.0,19.658531418436638,141,76.35516980826752,23,17,4,35,2,Yes,0,Organic,West
103773,Apr-2034,499,113.18188465670637,385.81811534329364,497.9014953056161,308.91316563841133,2.0,46.90494970488232,238,72.31413340215747,16,10,2,34,1,No,0,Referral,East
103774,May-2034,999,4.925601901808477,994.0743980981915,992.5271185916604,642.3173862515005,,246.75701184669106,120,139.6682164720806,4,13,1,20,1,No,0,Paid Search,East
103775,May-2034,999,380.5049303052331,618.4950696947669,984.3616764406235,445.9128713591298,4.0,,294,102.11635959047403,25,10,4,15,0,No,0,Affiliate,West
103776,May-2034,1299,213.9369943748124,1085.0630056251875,1293.7470228427335,867.6966495424376,3.0,172.36635608274986,117,26.529024096893906,15,13,2,7,1,No,0,Referral,East
103777,May-2034,999,34.155690064790406,964.8443099352096,1008.7923419529507,819.1311042914796,2.0,115.71320564373006,269,35.8614134260765,24,10,2,13,1,No,1,Organic,South
103778,May-2034,699,337.08582943648344,361.91417056351656,707.6815381262926,304.9201727667928,1.0,41.99399779672373,104,38.715757024211634,2,8,2,36,1,Yes,0,Paid Search,South
103779,May-2034,499,60.78930178694593,438.21069821305406,515.944769287803,358.9867171782817,2.0,49.223981034772365,148,126.40132270310312,9,14,3,40,0,No,0,Paid Search,South
103780,May-2034,699,86.89412907298401,612.105870927016,709.926938073586,492.9390514135513,0.0,119.16681951346467,146,145.98205426921666,17,12,1,53,2,Yes,0,Organic,East
103781,May-2034,1499,272.5659766899846,1226.4340233100154,1554.3692425322329,1096.5659434804445,4.0,69.86807982957087,120,70.31994382564129,20,14,2,34,1,No,0,Affiliate,North
103782,May-2034,1299,313.4048536388034,985.5951463611966,1319.3440339038186,943.6320104832027,1.0,26.963135877993896,122,12.513394037650025,27,9,2,13,0,No,1,Referral,West
103783,May-2034,999,29.91131658704839,969.0886834129516,984.022863416481,639.9714485750449,11.0,164.11723483790675,275,43.083179070521645,29,9,3,58,1,Yes,0,Organic,West
103784,May-2034,1499,326.5188914432134,1172.4811085567867,1518.6175641820596,1041.9026872889845,3.0,85.5784212678023,280,188.68110270731873,17,6,5,4,0,No,0,Paid Search,North
103785,May-2034,999,254.9084155691329,744.0915844308671,1021.8790585963004,500.07790610017025,12.0,64.01367833069686,219,52.1619609920138,25,9,3,13,1,No,0,Organic,South
103786,May-2034,499,54.03014256736307,444.9698574326369,508.2641538256729,349.39939689332107,4.0,35.57046053931584,275,,16,13,2,48,1,No,0,Referral,East
103787,May-2034,499,120.49124828597945,378.50875171402055,516.4606260597744,324.4897366319322,0.0,54.01901508208836,126,114.57353486040023,10,8,1,44,1,Yes,0,Organic,East
103788,May-2034,499,331.9363075888269,167.06369241117312,519.2383433150809,104.41319786858787,3.0,17.65049454258525,206,9.228921911340018,8,9,3,13,2,No,0,Organic,North
103789,May-2034,999,37.26739231299524,961.7326076870047,982.5376625105241,897.5454454761145,3.0,19.187162210890122,212,13.245855130619354,10,8,2,23,2,Yes,0,Affiliate,West
103790,May-2034,1499,315.6857251070663,1183.3142748929338,1435.880088260338,986.696733258508,12.0,16.617541634425812,222,123.09179869710466,25,6,1,29,0,Yes,0,Paid Search,East
103791,May-2034,499,251.568855340383,247.431144659617,506.80489405352114,139.65471465345715,1.0,92.77643000615984,251,79.05216501178298,26,8,3,33,0,No,0,Organic,South
103792,May-2034,1499,211.09689147248397,1287.903108527516,1440.578371486324,1180.9004299104795,0.0,107.00267861703654,271,77.06138874011444,8,12,4,23,1,Yes,0,Paid Search,East
103793,May-2034,999,165.8034826285209,833.1965173714791,1037.3598414483715,650.9250564872096,12.0,2.271460884269409,157,6.872395118676331,16,7,1,3,0,No,0,Affiliate,South
103794,May-2034,1499,386.41655789549736,1112.5834421045026,1547.2924701389618,989.6231811465866,7.0,17.960260957915935,139,28.68856024423949,19,18,2,32,0,No,0,Referral,South
103795,May-2034,999,404.1508320845883,594.8491679154117,1020.3314296109064,402.70552458617954,9.0,57.14364332923223,148,71.91213301290523,4,11,1,55,0,Yes,0,Organic,West
103796,May-2034,999,76.17242999788145,922.8275700021186,1041.574983508877,860.8893519512244,2.0,31.93821805089415,269,17.382828462787582,11,10,1,3,0,Yes,0,Affiliate,West
103797,May-2034,1299,223.46457446780005,1075.5354255322,1349.2950820715378,1000.7857751486013,3.0,29.749650383598592,206,67.94591341389638,17,11,2,12,4,Yes,0,Affiliate,South
103798,May-2034,999,374.9251796613398,624.0748203386602,1041.25104905123,491.5901366258697,0.0,132.48468371279048,293,17.89058963244115,26,10,4,56,1,Yes,1,Affiliate,South
103799,May-2034,999,55.79465027999876,943.2053497200012,1022.5209448908108,815.9814005428891,0.0,127.2239491771121,247,11.424578120627888,24,8,1,4,0,Yes,0,Paid Search,North
103800,May-2034,699,179.17674891742524,519.8232510825748,689.8051003194229,329.91771450273063,4.0,129.90553657984415,52,69.94273396421393,24,9,2,33,0,No,1,Paid Search,East
103801,May-2034,499,270.46505307389896,228.53494692610104,476.43246336312615,182.70898569581516,1.0,30.825961230285884,270,52.2865905894454,15,17,1,32,1,Yes,0,Affiliate,East
103802,May-2034,1299,91.78720859292827,1207.2127914070718,1242.0467195393715,964.9953872359561,14.0,32.21740417111572,234,43.60065409416466,8,12,5,17,1,No,0,Affiliate,West
103803,May-2034,1299,249.42662744374672,1049.5733725562532,1337.0796133142483,795.7219260909343,7.0,148.85144646531884,243,46.99693898333249,7,12,4,52,4,Yes,0,Organic,North
103804,May-2034,1299,19.38815719075228,1279.6118428092477,1258.9102781423248,1008.4365279957333,12.0,91.17531481351455,168,47.0278410363275,5,15,5,9,2,Yes,0,Organic,North
103805,Jun-2034,699,173.0797637946802,525.9202362053198,685.9352640433472,392.67613304786676,8.0,13.244103157453083,199,8.360843642224474,16,8,1,5,0,Yes,1,Paid Search,West
103806,Jun-2034,999,287.32138210701817,711.6786178929818,1007.602052363902,463.9052306134614,12.0,67.77338727952042,287,89.92855071408859,13,9,4,21,0,No,0,Affiliate,East
103807,Jun-2034,499,136.70168351279148,362.2983164872085,480.59144188821614,155.88794473265818,8.0,86.41037175455034,160,118.16843431642711,25,12,2,3,0,Yes,0,Paid Search,North
103808,Jun-2034,1499,244.30306652926754,1254.6969334707323,1571.750708681331,1125.3880942446817,3.0,84.30883922605068,291,155.43153669653734,20,6,5,53,1,Yes,0,Affiliate,East
103809,Jun-2034,999,394.5994781556997,604.4005218443003,1030.6785601366996,355.6410758779301,5.0,173.7594459663702,204,61.33219298432729,23,8,4,39,1,Yes,0,Referral,North
103810,Jun-2034,699,86.00388004009633,612.9961199599037,704.9212854289608,405.0293406327268,4.0,147.96677932717688,292,,27,12,4,3,1,Yes,0,Referral,West
103811,Jun-2034,999,219.20281761409484,779.7971823859052,1039.8050373226793,714.0176884946584,2.0,35.7794938912468,71,87.97071434813418,13,11,1,37,1,No,0,Referral,North
103812,Jun-2034,999,310.2343596839266,688.7656403160734,998.357719091593,483.61403795776505,6.0,115.15160235830832,251,54.639356788028394,3,10,5,44,1,Yes,0,Organic,East
103813,Jun-2034,699,41.153405785196895,657.8465942148031,726.7465890674662,540.540183777301,2.0,87.30641043750214,165,57.90304784473416,7,10,2,35,0,No,0,Affiliate,South
103814,Jun-2034,1299,240.88437102405035,1058.1156289759497,1341.3448268543436,850.847400476195,9.0,72.26822849975464,162,22.217507565071813,21,13,3,33,0,Yes,0,Affiliate,North
103815,Jun-2034,1299,272.8519479117337,1026.1480520882662,1235.8794233696258,985.5219990366503,1.0,25.626053051615912,226,67.75636423036997,16,5,1,54,0,Yes,1,Organic,West
103816,Jun-2034,499,226.63442639241202,272.365573607588,513.8072461430945,99.32038156167897,9.0,38.04519204590899,260,89.99735777709586,0,6,4,3,0,Yes,1,Referral,South
103817,Jun-2034,499,160.3947230646146,338.6052769353854,513.1680889150224,250.29887473309196,2.0,58.306402202293455,73,55.09404875063648,2,12,5,48,1,Yes,0,Organic,South
103818,Jun-2034,1299,29.950466183264837,1269.0495338167352,1275.2777227055296,978.0389848563959,14.0,81.01054896033922,76,32.619817739845146,16,8,3,18,1,No,0,Affiliate,North
103819,Jun-2034,1499,316.9708024243492,1182.0291975756509,1497.956956687363,1010.8620390865517,7.0,66.16715848909917,85,,19,16,4,3,2,No,0,Organic,South
103820,Jun-2034,999,154.14042782779893,844.8595721722011,962.8556732433404,801.4229915463412,1.0,28.436580625859847,156,59.03084558903139,2,12,5,29,1,No,0,Organic,East
103821,Jun-2034,1499,41.53435048516853,1457.4656495148315,1523.9706003516287,1397.9665540741144,2.0,29.499095440717205,194,33.61082055862521,6,19,5,37,0,No,0,Organic,West
103822,Jun-2034,999,111.83690035025174,887.1630996497482,1016.4218744202885,764.8702100209089,2.0,92.29288962883939,105,16.10021710742107,10,12,3,5,0,No,0,Referral,East
103823,Jun-2034,1299,194.20625896016122,1104.7937410398388,1361.541502315587,983.8137888092201,4.0,60.979952230618665,59,86.90768593084931,24,14,4,9,2,No,1,Organic,West
103824,Jun-2034,499,37.34219482610524,461.65780517389476,510.1153873471844,330.0403455784507,1.0,116.61745959544407,103,,14,9,3,12,2,Yes,0,Referral,South
103825,Jun-2034,499,152.1516423100941,346.8483576899059,496.37266819132,95.47693158959993,6.0,161.371426100306,130,55.76145950662455,6,12,2,16,4,Yes,0,Referral,East
103826,Jun-2034,1499,99.97473395304128,1399.0252660469587,1451.0729402128763,1296.3116956194187,3.0,57.71357042753988,157,,26,12,1,27,0,No,0,Organic,North
103827,Jun-2034,499,310.3231777639187,188.6768222360813,513.356998362236,-27.233978455915775,1.0,,251,16.06398066024305,4,11,1,9,0,Yes,0,Organic,South
103828,Jun-2034,1299,74.98687167452749,1224.0131283254725,1280.0080531073877,1146.816627079054,2.0,47.196501246418705,251,23.514954849028975,16,11,2,50,1,Yes,1,Referral,North
103829,Jun-2034,1499,262.6509171002981,1236.349082899702,1565.5143282969607,1155.8060198186515,2.0,50.54306308105032,215,30.987123859701654,4,14,4,59,1,Yes,0,Organic,North
103830,Jun-2034,999,320.0513790723018,678.9486209276981,976.731131193595,543.4249298122068,6.0,45.523691115491424,130,33.26149624427353,0,12,3,54,2,Yes,1,Affiliate,East
103831,Jun-2034,499,70.45063645774351,428.5493635422565,483.8604984831393,275.003193300268,,33.54617024198854,176,44.012165311761635,21,1,1,57,0,Yes,0,Referral,West
103832,Jun-2034,699,56.06189829684905,642.938101703151,707.418389426407,431.6454907692507,8.0,91.29261093390028,267,98.140034913435,28,12,2,57,1,Yes,0,Paid Search,South
103833,Jun-2034,499,364.3080055879775,134.6919944120225,519.7399976991342,-116.95808706198686,12.0,71.65008147400935,267,80.73445929172533,23,14,5,43,3,No,0,Paid Search,East
103834,Jun-2034,999,41.475354167648064,957.5246458323519,963.1426352590447,741.5826928309475,10.0,65.94195300140444,292,76.21201477549747,6,8,1,22,0,No,0,Referral,East
103835,Jul-2034,1499,521.379494458614,977.620505541386,1430.2473361954953,805.2676927889643,3.0,127.3528127524218,147,16.73990855835881,16,12,1,17,1,Yes,0,Paid Search,South
103836,Jul-2034,999,66.70080426241995,932.29919573758,1045.6917662227531,811.6958574729986,7.0,15.603338264581467,181,72.81656886205575,7,9,2,1,0,No,0,Affiliate,West
103837,Jul-2034,699,170.40568859845447,528.5943114015455,673.6069876748469,435.49634977058156,0.0,93.09796163096394,227,96.41998724410453,11,8,3,57,0,Yes,0,Referral,North
103838,Jul-2034,1299,147.1927515296739,1151.8072484703262,1312.966804644359,1049.337926933985,2.0,72.46932153634104,268,32.99436112499987,29,10,1,3,1,No,1,Referral,West
103839,Jul-2034,499,125.01650789220515,373.98349210779486,483.98498055052755,224.86785605617052,6.0,59.115636051624335,110,15.683513701483417,29,13,3,5,1,Yes,1,Organic,South
103840,Jul-2034,1499,205.5554832846939,1293.444516715306,1449.1855087471251,1173.7009016997383,5.0,44.7436150155676,198,68.98065372680547,29,8,2,22,1,Yes,0,Affiliate,North
103841,Jul-2034,1299,212.47757096748808,1086.5224290325118,1254.3202992888737,1034.8199855265718,0.0,51.70244350594007,85,79.6790191518203,24,11,5,1,1,No,0,Paid Search,South
103842,Jul-2034,999,129.88092208450752,869.1190779154924,1019.9760279307577,839.4320887634383,0.0,29.6869891520541,151,47.53331902648167,27,7,1,47,0,Yes,0,Paid Search,East
103843,Jul-2034,1499,28.29912674072753,1470.7008732592724,1537.917329472329,1435.8843824618666,0.0,34.81649079740575,95,89.03711514147133,25,11,3,49,2,Yes,0,Organic,South
103844,Jul-2034,1299,275.7312437089655,1023.2687562910345,1249.6120447618,895.4507810945395,8.0,7.81797519649502,144,,29,13,3,4,1,Yes,1,Referral,East
103845,Jul-2034,1499,225.36631956994034,1273.6336804300597,1444.521650142512,1125.002879510581,6.0,58.63080091947873,120,20.832687016827066,1,11,4,22,0,Yes,0,Affiliate,North
103846,Jul-2034,699,163.75004287392892,535.2499571260711,729.3597250428678,499.7719337578726,2.0,5.4780233681984996,93,49.599744894437066,16,14,3,24,0,No,0,Affiliate,East
103847,Jul-2034,699,221.5640978900831,477.4359021099169,705.2113053275189,315.3099292872547,,12.125972822662199,113,54.21761418551642,21,17,3,55,1,No,0,Organic,South
103848,Jul-2034,499,242.27297401093563,256.7270259890644,513.0366400061688,109.50204447539193,6.0,57.22498151367245,275,46.88980341065927,27,11,2,32,0,Yes,0,Paid Search,West
103849,Jul-2034,499,58.59215478224161,440.4078452177584,478.06976552271743,263.0991904558211,8.0,57.308654761937305,195,12.534086672065778,19,6,3,46,0,No,0,Referral,South
103850,Jul-2034,699,217.28164481781673,481.71835518218325,667.7136127370147,334.3630213760246,2.0,117.35533380615863,265,136.07760137549562,13,14,4,2,0,No,0,Affiliate,South
103851,Jul-2034,1499,83.63571293779889,1415.3642870622011,1483.4400434435497,1311.7584332877548,2.0,73.6058537744463,62,188.14369752817638,22,7,5,36,0,Yes,0,Referral,West
103852,Jul-2034,699,246.244002790416,452.755997209584,702.8622818821092,279.51305280270844,,128.24294440687552,62,39.677738854835845,2,10,4,5,3,Yes,0,Organic,East
103853,Jul-2034,499,126.91204962921226,372.0879503707877,492.63774100554633,320.79977069223156,0.0,51.28817967855615,74,43.011569309798375,18,5,5,56,2,Yes,0,Referral,East
103854,Jul-2034,699,223.4063488418064,475.5936511581936,713.9189316476234,247.93882264030697,14.0,17.65482851788665,54,49.989806951501535,13,14,1,7,2,Yes,0,Paid Search,North
103855,Jul-2034,699,97.94456403485728,601.0554359651427,710.846850507973,509.8547268326423,2.0,61.20070913250038,177,45.009526385136674,7,9,5,36,2,Yes,0,Affiliate,South
103856,Jul-2034,1499,229.64429231252075,1269.3557076874793,1491.0335152792493,1052.9653823085841,6.0,126.39032537889503,88,21.30011795573195,6,8,5,40,2,Yes,0,Affiliate,West
103857,Jul-2034,1299,32.547692506078974,1266.4523074939211,1244.3664326361886,1054.0901837860922,11.0,47.36212370782901,206,84.52187082891595,4,12,4,43,1,Yes,0,Paid Search,West
103858,Jul-2034,499,154.34026558361546,344.65973441638454,503.7667671180351,215.40625888474028,2.0,99.25347553164427,157,87.38201784258685,2,11,2,8,4,Yes,0,Paid Search,North
103859,Jul-2034,1499,267.67590181319207,1231.324098186808,1460.3076272834257,1094.7314202741945,8.0,16.59267791261351,234,44.14216339403508,0,14,2,36,1,Yes,0,Referral,West
103860,Jul-2034,699,206.06455886951102,492.935441130489,691.0200728951257,283.5026639391048,5.0,134.43277719138416,223,41.896639559083134,26,8,5,43,2,Yes,0,Organic,South
103861,Jul-2034,699,173.04344801390536,525.9565519860946,665.0564092365266,430.8455041060605,6.0,5.111047880034107,210,40.96594059024794,18,12,4,12,1,Yes,0,Affiliate,East
103862,Jul-2034,1299,366.42736075807676,932.5726392419233,1301.7419504031748,795.772776613629,0.0,136.79986262829425,265,83.01943109009937,14,7,2,28,0,No,0,Paid Search,West
103863,Jul-2034,499,272.83642421867063,226.16357578132937,508.92966973337263,183.69989948161015,2.0,12.46367629971921,187,49.13702924481516,24,13,2,2,3,Yes,0,Referral,East
103864,Jul-2034,499,252.66479391037527,246.33520608962473,502.8671012279047,23.300642672593625,4.0,163.0345634170311,235,,0,10,4,47,2,Yes,0,Affiliate,West
103865,Jul-2034,999,228.96333346998063,770.0366665300194,1024.132481325082,639.9282100430897,2.0,100.10845648692963,74,16.042155870281054,30,17,5,14,0,No,0,Organic,West
103866,Aug-2034,499,243.9236246695997,255.0763753304003,523.9208397223059,171.24864893876017,4.0,,282,92.38311452844229,4,9,1,19,1,No,0,Referral,West
103867,Aug-2034,1299,348.85224126625974,950.1477587337403,1316.220557335076,846.7506394737791,2.0,73.39711925996114,123,25.731162887183434,19,9,4,21,1,Yes,0,Paid Search,North
103868,Aug-2034,999,99.87975747348062,899.1202425265194,971.135808744807,750.592801316332,4.0,88.5274412101873,88,15.72250421760837,10,6,4,30,5,Yes,0,Affiliate,South
103869,Aug-2034,999,271.12847583302903,727.871524166971,1006.221899801839,601.7219209424028,7.0,21.149603224568196,65,73.074332936262,13,7,4,49,0,No,0,Referral,North
103870,Aug-2034,699,192.7785466529731,506.2214533470269,681.1807088119621,383.1894609404376,4.0,63.031992406589296,237,48.68017975651688,21,11,5,48,2,Yes,0,Paid Search,West
103871,Aug-2034,699,104.0258955439208,594.9741044560792,687.1311115588596,290.0613688037596,10.0,154.9127356523196,205,194.7145082471931,17,17,5,37,1,Yes,1,Paid Search,South
103872,Aug-2034,499,138.03298763504648,360.9670123649535,491.61699362885554,267.3468545934718,4.0,33.62015777148174,253,13.684094595118747,19,11,4,52,4,Yes,0,Paid Search,West
103873,Aug-2034,999,176.2985617855612,822.7014382144388,1000.9965573803515,652.8940442782839,7.0,64.80739393615492,221,29.788307692645116,8,13,2,21,2,Yes,0,Affiliate,West
103874,Aug-2034,699,46.807191879669304,652.1928081203307,700.6588611970063,594.2430444169296,3.0,12.94976370340116,235,72.9485707784756,29,8,1,28,1,Yes,0,Paid Search,East
103875,Aug-2034,1299,253.6815330600536,1045.3184669399463,1320.734641149721,734.7134198498015,6.0,220.60504709014475,81,,14,13,3,33,1,Yes,0,Referral,North
103876,Aug-2034,699,137.65782910931534,561.3421708906847,694.6469478019721,427.3533275563191,5.0,58.9888433343656,112,54.873257413332915,10,13,4,42,0,No,0,Affiliate,East
103877,Aug-2034,699,160.19149946912083,538.8085005308792,677.1698964569823,522.460862047265,1.0,1.3476384836141904,292,54.73322773650372,4,14,4,7,2,Yes,0,Referral,West
103878,Aug-2034,999,312.8643059913369,686.1356940086631,998.0996164044732,536.0255663496911,4.0,90.11012765897202,142,8.830054168422263,14,12,5,42,0,Yes,0,Organic,South
103879,Aug-2034,999,165.5697846272163,833.4302153727837,1028.6171941327589,804.7773233079195,1.0,13.652892064864226,94,57.48032922468228,23,10,5,57,2,Yes,0,Organic,East
103880,Aug-2034,1499,336.3202133305326,1162.6797866694674,1529.4034993928103,1108.4323866945517,3.0,9.247399974915652,102,80.92616291572594,1,10,3,16,1,No,0,Organic,East
103881,Aug-2034,1299,87.02225893258272,1211.9777410674174,1249.024464994219,1029.4682584557393,,2.5094826116780737,238,,11,10,5,37,1,No,0,Organic,North
103882,Aug-2034,999,18.351619344641904,980.6483806553581,1043.7886863468352,817.3324641327152,3.0,118.31591652264282,99,23.92765330686383,26,9,5,51,0,Yes,0,Paid Search,East
103883,Aug-2034,499,115.20082236661402,383.79917763338597,489.3108467214058,228.2188250562744,6.0,65.58035257711158,204,33.77439906199753,24,13,2,25,0,Yes,0,Affiliate,South
103884,Aug-2034,1299,187.76576393901757,1111.2342360609823,1310.2309365593183,917.4547289304405,2.0,,75,15.272298250359656,27,17,1,38,4,No,0,Paid Search,South
103885,Aug-2034,1299,258.6914102965132,1040.3085897034869,1238.21563499821,935.7577641868336,2.0,74.55082551665325,180,20.33052240755557,22,4,2,44,0,Yes,1,Referral,West
103886,Aug-2034,999,25.332175045500605,973.6678249544993,1039.906722128703,786.4597945385158,1.0,172.2080304159835,139,50.74124900992469,6,8,4,38,2,Yes,0,Referral,West
103887,Aug-2034,1299,75.87654942644762,1223.1234505735524,1322.8459522139394,1061.116519604737,4.0,102.00693096881545,88,111.41837196043414,1,8,2,42,1,No,0,Organic,East
103888,Aug-2034,999,235.95342739451124,763.0465726054888,976.6279062171798,508.84243677113045,15.0,29.204135834358283,242,30.68322064070484,7,4,3,42,2,Yes,0,Referral,North
103889,Aug-2034,699,164.29453175014692,534.7054682498531,711.8149429320248,450.5355171725216,3.0,39.16995107733143,212,144.20502142806475,8,5,2,45,2,Yes,0,Referral,South
103890,Aug-2034,1499,97.13454503038554,1401.8654549696143,1467.902818302903,1190.6356855957138,1.0,196.22976937390052,102,30.246642555160058,25,11,5,51,0,Yes,0,Affiliate,North
103891,Aug-2034,699,94.38508470261232,604.6149152973877,682.2048310704687,330.3095351769754,8.0,154.3053801204123,268,86.20935552848775,26,9,3,30,0,Yes,0,Referral,South
103892,Aug-2034,999,306.0969635876633,692.9030364123366,993.7037602882742,399.1624095963932,8.0,173.74062681594336,223,25.2071216340575,27,8,3,17,0,Yes,0,Paid Search,East
103893,Aug-2034,999,236.7696040171757,762.2303959828243,1008.9965012845219,656.6343793374768,5.0,30.596016645347532,245,,4,9,4,16,3,Yes,0,Organic,South
103894,Aug-2034,699,396.6865595637902,302.3134404362098,678.6833118146608,187.2999310979855,1.0,,260,,14,6,4,4,4,Yes,1,Organic,West
103895,Aug-2034,499,78.43441968115118,420.5655803188488,511.12096314403755,283.1122478535025,8.0,17.453332465346307,71,74.34492045680959,18,9,5,30,0,Yes,0,Referral,West
103896,Aug-2034,499,24.534031725360933,474.46596827463907,502.89476306450837,366.2273736500093,3.0,63.23859462462973,237,43.1374327374544,29,7,1,20,2,Yes,0,Referral,North
103897,Sep-2034,499,269.37063423173083,229.62936576826917,474.4222617197749,122.98437204689913,,1.6449937213700565,183,40.977351191709936,18,8,3,35,3,Yes,0,Paid Search,East
103898,Sep-2034,999,127.43280991195786,871.5671900880421,1003.9326505653027,804.3745079037808,1.0,52.19268218426134,101,64.2315178071713,12,7,5,59,0,No,1,Paid Search,West
103899,Sep-2034,1299,225.38038308827473,1073.6196169117252,1288.7268434480534,1059.7164416106425,0.0,13.903175301082776,250,79.20358782472502,12,7,4,5,3,No,0,Referral,North
103900,Sep-2034,999,344.3898344791867,654.6101655208133,1015.9190321585802,518.4342308149868,3.0,91.1759347058265,124,85.62010311760903,5,8,4,45,0,Yes,0,Paid Search,North
103901,Sep-2034,1299,196.5783715757012,1102.421628424299,1350.671873554853,973.10996010765,3.0,84.31166831664896,263,51.30491651600123,29,11,1,14,0,Yes,0,Affiliate,South
103902,Sep-2034,699,170.07586806546396,528.924131934536,682.4091862475118,461.4547419709507,1.0,52.46938996358532,288,62.44768793085543,0,14,3,41,2,No,0,Paid Search,North
103903,Sep-2034,1499,177.6003343566708,1321.3996656433292,1525.034666026464,1120.051471717424,3.0,156.34819392590515,122,,9,11,3,41,4,Yes,0,Referral,East
103904,Sep-2034,1299,46.469782315759744,1252.5302176842401,1253.7517279184153,1129.7417574891583,4.0,62.78846019508183,78,68.62204713221118,26,14,5,40,1,No,1,Referral,East
103905,Sep-2034,499,282.9645851379656,216.03541486203437,478.32114386915606,-121.57658884593644,15.0,112.61200370797081,220,25.574684872303493,24,12,1,28,0,Yes,0,Paid Search,North
103906,Sep-2034,999,290.65033946989945,708.3496605301006,1042.1396648367322,692.8079827515223,0.0,15.54167777857819,171,55.33768061234536,5,13,2,10,2,No,0,Affiliate,East
103907,Sep-2034,699,213.6684029955029,485.3315970044971,724.3240271539041,407.57094319018165,0.0,77.76065381431548,251,36.72981617519571,24,4,5,54,0,Yes,0,Affiliate,East
103908,Sep-2034,499,31.84855619169977,467.1514438083002,499.0700973573138,307.4651186570542,3.0,114.68632515124602,211,122.43753312878978,2,16,3,52,1,No,0,Referral,East
103909,Sep-2034,699,135.46214098355836,563.5378590164416,673.718735328207,439.0286278984677,2.0,94.509231117974,208,50.93716101410166,25,10,5,30,0,No,0,Organic,West
103910,Sep-2034,1499,322.62309304714245,1176.3769069528576,1463.5220970351127,1144.5007682524551,0.0,31.87613870040248,135,131.2456531976404,12,5,5,50,1,No,0,Paid Search,South
103911,Sep-2034,999,82.10956044318384,916.8904395568162,1005.7311821490644,658.8544546567921,12.0,78.03598490002418,95,47.24200700722882,18,8,5,32,2,Yes,1,Paid Search,East
103912,Sep-2034,999,292.1103662296392,706.8896337703608,1014.1696474746682,547.0698831721195,4.0,99.81975059824123,53,146.44238847985145,9,14,5,12,3,Yes,0,Paid Search,East
103913,Sep-2034,1499,156.61157911882248,1342.3884208811776,1527.572129726971,1091.2773351570022,7.0,146.11108572417547,51,70.91635944658502,12,11,3,45,0,Yes,1,Affiliate,East
103914,Sep-2034,999,235.50046074191525,763.4995392580847,1023.7565799291289,608.3887784691448,10.0,5.110760788939935,182,9.432449770033113,6,14,1,16,3,Yes,0,Organic,East
103915,Sep-2034,1299,100.54303046102604,1198.456969538974,1261.3122539648543,1099.1113590325422,4.0,39.345610506431825,95,37.35769413218178,14,5,1,26,2,Yes,0,Paid Search,North
103916,Sep-2034,699,160.12570579747998,538.87429420252,684.7580757704575,507.3693561652676,1.0,16.50493803725233,128,27.685670693056974,22,13,4,35,1,No,0,Referral,West
103917,Sep-2034,499,202.40582978026538,296.5941702197346,474.67989359008817,174.96204905424918,4.0,61.63212116548543,196,16.411644583345286,3,15,4,41,0,Yes,0,Affiliate,East
103918,Sep-2034,1499,20.011923132697888,1478.9880768673022,1435.1404134753996,1413.63678907502,1.0,50.35128779228206,215,26.40304109599425,10,11,2,16,4,No,0,Organic,East
103919,Sep-2034,1299,182.86957547748136,1116.1304245225188,1274.2527864515748,985.9450301931093,2.0,100.18539432940942,108,31.522913446458073,30,8,1,17,0,Yes,1,Organic,North
103920,Sep-2034,499,172.62303597562334,326.37696402437666,483.3202831009957,194.9148244554944,1.0,116.46213956888226,256,10.353062693545475,29,9,5,48,1,Yes,0,Affiliate,North
103921,Sep-2034,499,77.81978558138728,421.1802144186127,498.62777946188965,170.36382632343248,10.0,100.81638809518023,287,42.56898696929886,7,6,4,23,2,Yes,0,Organic,East
103922,Sep-2034,1499,215.2659617236535,1283.7340382763464,1551.2643754487617,1152.2198908248538,8.0,11.514147451492668,121,68.59242374532201,26,17,5,42,1,No,1,Affiliate,East
103923,Sep-2034,1299,284.4315504660674,1014.5684495339326,1327.966081074402,842.5897471674397,7.0,66.97870236649294,69,197.95186058118287,29,14,2,22,3,Yes,0,Organic,West
103924,Sep-2034,499,206.7302570159074,292.2697429840926,511.7036619605045,123.05543447300437,2.0,139.21430851108823,253,114.55558029749638,1,10,1,50,2,Yes,0,Referral,South
103925,Sep-2034,499,16.838012859716144,482.1619871402838,504.002638116116,406.4324310140631,2.0,45.72955612622069,245,41.33692560134083,0,8,3,21,2,No,0,Organic,North
103926,Sep-2034,1299,273.94297546386974,1025.0570245361303,1325.0367346782134,730.8208689261533,,159.236155609977,102,,0,9,2,34,1,No,0,Paid Search,South
103927,Oct-2034,999,13.302032217271915,985.697967782728,967.0321765240981,831.5875921784893,4.0,94.11037560423875,279,73.25959927289469,15,7,3,46,0,Yes,0,Organic,North
103928,Oct-2034,499,223.7038261709221,275.29617382907793,501.6178915350049,104.83408594352088,6.0,80.46208788555705,156,43.78377820410003,17,10,1,57,0,Yes,1,Affiliate,West
103929,Oct-2034,699,17.29995064885702,681.700049351143,703.9344506021472,550.5179863682312,6.0,41.182062982911845,104,51.72444654617726,10,10,3,5,0,Yes,1,Affiliate,East
103930,Oct-2034,1299,57.215255476541145,1241.7847445234588,1315.7194943558395,1133.7536096411823,4.0,48.03113488227664,295,26.389074440839583,26,11,1,38,1,No,0,Organic,West
103931,Oct-2034,499,35.23810368834212,463.7618963116579,512.9360928652078,207.2992910238936,12.0,76.46260528776432,216,48.46147872212143,21,9,5,52,0,No,1,Organic,North
103932,Oct-2034,1499,166.67503071380636,1332.3249692861937,1565.5559491062734,1297.955353600428,0.0,34.36961568576564,170,53.52317931223334,7,7,2,31,1,Yes,0,Organic,West
103933,Oct-2034,699,126.53585836505214,572.4641416349479,713.7992476512111,418.4592142271846,1.0,139.00492740776326,213,16.885960943815064,18,7,5,33,1,Yes,0,Paid Search,West
103934,Oct-2034,499,211.06913251568298,287.930867484317,520.086009259003,2.564643701204375,11.0,120.36622378311262,235,71.90533675156992,11,6,1,47,1,No,0,Paid Search,West
103935,Oct-2034,699,147.76381935922706,551.236180640773,702.4893980662703,360.39658213699715,3.0,145.83959850377585,64,74.42021688043972,5,8,1,3,0,Yes,0,Organic,East
103936,Oct-2034,699,32.144814430444654,666.8551855695554,684.274900247794,603.6633499147204,2.0,33.19183565483502,50,76.56324802798692,23,15,5,53,2,Yes,0,Organic,South
103937,Oct-2034,999,183.097496171757,815.902503828243,1014.8371795304447,765.0832024252791,1.0,35.81930140296386,144,26.847223543827205,24,7,5,19,0,Yes,0,Paid Search,South
103938,Oct-2034,699,61.459878051944315,637.5401219480557,732.6174401541502,458.5077725998019,6.0,89.0323493482538,186,131.37646159526642,15,12,5,56,2,No,0,Organic,South
103939,Oct-2034,999,43.93752083411964,955.0624791658804,1019.9499812711654,896.5117835867455,1.0,43.55069557913487,200,37.58305651888828,7,10,2,18,1,Yes,1,Paid Search,North
103940,Oct-2034,1299,106.33040015051981,1192.6695998494802,1359.9249133612163,1106.962343199327,1.0,70.70725665015316,229,18.36376975242911,6,10,2,28,2,Yes,1,Referral,North
103941,Oct-2034,999,98.01559113724267,900.9844088627574,951.2870702109321,771.5908026706945,6.0,39.39360619206283,203,125.43888776306544,19,8,1,15,1,Yes,0,Affiliate,East
103942,Oct-2034,1499,47.6895192607231,1451.310480739277,1462.7782865408283,1339.6731133642884,3.0,66.63736737498851,281,21.807027797859035,2,12,4,50,0,Yes,0,Referral,East
103943,Oct-2034,499,314.539146424583,184.460853575417,487.70284665574906,85.85444787191463,2.0,68.60640570350236,285,61.23913433810283,22,9,5,33,1,No,0,Affiliate,East
103944,Oct-2034,1299,347.76033480680394,951.2396651931961,1289.4911769724297,895.448878771451,3.0,10.79078642174511,280,30.452429211101975,0,9,3,28,1,Yes,0,Organic,West
103945,Oct-2034,1299,420.0930125170739,878.9069874829261,1238.0494637347208,636.7785128952607,9.0,107.12847458766532,237,12.123374307805758,22,12,3,46,0,No,0,Referral,East
103946,Oct-2034,1499,287.71817009875883,1211.281829901241,1561.096587720377,1120.5115373061371,6.0,0.7702925951038395,67,21.219173811065804,5,12,3,49,2,Yes,0,Affiliate,West
103947,Oct-2034,999,102.54641534516718,896.4535846548329,1019.6869201460099,725.4557624317342,10.0,,274,115.90886015786634,2,10,5,52,2,Yes,1,Referral,West
103948,Oct-2034,499,100.47845748617098,398.521542513829,478.2389396248472,267.18936353890956,0.0,131.33217897491943,154,50.272150457042024,29,9,4,8,2,Yes,0,Paid Search,North
103949,Oct-2034,999,93.85273965921297,905.147260340787,966.5022462752914,635.3435371156295,8.0,149.80372322515763,280,32.89656924232603,18,9,4,56,1,Yes,0,Paid Search,West
103950,Oct-2034,699,388.27652234709313,310.72347765290687,706.2071461582879,204.91944174267232,0.0,105.80403591023455,255,39.65304690009786,1,9,2,40,1,No,1,Referral,East
103951,Oct-2034,999,136.13502372418074,862.8649762758192,1039.8094138359977,748.209180089067,3.0,69.65579618675223,235,18.845822429405864,16,13,4,59,0,Yes,0,Organic,South
103952,Oct-2034,1299,302.3079488304273,996.6920511695728,1245.4310905114332,871.8955428365514,1.0,109.79650833302136,114,24.63733873549007,15,6,3,49,2,Yes,0,Organic,East
103953,Oct-2034,499,292.97219732633266,206.02780267366734,495.67184487729435,158.7939356116317,3.0,2.2338670620356282,126,85.95516911622197,26,13,3,30,1,No,0,Organic,South
103954,Oct-2034,999,172.74574272970446,826.2542572702955,969.0313350478791,580.4685740940475,8.0,125.78568317624794,165,57.52730795737204,20,10,5,1,0,Yes,0,Referral,South
103955,Oct-2034,499,24.19690124754061,474.8030987524594,483.0489514879179,406.9698222453705,4.0,,256,48.25611591429423,28,16,2,7,3,No,0,Referral,North
103956,Oct-2034,499,138.72976336189012,360.27023663810985,510.48130513972893,296.83956595791074,2.0,33.43067068019913,278,42.32987326051874,6,7,1,55,0,Yes,0,Organic,East
103957,Oct-2034,699,167.63595314555428,531.3640468544457,721.8217968956379,372.11714722931987,2.0,129.24689962512588,118,10.488363885502002,22,7,2,58,0,Yes,0,Referral,West
103958,Nov-2034,699,303.3505547883582,395.6494452116418,728.4380337690568,276.5879963458339,6.0,29.061448865807918,191,45.07574467153542,5,10,1,14,3,Yes,0,Affiliate,East
103959,Nov-2034,1299,152.334949452035,1146.665050547965,1322.8997518543445,1037.0957436729766,7.0,4.569306874988335,255,86.01407700878981,10,4,2,21,3,Yes,0,Organic,North
103960,Nov-2034,1499,4.96733236502331,1494.0326676349766,1433.8907110687098,1366.4658070476694,4.0,67.5668605873072,223,29.87904020145412,14,6,4,56,0,Yes,0,Affiliate,East
103961,Nov-2034,499,268.5491997278046,230.4508002721954,491.86765373784,172.86615766725905,2.0,27.584642604936352,246,45.61290169434084,25,14,2,6,1,No,0,Paid Search,North
103962,Nov-2034,1499,122.69504130030148,1376.3049586996985,1490.2394063764534,1251.1295229197872,7.0,20.17543577991148,124,,21,6,5,17,2,Yes,0,Paid Search,West
103963,Nov-2034,1299,155.42994595638436,1143.5700540436155,1269.887839328014,901.9900958572948,9.0,106.57995818632072,209,109.07882369824937,10,10,1,14,1,Yes,0,Organic,South
103964,Nov-2034,499,188.99814894920945,310.00185105079055,500.9894385203624,68.57485561198592,10.0,91.42699543880462,100,132.49900697619535,6,15,4,7,1,No,0,Referral,North
103965,Nov-2034,499,210.09255529442515,288.90744470557485,485.6584375417149,172.3332534481019,0.0,116.57419125747293,246,131.9627895544315,14,5,4,15,1,Yes,0,Paid Search,East
103966,Nov-2034,1499,48.84741685610541,1450.1525831438946,1558.8744045696076,1337.4167592055949,5.0,37.735823938299845,277,11.579526571280713,15,8,2,8,1,Yes,0,Organic,West
103967,Nov-2034,999,126.95450392522936,872.0454960747707,963.3847697322041,781.174509588765,0.0,90.87098648600562,64,90.98885483672274,7,12,4,56,1,Yes,0,Organic,North
103968,Nov-2034,699,228.92604311687398,470.073956883126,693.8310274736788,404.21358419326407,1.0,50.86037268986192,230,94.5341619901975,4,14,3,48,0,Yes,0,Referral,West
103969,Nov-2034,999,189.81417614427392,809.1858238557261,961.5224753449208,615.4420209989771,10.0,43.743802856749014,248,47.70311894694291,16,6,3,10,3,Yes,0,Referral,North
103970,Nov-2034,1499,37.5188340137999,1461.4811659862,1477.7520687907204,1274.3272183267968,5.0,112.15394765940331,118,36.52584408112227,22,9,3,29,3,Yes,1,Paid Search,West
103971,Nov-2034,699,300.42601997968416,398.57398002031584,697.9365554683066,235.55106324611984,9.0,,271,90.54503044885146,1,14,2,41,2,No,0,Affiliate,South
103972,Nov-2034,999,354.7596743446381,644.2403256553619,1004.3844533240538,541.0993058220829,3.0,58.141019833278946,64,52.41690555098766,26,11,1,19,1,Yes,0,Organic,North
103973,Nov-2034,699,88.77793367617889,610.2220663238211,687.2209077103604,372.3598529038921,4.0,177.862213419929,79,24.521274152222997,30,8,2,2,1,Yes,0,Organic,East
103974,Nov-2034,499,79.18458875071039,419.8154112492896,514.4507474819872,298.36704664483307,5.0,,127,77.99401395929927,20,12,5,8,2,No,0,Organic,South
103975,Nov-2034,999,242.53353681635417,756.4664631836458,1000.5399554256836,637.3022228168882,1.0,104.16424036675761,201,106.68156075343666,6,13,4,30,0,No,0,Paid Search,South
103976,Nov-2034,699,69.22890729862878,629.7710927013712,733.4199863371001,401.85770385241335,10.0,77.91338884895794,265,,22,16,3,43,3,Yes,0,Paid Search,North
103977,Nov-2034,699,214.25385541023002,484.74614458977,672.6845064141443,318.1372106708799,1.0,151.60893391889013,84,89.70811224181074,24,8,2,36,3,Yes,1,Paid Search,East
103978,Nov-2034,699,414.26045598804455,284.73954401195545,676.8797845956751,203.68787759771965,5.0,6.051666414235825,118,18.636171265645693,20,17,2,50,1,Yes,0,Organic,West
103979,Nov-2034,999,35.55690950266214,963.4430904973378,1029.1492777787657,940.2295894713984,0.0,,189,32.2304882895034,5,13,4,18,0,Yes,0,Referral,North
103980,Nov-2034,1299,54.4054944225211,1244.594505577479,1306.0491088686476,1190.3560375665236,2.0,24.238468010955295,261,58.26521539996267,25,15,2,2,1,Yes,0,Organic,North
103981,Nov-2034,999,126.6624487741861,872.3375512258139,985.0163392185925,656.620839658411,7.0,110.71671156740283,95,123.34145325596504,29,7,3,5,0,Yes,0,Referral,North
103982,Nov-2034,1499,305.00140336307305,1193.998596636927,1485.5763918309615,1067.9607238805102,4.0,66.03787275641693,175,25.248489938104363,11,9,4,46,1,No,0,Affiliate,North
103983,Nov-2034,999,576.6740555463931,422.3259444536069,1005.3724187050291,326.518359202995,4.0,35.80758525061189,246,119.11481400420756,15,8,1,13,0,No,0,Affiliate,West
103984,Nov-2034,699,179.6502224519553,519.3497775480447,670.0459359716832,503.044627529069,1.0,1.3051500189757022,297,8.76652124640787,10,6,3,40,1,Yes,0,Paid Search,East
103985,Nov-2034,499,45.866728886942354,453.1332711130576,512.2298289480367,167.2894430928354,4.0,225.84382802022222,213,109.27099901055523,21,5,5,57,0,Yes,1,Organic,West
103986,Nov-2034,999,108.53743508985325,890.4625649101467,993.9187586356514,718.664296492009,9.0,36.79826841813765,134,102.73878737525398,16,11,5,11,1,No,0,Referral,South
103987,Nov-2034,999,57.01638165144189,941.9836183485581,990.2601679492549,785.4184913008602,0.0,156.56512704769798,97,167.32230079778822,9,8,4,54,0,Yes,0,Organic,North
103988,Dec-2034,699,236.59025732229475,462.40974267770525,718.0962078139393,201.84211171498862,5.0,185.56763096271666,280,94.0721327260194,22,15,3,8,1,Yes,0,Organic,West
103989,Dec-2034,499,195.22616439587193,303.77383560412807,502.45273806483345,154.46670719503632,4.0,89.30712840909175,116,62.06893706633433,15,8,3,47,2,Yes,1,Organic,South
103990,Dec-2034,499,24.982395839448245,474.01760416055174,511.68224168412826,431.0276133139595,2.0,12.989990846592278,270,36.89349753425714,15,13,3,38,0,Yes,0,Affiliate,West
103991,Dec-2034,1499,49.981749090344266,1449.0182509096558,1563.2525509583493,1326.5950803524129,5.0,47.4231705572429,231,33.456650530003586,14,9,5,17,2,No,0,Organic,East
103992,Dec-2034,999,106.7931332910794,892.2068667089206,1043.5391473455907,848.127350119715,2.0,14.079516589205696,138,46.523895438879784,25,11,4,11,1,Yes,0,Paid Search,West
103993,Dec-2034,499,121.27700279247004,377.72299720752994,495.47055362510775,181.16317837525992,6.0,106.55981883227003,268,34.887139827942626,14,10,5,57,2,Yes,0,Paid Search,North
103994,Dec-2034,499,144.93733005965066,354.06266994034934,477.51879445554334,257.2046366513566,4.0,36.85803328899274,213,77.97704866979096,22,6,2,26,2,Yes,1,Affiliate,South
103995,Dec-2034,1299,155.86478582332998,1143.13521417667,1235.6726522452,1046.8500350949164,4.0,36.28517908175358,101,92.50984461902593,19,9,1,39,2,No,0,Referral,East
103996,Dec-2034,1299,298.18206452814456,1000.8179354718554,1325.6595676886063,788.6701745609337,9.0,77.1477609109218,71,23.690113917685228,3,10,5,34,1,No,0,Affiliate,South
103997,Dec-2034,499,102.45467855742716,396.54532144257286,478.1191195898233,203.7056819409766,11.0,27.839639501596267,215,95.76682471901748,26,12,4,3,3,Yes,0,Paid Search,West
103998,Dec-2034,1499,84.77197917041002,1414.22802082959,1482.5403355036083,1372.2498501329844,2.0,11.978170696605403,148,65.20814211124399,21,11,5,50,1,Yes,0,Paid Search,South
103999,Dec-2034,499,10.652882506785886,488.3471174932141,507.09696220520954,258.4724363412211,14.0,19.87468115199301,239,,2,11,2,25,1,Yes,0,Paid Search,East
104000,Dec-2034,699,123.13689208589699,575.863107914103,733.8371100204032,532.3953441844714,1.0,28.467763729631642,242,107.63896636382987,13,9,2,24,1,Yes,0,Paid Search,North
104001,Dec-2034,999,180.7435495431659,818.256450456834,971.3342847453891,632.3154034244557,3.0,140.94104703237838,180,26.831635158529476,29,9,2,53,1,No,0,Referral,West
104002,Dec-2034,1499,56.89156339118148,1442.1084366088185,1425.505406090413,1294.1786284167601,2.0,117.92980819205826,137,16.142358711576925,30,10,2,52,2,No,1,Affiliate,South
104003,Dec-2034,699,108.90856879265131,590.0914312073487,666.9335332339049,521.3622230262366,4.0,8.729208181112107,185,25.7348715289676,9,7,1,23,2,Yes,1,Paid Search,West
104004,Dec-2034,1499,289.23529559040526,1209.7647044095947,1457.5234637695396,1041.9980140976957,5.0,92.76669031189907,289,32.24680185769807,5,9,3,30,0,Yes,0,Affiliate,South
104005,Dec-2034,699,227.79672512414527,471.20327487585473,733.4611439080302,407.1403200770249,1.0,49.062954798829836,167,104.75873384520423,26,9,2,46,2,Yes,0,Paid Search,East
104006,Dec-2034,999,194.8119807312951,804.1880192687049,956.7543067468882,536.0961778756243,17.0,13.091841393080543,88,101.32714177422413,10,14,1,41,3,No,0,Referral,North
104007,Dec-2034,999,224.54547587694057,774.4545241230594,1023.9016033646272,547.3682825618071,,167.08624156125228,67,50.58598017568592,3,10,5,40,0,Yes,1,Paid Search,North
104008,Dec-2034,1299,81.15548761324501,1217.844512386755,1253.5259940541928,1116.174575519935,0.0,101.66993686682008,154,7.274390270639426,9,6,2,56,2,Yes,0,Referral,South
104009,Dec-2034,699,65.16962569128455,633.8303743087155,678.2930888615148,530.7037994141958,2.0,73.12657489451969,180,,15,10,5,27,2,Yes,0,Paid Search,West
104010,Dec-2034,1299,302.6290536885789,996.3709463114211,1245.212182336079,960.0547570405434,1.0,21.316189270877675,195,156.60779775040157,23,13,5,50,3,No,1,Paid Search,North
104011,Dec-2034,699,249.4367255309851,449.5632744690149,679.9950013028383,387.91830093417923,1.0,46.644973534835714,129,88.52229001408156,20,9,4,44,2,No,0,Affiliate,South
104012,Dec-2034,1299,60.447237404267526,1238.5527625957325,1249.0565160094686,1171.0817146866539,0.0,67.47104790907852,273,,28,8,1,44,1,Yes,0,Organic,West
104013,Dec-2034,999,75.44687516135835,923.5531248386417,950.789661363537,869.4241110020901,2.0,24.12901383655162,166,3.74955798909248,7,17,1,10,0,Yes,0,Referral,North
104014,Dec-2034,1499,62.93813418236192,1436.0618658176381,1543.7669237806554,1265.9793808816223,6.0,80.08248493601579,50,85.87903911788823,8,10,2,9,2,Yes,0,Referral,South
104015,Dec-2034,1299,215.2241072959096,1083.7758927040904,1258.7950304717801,900.889603446637,9.0,47.886289257453456,166,120.96734209059476,3,11,2,2,3,No,0,Organic,East
104016,Dec-2034,699,71.00878287321243,627.9912171267875,672.3406457152618,565.1043998993633,1.0,47.88681722742424,177,20.259643814216954,16,7,2,56,1,Yes,0,Referral,South
104017,Dec-2034,699,189.60813729606187,509.39186270393816,683.0768153508619,462.0401240838802,3.0,2.351738620057951,75,27.081453438706433,9,10,1,21,1,No,0,Referral,East
104018,Dec-2034,999,320.37246646786787,678.6275335321321,1024.352033282622,581.0077265915018,5.0,22.61980694063034,229,98.95449071254424,22,12,5,11,0,No,1,Referral,North
104019,Jan-2035,699,138.83675066483104,560.163249335169,679.7627571272265,485.2252310306678,3.0,29.938018304501142,289,,12,11,5,54,3,No,0,Organic,West
104020,Jan-2035,499,178.07521835818545,320.92478164181455,501.0910738878527,261.0751925110599,2.0,29.849589130754627,61,43.3417874650412,22,15,2,10,0,Yes,0,Referral,North
104021,Jan-2035,1499,232.1884627799479,1266.811537220052,1456.5835101837774,1158.0720505571655,0.0,108.73948666288658,87,41.73639947544773,20,6,5,25,1,No,0,Paid Search,East
104022,Jan-2035,1299,20.14988900069571,1278.8501109993042,1284.3331332390323,1155.1674153399297,7.0,18.68269565937456,134,54.55161080731944,20,10,2,40,1,Yes,1,Paid Search,North
104023,Jan-2035,1499,57.234092998553876,1441.765907001446,1502.1981533285261,1223.5050140626524,11.0,53.260892938793546,218,63.16666829435287,16,10,3,5,1,Yes,0,Referral,East
104024,Jan-2035,999,237.13933918842565,761.8606608115743,1024.7561699105477,710.6223119656238,0.0,51.23834884595058,102,165.4081120895924,30,9,5,22,1,No,0,Organic,East
104025,Jan-2035,1299,154.436102465893,1144.5638975341071,1270.6416948357187,885.1535042584989,,124.41039327560824,62,36.64004283974757,18,9,1,5,2,No,1,Paid Search,South
104026,Jan-2035,1299,164.61103323713152,1134.3889667628684,1292.0475506831783,1023.3184139799214,4.0,51.070552782947,297,43.20109356015856,16,14,4,9,2,Yes,0,Paid Search,West
104027,Jan-2035,499,153.99429934288193,345.00570065711804,506.1312636862329,215.97775039860073,4.0,69.02795025851731,177,18.519216986460084,22,11,1,11,0,Yes,0,Paid Search,South
104028,Jan-2035,999,267.3952762754349,731.604723724565,976.5464004436765,451.6145440861503,4.0,219.99017963841467,125,54.11973874804819,20,11,1,44,1,No,0,Organic,South
104029,Jan-2035,699,202.28551685396098,496.714483146039,679.4305604898705,308.9792250469875,4.0,127.73525809905152,62,104.11640316746124,27,7,4,5,4,Yes,0,Affiliate,East
104030,Jan-2035,499,203.8584109284974,295.1415890715026,502.4385158101028,191.48631539563775,1.0,88.65527367586486,195,26.819920008895835,3,5,2,6,0,Yes,0,Referral,South
104031,Jan-2035,499,296.6637789066927,202.3362210933073,521.5744825824528,183.37596543854403,1.0,3.9602556547632872,196,23.55492832929941,29,12,5,33,0,Yes,0,Paid Search,West
104032,Jan-2035,1499,342.7888629689627,1156.2111370310372,1560.4706956150771,1086.7255348670392,3.0,24.48560216399803,196,97.85246083059623,22,12,1,16,0,No,0,Paid Search,East
104033,Jan-2035,1499,419.23100685216565,1079.7689931478344,1514.0443203171035,865.9779661178775,10.0,63.79102702995698,292,62.91844731083012,24,3,5,56,2,Yes,0,Referral,West
104034,Jan-2035,1499,80.51835662216722,1418.4816433778328,1487.3070201059434,1380.1803042755737,1.0,23.301339102259156,247,23.733652002804174,5,8,4,46,1,Yes,0,Referral,West
104035,Jan-2035,499,446.3288896810349,52.67111031896508,502.2840553910619,-41.38460965109431,2.0,64.05571997005939,97,56.275290764369956,13,10,4,24,0,Yes,0,Paid Search,South
104036,Jan-2035,699,18.38724678537801,680.612753214622,720.109488718323,602.6295604504977,2.0,47.98319276412428,248,21.82751205273199,8,10,5,14,1,No,0,Paid Search,South
104037,Jan-2035,1299,382.22968836517515,916.7703116348248,1246.110802059441,636.5657654246968,6.0,,120,37.96674451136553,5,9,5,24,2,Yes,0,Paid Search,East
104038,Jan-2035,1499,73.92481695703489,1425.0751830429651,1541.1501636597613,1231.3962442022907,,103.67893884067442,205,40.8352307261867,9,11,4,45,1,No,0,Organic,South
104039,Jan-2035,699,141.72722445542962,557.2727755445703,710.0455641387152,414.38456046070456,,,296,96.85767642155966,24,10,2,12,3,Yes,0,Affiliate,East
104040,Jan-2035,999,152.22911341955682,846.7708865804432,975.9273822316522,528.5576308911247,15.0,93.21325568931839,141,,5,16,5,23,2,No,0,Affiliate,West
104041,Jan-2035,1499,45.9635100206378,1453.0364899793622,1555.3683480030309,1285.025373198549,7.0,63.01111678081317,196,100.87778114206938,29,15,3,39,0,Yes,0,Referral,North
104042,Jan-2035,1299,160.4062400107153,1138.5937599892848,1244.4338056566803,947.208680878729,7.0,86.38507911055581,257,37.43526577288177,8,9,3,6,0,Yes,0,Organic,East
104043,Jan-2035,999,52.15942681948293,946.840573180517,1040.8265008200551,808.1105671540256,2.0,108.73000602649142,258,69.69973376514204,12,7,5,55,0,Yes,0,Affiliate,East
104044,Jan-2035,999,1.8067885595160362,997.193211440484,987.8035146707274,938.0227492119959,2.0,29.170462228488123,135,10.018863078478159,15,11,1,41,2,Yes,1,Organic,South
104045,Jan-2035,1299,145.35316403685192,1153.646835963148,1339.3102645443278,971.8252957471875,8.0,61.82154021596065,132,22.957415797242216,29,5,4,21,0,Yes,0,Affiliate,North
104046,Jan-2035,1499,340.78522682915207,1158.2147731708478,1447.2030026837685,1038.8189275190423,5.0,44.395845651805445,97,15.879114712914634,15,3,2,48,0,Yes,0,Organic,North
104047,Jan-2035,499,119.51763131796292,379.4823686820371,502.36982945974694,83.99254584802293,10.0,145.48982283401415,78,87.07773271581266,18,6,3,9,0,Yes,1,Referral,West
104048,Jan-2035,1299,262.92250984490585,1036.0774901550942,1238.3947735071554,939.9541310691018,4.0,36.12335908599246,225,146.8035402215494,4,11,3,46,1,Yes,0,Referral,West
104049,Jan-2035,1299,48.52004487410176,1250.4799551258982,1270.25727972516,1164.5874165602993,2.0,55.892538565598954,68,42.310187640202734,10,11,1,41,1,Yes,0,Affiliate,East
104050,Feb-2035,1299,4.017128476143995,1294.982871523856,1341.8223564403488,1183.8165043936017,2.0,81.16636713025417,288,73.54057378145548,20,15,5,36,0,No,0,Paid Search,West
104051,Feb-2035,999,204.4632188346432,794.5367811653568,994.4399693152128,705.0311161408666,3.0,44.505665024490185,148,72.24536422503365,14,12,1,41,0,Yes,0,Affiliate,South
104052,Feb-2035,699,360.6734862121735,338.3265137878265,710.1491004546602,252.62535763065878,0.0,85.70115615716773,96,137.54975884907606,28,17,2,40,0,No,1,Affiliate,West
104053,Feb-2035,499,175.07453425597845,323.92546574402155,514.3303117840371,118.45303741527209,1.0,190.47242832874946,138,37.929262241866475,25,17,5,46,0,Yes,0,Affiliate,West
104054,Feb-2035,1499,249.1976935844487,1249.8023064155514,1503.546577248408,1138.9816107661873,1.0,95.82069564936407,109,52.97613131599588,29,12,3,59,2,Yes,0,Organic,West
104055,Feb-2035,1499,329.4149292235772,1169.5850707764228,1511.8652321844338,1065.5362780443147,2.0,74.04879273210804,225,23.66511066738936,7,6,3,5,1,Yes,0,Referral,West
104056,Feb-2035,699,145.61635803814275,553.3836419618573,717.6173555310777,353.7518697022015,5.0,124.63177225965583,197,17.290775626477156,14,9,4,48,0,Yes,0,Organic,North
104057,Feb-2035,1299,131.75240620065,1167.24759379935,1249.695773733173,1104.8415177728107,2.0,32.40607602653917,278,80.35558237143684,10,12,2,42,0,No,1,Organic,West
104058,Feb-2035,499,206.6506020756759,292.3493979243241,477.6204610567438,198.9137798139268,,63.4356181103973,196,28.025219423561722,28,12,3,31,0,Yes,1,Referral,East
104059,Feb-2035,1499,228.00229273418034,1270.9977072658196,1517.2762476285557,1113.7248623810847,5.0,82.27284488473492,91,29.333776794145972,12,6,1,59,1,Yes,0,Affiliate,West
104060,Feb-2035,1499,17.87701064198518,1481.1229893580148,1570.2121456918105,1285.8628713958142,7.0,90.2601179622007,126,,26,12,3,35,1,Yes,0,Organic,South
104061,Feb-2035,1299,185.48707515249004,1113.51292484751,1317.8031745687483,1029.394945368646,2.0,54.117979478864115,288,40.317088949418206,22,8,1,41,2,No,0,Paid Search,West
104062,Feb-2035,699,149.9182308668166,549.0817691331833,713.3363577692365,456.3418216023605,0.0,92.73994753082286,125,81.5623235350295,1,11,1,3,2,No,0,Paid Search,West
104063,Feb-2035,499,55.257739306762446,443.74226069323754,506.91169981602366,375.913076321211,4.0,7.829184372026539,226,82.67879492075181,26,12,5,19,3,Yes,0,Affiliate,East
104064,Feb-2035,699,141.62275317867756,557.3772468213224,706.3881586037002,434.60409812874985,1.0,107.77314869257252,192,56.691402691865655,1,7,5,19,3,Yes,0,Organic,North
104065,Feb-2035,699,10.161020176472988,688.838979823527,677.8637381249127,635.2345697911129,0.0,53.60441003241408,237,52.030904232804765,22,11,3,1,3,Yes,0,Paid Search,South
104066,Feb-2035,499,31.311327584842076,467.68867241515795,515.9797250840992,347.8272142794227,3.0,74.86145813573526,117,144.8998353670239,25,14,3,22,0,Yes,0,Affiliate,North
104067,Feb-2035,499,158.02178995692339,340.9782100430766,502.8130067454256,334.2892672196399,0.0,6.688942823436747,128,,11,11,1,19,1,Yes,0,Organic,East
104068,Feb-2035,1499,258.24924280746916,1240.7507571925307,1570.7068742497815,1094.4451810488883,5.0,71.30557614364241,258,85.14058999410891,25,8,5,26,2,Yes,0,Paid Search,North
104069,Feb-2035,1499,108.32511142159701,1390.674888578403,1434.4053852793033,1259.0622643746844,6.0,41.6126242037184,204,21.858118351933797,19,9,3,15,1,Yes,0,Organic,South
104070,Feb-2035,499,34.71248834307889,464.2875116569211,488.944349375525,322.98105293269987,5.0,66.30645872422123,124,51.09637691629341,21,13,5,19,0,Yes,0,Paid Search,North
104071,Feb-2035,999,53.364145729440054,945.63585427056,958.9762197823673,795.6833591113287,2.0,119.95249515923125,232,85.54064331625601,8,10,2,25,1,Yes,0,Affiliate,North
104072,Feb-2035,1499,215.8733421319863,1283.1266578680138,1552.8379621568909,1197.2381752733954,2.0,55.88848259461844,136,24.543765806508468,25,12,1,39,2,Yes,0,Affiliate,South
104073,Feb-2035,999,350.0862261531117,648.9137738468883,1030.7552666562406,552.4838541254827,2.0,,64,46.885135843404015,26,12,5,31,2,Yes,0,Paid Search,East
104074,Feb-2035,499,242.4547429712756,256.5452570287244,512.6255671474019,133.3625396764301,2.0,93.1827173522943,229,49.96043233979777,19,14,3,30,1,No,0,Referral,West
104075,Feb-2035,1499,306.09502790982685,1192.904972090173,1525.7729861687244,1158.335282704672,0.0,34.56968938550099,208,25.847475627146274,14,11,1,56,2,Yes,0,Affiliate,South
104076,Feb-2035,699,24.28515626757975,674.7148437324203,671.5011330522517,631.3135446352894,0.0,43.4012990971309,294,29.4869138649782,6,13,4,33,1,Yes,0,Organic,East
104077,Feb-2035,499,141.1284099918235,357.8715900081765,494.30685618437,265.1599472011689,2.0,62.71164280700761,139,21.34527152360113,24,9,1,56,0,Yes,0,Affiliate,East
104078,Mar-2035,1299,272.24290205092893,1026.757097949071,1325.565709436449,881.7606218656837,4.0,84.99647608338742,56,6.113465010548903,13,8,2,16,1,Yes,0,Paid Search,North
104079,Mar-2035,999,17.901309747267902,981.0986902527321,985.0980827867868,761.2016444873923,11.0,54.89704576533979,62,22.288319133427137,16,13,1,40,1,Yes,1,Referral,South
104080,Mar-2035,499,70.99521436483057,428.0047856351694,509.8702866652294,290.9514658195557,5.0,62.05331981561369,231,56.34294659337791,25,10,5,12,4,No,0,Referral,East
104081,Mar-2035,499,263.04229884498386,235.95770115501614,488.2911497362531,-84.21627089176448,7.0,215.17397204678062,62,30.47700596263969,26,13,5,28,3,Yes,1,Organic,East
104082,Mar-2035,1499,181.01109249460188,1317.9889075053982,1505.5263362826984,1164.522153600814,8.0,33.46675390458433,293,47.236581295724946,1,10,3,30,1,Yes,0,Paid Search,East
104083,Mar-2035,1499,34.186688126078025,1464.813311873922,1477.194557045726,1389.0009876322074,0.0,75.81232424171449,197,52.437376970506506,28,10,3,56,1,Yes,0,Affiliate,North
104084,Mar-2035,1499,45.69856886482924,1453.3014311351708,1562.1829421447267,1285.2524596266303,1.0,153.04897150854038,275,41.78703213891393,8,12,1,6,3,Yes,0,Affiliate,South
104085,Mar-2035,1299,310.47782176380076,988.5221782361992,1291.5165892324346,927.3856946394108,1.0,,59,84.61688535574005,12,11,1,42,1,Yes,0,Paid Search,North
104086,Mar-2035,1499,96.40612602491058,1402.5938739750895,1467.0226627542008,1395.2676837401955,0.0,7.326190234894057,291,178.40867017019139,4,6,1,14,0,No,0,Paid Search,East
104087,Mar-2035,499,225.88742147643657,273.11257852356346,476.89482803451295,191.24230497257176,0.0,81.8702735509917,173,,3,9,5,5,4,No,0,Paid Search,East
104088,Mar-2035,1499,86.03466775359635,1412.9653322464037,1445.8535787828541,1408.1647470696234,0.0,,229,96.73325333399956,22,8,5,36,0,Yes,0,Referral,West
104089,Mar-2035,699,275.64819796360206,423.35180203639794,703.5369698051328,217.4045842531683,4.0,145.94721778322963,214,25.965668217369373,20,11,4,59,5,Yes,1,Referral,South
104090,Mar-2035,1499,24.942204022931634,1474.0577959770683,1529.151340046571,1307.8802560526287,,91.17753992443957,229,64.77859719205317,0,15,4,57,1,Yes,1,Referral,South
104091,Mar-2035,1299,463.7758722434123,835.2241277565877,1358.022392068335,771.3392208945786,3.0,18.88490686200909,175,15.823595048851619,8,10,4,23,3,Yes,1,Organic,South
104092,Mar-2035,699,198.2758626826058,500.7241373173942,705.7665447028859,435.9499004982972,1.0,49.77423681909697,292,61.33415214903063,23,10,3,32,0,No,0,Organic,East
104093,Mar-2035,499,218.04830625427073,280.95169374572924,508.0202595862903,203.44379775369072,1.0,62.50789599203851,76,36.183823131729014,15,15,5,31,0,No,0,Referral,East
104094,Mar-2035,499,57.23433758677888,441.7656624132211,504.97848430237985,311.32579490881744,4.0,70.43986750440367,211,35.4564927707877,18,8,1,14,2,Yes,0,Paid Search,East
104095,Mar-2035,999,133.99435989614082,865.0056401038592,1039.2076661296326,815.4256549496149,0.0,49.57998515424423,149,56.23741391354158,25,5,1,32,1,Yes,0,Paid Search,South
104096,Mar-2035,699,137.10611126925838,561.8938887307417,685.1905599449856,344.0343648939765,7.0,,239,20.363964749746863,2,14,4,49,1,Yes,0,Affiliate,West
104097,Mar-2035,999,365.52819951020194,633.471800489798,1009.3117374378439,425.25175542559475,7.0,103.22004506420332,65,20.239015749369344,2,4,3,27,1,Yes,1,Referral,North
104098,Mar-2035,699,198.06921257133433,500.93078742866567,731.1388796201899,348.6057623106427,5.0,,108,37.35934335842801,6,13,3,1,0,Yes,0,Paid Search,North
104099,Mar-2035,699,215.2595647683886,483.7404352316114,664.548268190444,298.1158013988519,5.0,110.62463383275954,70,95.01585008053921,17,11,4,49,0,No,0,Paid Search,West
104100,Mar-2035,1299,213.91786517782373,1085.0821348221762,1269.250183210151,995.9050485886228,4.0,29.177086233553496,65,38.13242028058427,24,10,1,52,1,No,1,Affiliate,East
104101,Mar-2035,999,225.4333078901516,773.5666921098484,1024.8525814068366,749.0518689010383,0.0,24.5148232088101,258,180.80283478971523,19,8,3,9,0,No,0,Affiliate,East
104102,Mar-2035,1299,16.734421169134777,1282.2655788308653,1295.092144854174,1223.043908222152,2.0,29.22167060871334,256,215.21139262937547,6,14,2,16,0,Yes,1,Organic,West
104103,Mar-2035,699,395.9121729644057,303.0878270355943,675.8198974266087,212.33241988104953,6.0,0.7554071545447698,62,46.52771379469978,23,13,4,35,1,No,0,Referral,West
104104,Mar-2035,499,44.701371336604836,454.29862866339516,502.5753595774911,334.1258085012891,2.0,90.17282016210605,82,141.38474916680875,15,8,1,10,1,No,0,Organic,North
104105,Mar-2035,699,145.39147971970954,553.6085202802905,700.0533819297517,409.167206879314,2.0,114.4413134009765,231,23.107486755267672,20,15,2,49,4,No,0,Organic,North
104106,Mar-2035,1299,333.7779477025953,965.2220522974046,1293.0401743985985,928.9430750443097,2.0,6.2789772530948795,118,50.79898053113563,23,11,5,16,1,Yes,0,Affiliate,East
104107,Mar-2035,999,382.15503560848333,616.8449643915167,983.1903450477947,552.420643489281,3.0,19.424320902235706,204,58.09574215286069,3,10,1,30,0,Yes,0,Paid Search,West
104108,Mar-2035,999,246.71448956777695,752.2855104322231,954.2984443967055,633.9016772289622,0.0,118.38383320326086,101,74.64384882536879,12,13,2,33,0,No,0,Referral,South
104109,Apr-2035,1299,89.43663723053443,1209.5633627694656,1312.5256135110087,1181.0041963820263,0.0,28.559166387439348,114,13.283489414370734,9,11,5,51,1,Yes,0,Affiliate,East
104110,Apr-2035,999,165.328146353316,833.671853646684,1000.7239664541275,701.5164041671859,7.0,27.15544947949814,93,55.36022465807462,1,6,3,15,0,Yes,1,Referral,South
104111,Apr-2035,1499,170.03607349294253,1328.9639265070575,1511.79540939506,1223.1734859967578,5.0,30.790440510299803,207,114.90387302216057,18,12,1,59,1,No,0,Affiliate,North
104112,Apr-2035,499,174.28685487709606,324.71314512290394,474.17176509378726,172.06183352390536,10.0,2.651311598998589,200,5.4744585468786235,13,6,1,39,1,Yes,0,Paid Search,West
104113,Apr-2035,499,2.393636710504296,496.6063632894957,478.1759167142468,396.0959300846297,2.0,70.51043320486598,128,24.444990571618792,5,14,3,8,0,No,0,Referral,North
104114,Apr-2035,499,301.2131438874585,197.7868561125415,482.4180814164382,45.2128433431767,0.0,152.5740127693648,277,116.7020173845165,25,8,1,4,1,Yes,0,Paid Search,North
104115,Apr-2035,999,166.15067711253346,832.8493228874665,993.8490260945317,656.8646150962282,3.0,130.98470779123826,260,29.877336858426425,12,9,4,44,2,Yes,1,Organic,North
104116,Apr-2035,999,63.33374772600706,935.666252273993,1029.7591216389653,741.103303645896,12.0,14.562948628097018,271,54.002093255795444,21,9,2,2,1,No,0,Referral,East
104117,Apr-2035,699,90.19282947030706,608.8071705296929,681.234750595225,521.7623900393526,0.0,87.04478049034037,65,66.27922364032459,27,11,5,7,3,Yes,0,Affiliate,North
104118,Apr-2035,699,182.38200426104555,516.6179957389545,720.5529965394177,406.7605530101064,3.0,64.85744272884813,232,24.52975504286214,30,9,5,57,1,No,0,Organic,South
104119,Apr-2035,499,18.34879794700879,480.6512020529912,485.7891973368242,245.91055215872768,9.0,99.74064989426356,67,17.64090884838557,11,10,2,58,2,Yes,0,Organic,South
104120,Apr-2035,1499,255.4122091399148,1243.587790860085,1536.3314326862244,1177.8657830057316,3.0,20.722007854353507,267,41.63529593990484,11,16,4,38,0,Yes,1,Affiliate,East
104121,Apr-2035,699,178.16763628916902,520.832363710831,725.1587834670564,253.42625880221306,8.0,147.40610490861798,66,101.89344461471957,29,7,1,34,0,Yes,0,Referral,West
104122,Apr-2035,699,337.88275404313106,361.11724595686894,721.1208004316516,90.24032936076276,12.0,90.87691659610617,252,55.68713571460889,22,10,3,25,2,No,0,Paid Search,West
104123,Apr-2035,999,159.31004653614846,839.6899534638516,1022.8144393254865,758.9339203971965,4.0,20.756033066655107,101,18.046910915583084,11,8,3,7,0,Yes,1,Organic,North
104124,Apr-2035,1499,19.767847225734073,1479.2321527742658,1429.812589665322,1386.8878866566836,5.0,,222,85.58422872312838,10,8,1,25,0,Yes,0,Referral,North
104125,Apr-2035,499,6.263617214719716,492.7363827852803,490.52463372317254,341.17752908599647,6.0,61.55885369928383,105,18.98238583642316,13,13,5,59,0,Yes,0,Referral,South
104126,Apr-2035,699,103.11532633050861,595.8846736694913,677.7862240703786,556.9709874940795,1.0,23.913686175411883,142,64.99478196815141,3,12,2,2,3,No,0,Paid Search,North
104127,Apr-2035,1499,115.81142800541629,1383.1885719945838,1495.1906871052972,1183.1958165607568,4.0,139.99275543382697,231,43.36927731589182,12,12,2,26,1,Yes,0,Organic,South
104128,Apr-2035,1499,81.9285942410902,1417.0714057589098,1477.157823248045,1297.5928015862808,3.0,74.4786041726291,58,,7,12,5,36,1,No,0,Paid Search,South
104129,Apr-2035,499,165.4176639502122,333.58233604978784,504.8783052798425,206.43331762084543,0.0,127.14901842894241,290,39.966074301372,23,11,2,48,2,Yes,0,Referral,East
104130,Apr-2035,1499,78.88275673371882,1420.117243266281,1508.8550401430593,1154.1476533258335,8.0,145.96958994044763,194,44.34475708405306,26,11,5,38,3,Yes,0,Referral,West
104131,Apr-2035,1499,180.50470733090867,1318.4952926690912,1488.6350725124719,1207.2089791613885,4.0,51.28631350770272,76,47.57164112649966,22,7,4,42,1,Yes,1,Affiliate,East
104132,Apr-2035,1499,87.52219011980766,1411.4778098801924,1539.084842073297,1221.6326412906892,8.0,69.84516858950325,86,58.15333343928171,2,10,1,55,1,No,0,Affiliate,East
104133,Apr-2035,699,225.80444492814854,473.19555507185146,665.0848870248872,378.47232151667316,3.0,49.7232335551783,71,94.6836613033072,13,9,5,46,1,Yes,0,Paid Search,North
104134,Apr-2035,499,112.78814479478113,386.21185520521885,517.2514476069852,214.41168100042034,8.0,51.80017420479853,121,154.14994610570025,18,8,4,3,2,No,0,Organic,North
104135,Apr-2035,1499,299.54480067209187,1199.455199327908,1424.4922742087522,1055.1457973270642,8.0,24.30940200084393,244,48.889180779786315,17,10,5,46,0,Yes,0,Paid Search,West
104136,Apr-2035,1499,228.27536397475836,1270.7246360252416,1491.8071914512384,1010.1351756311433,2.0,230.58946039409818,215,87.57841498964221,10,14,4,29,1,No,0,Organic,North
104137,Apr-2035,699,173.23024077740465,525.7697592225953,725.6561185738252,366.3091278322845,6.0,69.46063139031082,148,53.242317158353316,12,10,4,58,0,Yes,0,Affiliate,West
104138,Apr-2035,499,125.07872800321093,373.9212719967891,494.90805421835466,314.1233839692514,0.0,59.79788802753766,273,38.074789028704664,22,15,4,11,3,No,0,Organic,West
104139,May-2035,999,32.281167039434735,966.7188329605652,1024.541439953153,841.7930948801169,,124.92573808044837,121,60.26517512394233,29,11,1,43,1,Yes,0,Referral,West
104140,May-2035,699,319.62592856087065,379.37407143912935,692.214645004052,329.09820843369135,3.0,5.275863005437991,221,13.16126503637285,5,6,5,21,0,No,0,Referral,North
104141,May-2035,499,68.30675058992406,430.69324941007596,516.51114819489,227.670621594666,10.0,,172,21.753785250966715,27,10,5,43,2,No,0,Affiliate,East
104142,May-2035,1499,160.88785612826632,1338.1121438717337,1573.8346016061541,1125.5377993247291,6.0,122.57434454700459,140,16.727334247348903,22,10,5,4,2,Yes,0,Affiliate,South
104143,May-2035,499,191.25651882430586,307.7434811756941,518.8748507540905,149.42412232399465,9.0,23.319358851699484,273,57.828698533411725,17,12,4,5,5,Yes,0,Affiliate,South
104144,May-2035,499,127.97861285063289,371.0213871493671,476.8319018437594,77.16350109294609,9.0,158.85788605642102,85,,19,10,2,6,0,No,0,Paid Search,East
104145,May-2035,499,312.5521265229633,186.4478734770367,481.4479836410937,32.60700627019895,0.0,153.84086720683774,147,15.027426079847471,0,10,2,22,1,No,0,Organic,South
104146,May-2035,999,3.435489910950423,995.5645100890496,1003.1814066153602,859.7528149776117,0.0,135.8116951114378,202,9.405983846515673,1,12,5,46,2,No,0,Paid Search,East
104147,May-2035,499,358.07217683848046,140.92782316151954,522.0339064176222,55.14110827844952,2.0,55.78671488307002,272,49.58132948104097,6,8,2,39,1,No,0,Organic,West
104148,May-2035,999,230.58690690099795,768.413093099002,989.6418055689339,632.2845746205655,0.0,136.12851847843643,91,33.782959253830775,4,6,2,6,1,Yes,1,Affiliate,North
104149,May-2035,1499,120.42952957986368,1378.5704704201364,1465.5785788808873,1228.1497664470194,4.0,90.42070397311704,160,40.19122990215621,25,10,2,14,0,Yes,0,Paid Search,East
104150,May-2035,999,121.7724007282454,877.2275992717546,1045.4513983627148,722.9428318741218,5.0,79.28476739763272,62,65.07910938272984,18,8,4,22,1,Yes,0,Affiliate,East
104151,May-2035,1499,116.01858046846098,1382.981419531539,1530.2969820220576,1220.3496280382656,4.0,102.63179149327335,233,45.91496455156055,1,12,5,16,1,Yes,1,Paid Search,North
104152,May-2035,1499,48.212067579827846,1450.7879324201722,1539.5382094092306,1390.1692681520829,1.0,45.61866426808934,128,36.79598073884443,2,6,5,32,3,Yes,0,Paid Search,West
104153,May-2035,999,107.53154939843483,891.4684506015651,960.1128359066953,815.2719256630336,2.0,46.196524938531496,167,7.055518879911739,19,10,3,36,1,Yes,0,Referral,North
104154,May-2035,699,171.13259712370893,527.8674028762911,682.4030560738015,322.00227422218586,4.0,145.8651286541052,228,65.16601233231287,9,9,3,50,1,No,0,Paid Search,North
104155,May-2035,1299,301.1497493342672,997.8502506657328,1299.4709099176057,823.2880245168026,,69.56222614893028,227,6.4446677973443585,9,11,2,58,0,No,0,Affiliate,West
104156,May-2035,499,394.5054749794742,104.49452502052583,510.79823525090256,-41.994271778043085,2.0,116.48879679856891,254,55.9789835613158,20,8,5,7,2,Yes,0,Paid Search,South
104157,May-2035,1299,182.67205185630877,1116.3279481436912,1279.1623607378485,924.5858552393067,7.0,86.74209290438444,101,281.1131144058799,7,10,2,23,2,Yes,0,Affiliate,East
104158,May-2035,499,174.67311745715588,324.32688254284415,484.24306138932764,155.18943990502913,1.0,154.137442637815,293,73.12571468319115,8,7,4,59,0,Yes,0,Affiliate,South
104159,May-2035,499,91.1577878985758,407.8422121014242,495.8640477771419,291.9909325963841,6.0,25.85127950504011,210,28.05293535158299,1,10,5,51,3,Yes,0,Organic,South
104160,May-2035,1499,55.8120171987444,1443.1879828012557,1487.652221853483,1260.0509622387094,,168.13702056254613,144,92.13558883724077,27,13,4,14,1,Yes,0,Referral,East
104161,May-2035,499,77.30561685537405,421.69438314462593,517.6111768986914,360.6200829000722,0.0,,202,,2,8,4,47,2,No,0,Organic,West
104162,May-2035,499,125.33987043047725,373.6601295695227,520.6448995393253,230.09213835198136,8.0,23.567991217541334,161,102.78506138598692,15,9,5,53,1,No,0,Paid Search,South
104163,May-2035,999,267.04733047981944,731.9526695201805,965.9145805185324,523.8979088459583,11.0,43.05476067422212,107,125.94330749903168,3,13,2,6,1,No,0,Paid Search,West
104164,May-2035,1299,212.3417437898336,1086.6582562101664,1270.3561639722534,888.6794706607997,6.0,107.97878554936672,217,22.999966126078704,22,10,3,42,1,Yes,1,Paid Search,South
104165,May-2035,999,176.58542686812723,822.4145731318728,1027.573857509518,736.45992247974,5.0,10.954650652132727,136,34.42876438888507,29,11,2,25,1,Yes,0,Referral,West
104166,May-2035,499,80.30398878128966,418.69601121871034,486.2779360124221,232.91821039710646,3.0,140.77780082160388,215,80.98618925905316,5,8,3,3,1,Yes,0,Organic,North
104167,May-2035,1499,87.85400988529571,1411.1459901147043,1463.7202112897623,1236.0970923672332,6.0,85.04889774747102,52,45.05876580498423,12,13,1,13,2,Yes,0,Affiliate,North
104168,May-2035,999,80.6107258479185,918.3892741520815,1016.6464328411132,844.0103159989225,4.0,14.378958153159047,165,21.39832431605364,5,9,3,51,1,No,0,Referral,North
104169,May-2035,999,49.648376033041416,949.3516239669586,1000.0822739588644,726.4741850412564,,192.87743892570225,65,74.0005768554517,9,8,5,53,2,No,0,Paid Search,South
104170,Jun-2035,699,114.95919885543387,584.0408011445661,713.2319937344225,573.1838688219374,0.0,10.856932322628722,179,80.77625532357628,22,11,3,50,1,Yes,0,Organic,West
104171,Jun-2035,499,269.28533252615875,229.71466747384125,477.6719908725841,34.96744329734423,4.0,134.747224176497,72,38.135254412037284,16,8,1,3,1,Yes,0,Paid Search,West
104172,Jun-2035,1499,266.047868395306,1232.952131604694,1499.630283868567,1127.2473837097587,0.0,105.70474789493517,147,18.446359613422363,7,10,3,31,2,Yes,0,Paid Search,South
104173,Jun-2035,999,245.24589144929234,753.7541085507077,1016.2673280454427,684.157665889955,1.0,54.59644266075273,207,33.11380361244002,8,13,2,54,2,Yes,0,Affiliate,West
104174,Jun-2035,999,88.18854197783526,910.8114580221647,996.4434683947568,738.9021437752701,7.0,66.90931424689461,288,35.31030938769564,1,13,3,3,2,Yes,1,Referral,North
104175,Jun-2035,1499,287.3115799340532,1211.6884200659467,1443.2096773678597,844.3942705022262,13.0,172.2941495637206,59,53.47937077694769,16,8,5,17,2,Yes,0,Paid Search,East
104176,Jun-2035,499,38.27153084521879,460.72846915478124,480.7309491760877,353.52798579605746,6.0,17.200483358723744,114,15.604631027761211,19,7,5,55,3,Yes,0,Paid Search,North
104177,Jun-2035,699,252.40721266306514,446.59278733693486,705.1511757766524,336.39795826014154,,5.194829076793312,71,42.31154388433206,10,12,4,39,1,Yes,0,Paid Search,East
104178,Jun-2035,999,50.94915837456665,948.0508416254333,963.4400368039129,841.7739904080819,2.0,,101,31.110344897826728,17,10,2,2,1,Yes,0,Paid Search,East
104179,Jun-2035,699,8.746530733533803,690.2534692664663,685.2831927565636,642.43513110146,1.0,32.81833816500624,160,74.57969615910498,21,9,2,5,1,No,0,Organic,South
104180,Jun-2035,1299,348.3138073164676,950.6861926835325,1291.359291789822,866.0089730611566,1.0,69.67721962237589,233,372.5566952340094,2,14,3,9,1,No,0,Paid Search,West
104181,Jun-2035,499,125.53984634049547,373.4601536595045,503.6564961462384,311.20465691866036,2.0,32.25549674084413,210,55.718862930860084,8,9,3,29,1,Yes,0,Referral,North
104182,Jun-2035,1299,68.2836168700261,1230.716383129974,1268.5139465233685,1189.5412807661435,2.0,11.175102363830511,266,46.522709217418104,7,7,5,35,1,Yes,0,Affiliate,East
104183,Jun-2035,1299,282.33104503987846,1016.6689549601215,1286.6916280327384,872.3924119142326,7.0,39.27654304588887,263,64.18266890650695,28,18,4,40,0,Yes,0,Referral,South
104184,Jun-2035,1299,296.0845948268726,1002.9154051731274,1281.8304747733314,710.647761500703,10.0,142.26764367242436,129,82.420296564807,6,5,1,36,0,Yes,0,Organic,West
104185,Jun-2035,499,98.00630302809328,400.99369697190673,478.89378414125383,276.8476365799168,3.0,79.14606039198992,207,2.205887986644848,26,8,3,35,2,Yes,0,Paid Search,South
104186,Jun-2035,499,183.41561435305644,315.5843856469436,514.1576546172676,114.8691509926224,8.0,80.7152346543212,259,46.21798387577647,6,4,2,50,2,Yes,0,Affiliate,South
104187,Jun-2035,1499,166.42889104885722,1332.5711089511428,1535.3336176179587,1087.8356430240476,9.0,109.73546592709519,201,89.41603141168466,22,9,3,30,4,No,1,Affiliate,North
104188,Jun-2035,699,189.25217288760007,509.74782711239993,718.860576713995,343.97914918462754,2.0,135.7686779277724,182,10.436303663131643,20,14,4,15,1,Yes,0,Affiliate,South
104189,Jun-2035,699,17.50320945164728,681.4967905483527,674.3479963727076,497.648113843338,5.0,108.8486767050147,102,55.37510517679014,7,11,2,29,1,Yes,0,Referral,South
104190,Jun-2035,1499,263.0705297018492,1235.9294702981508,1501.6300895332795,1082.3280993539609,0.0,153.60137094419002,278,95.59694386076242,19,6,4,25,0,Yes,1,Referral,West
104191,Jun-2035,1499,50.08749011487001,1448.91250988513,1473.5559961585548,1363.2621833380206,3.0,40.65032654710946,232,167.1338773175272,4,9,2,11,1,Yes,0,Referral,East
104192,Jun-2035,1299,213.58054752780765,1085.4194524721925,1279.319835939718,919.2625629345875,2.0,136.1568895376049,72,59.75975064808947,2,12,3,37,1,Yes,0,Paid Search,East
104193,Jun-2035,1499,181.564854161464,1317.435145838536,1433.9142567424153,1042.943263328739,10.0,124.49188250979711,155,74.18842696597662,18,13,4,57,1,Yes,0,Affiliate,East
104194,Jun-2035,999,295.8519324153458,703.1480675846542,1043.5391643988587,457.52566731187073,12.0,65.62240027278347,140,68.91811860219204,1,9,5,48,2,Yes,0,Organic,East
104195,Jun-2035,699,13.654978608942798,685.3450213910572,729.7349887487165,622.0981576020693,3.0,18.246863788988023,168,13.173599897207847,13,13,2,56,1,Yes,0,Organic,North
104196,Jun-2035,1499,197.30470091535025,1301.6952990846498,1485.256735704207,1107.5583186435886,1.0,179.1369804410612,253,210.6629229761976,20,11,4,51,0,Yes,0,Affiliate,South
104197,Jun-2035,999,142.15026502374673,856.8497349762533,1034.4074988631362,732.6039676842837,5.0,49.245767291969585,187,63.557436879285206,27,13,4,4,2,Yes,0,Organic,East
104198,Jun-2035,999,55.227079119006305,943.7729208809938,982.0279072472933,849.8989611698473,1.0,,275,41.075560170072194,1,12,1,54,0,Yes,0,Referral,West
104199,Jun-2035,999,54.38443076649145,944.6155692335085,1004.9357513534496,814.1441902292645,8.0,10.47137900424395,169,116.62373656491765,9,6,1,43,1,Yes,0,Organic,North
104200,Jul-2035,999,177.29770569907961,821.7022943009204,1023.4360672997241,784.3835607086259,1.0,22.31873359229448,210,26.228184520880628,19,8,3,58,0,Yes,0,Affiliate,East
104201,Jul-2035,1299,225.56042052621498,1073.439579473785,1301.9960279798374,934.9339182193862,6.0,48.50566125439867,257,70.016830039969,9,13,5,12,1,No,0,Referral,West
104202,Jul-2035,999,157.63155390531537,841.3684460946846,965.4144907687872,511.0591424297563,7.0,,142,38.069850591203746,27,12,5,32,2,Yes,0,Organic,West
104203,Jul-2035,1299,161.36571022287345,1137.6342897771265,1283.2866964655962,951.1870551793481,5.0,111.44723459777833,111,25.370478428117682,16,11,4,5,0,No,0,Affiliate,West
104204,Jul-2035,1299,90.18067151567715,1208.8193284843228,1332.7095085738606,1009.5239025693131,11.0,34.2954259150096,131,49.88504850343065,1,6,4,42,0,No,0,Referral,West
104205,Jul-2035,999,98.13770195403312,900.8622980459669,1027.058232544494,790.2262969708912,3.0,65.63600107507571,204,55.4346441469008,26,8,4,42,0,No,1,Paid Search,North
104206,Jul-2035,699,54.903556997052306,644.0964430029477,687.6701100878482,545.3435367834411,0.0,98.75290621950666,56,45.216384733013214,0,8,2,51,1,Yes,0,Referral,South
104207,Jul-2035,999,87.76780179659661,911.2321982034034,1003.0435086393535,675.8548553845947,7.0,130.3773428188088,149,224.76561385382695,17,16,3,37,1,Yes,0,Organic,South
104208,Jul-2035,999,221.3610710201997,777.6389289798003,969.7410927816619,594.108783132973,8.0,63.53014584682729,204,55.07093684513244,3,14,3,37,1,Yes,0,Referral,West
104209,Jul-2035,999,234.76867493206183,764.2313250679382,974.1332828195638,567.0355901253507,6.0,107.1957349425875,123,36.70843812712335,0,7,1,25,0,Yes,1,Paid Search,East
104210,Jul-2035,699,3.1050738967365135,695.8949261032635,674.1723093188206,491.01348645442545,2.0,174.8814396488381,187,,21,8,4,4,0,Yes,0,Organic,South
104211,Jul-2035,499,42.42759896620818,456.57240103379183,495.90233040401245,361.7389165425244,1.0,79.8334844912674,298,81.48424911315624,16,6,4,24,1,Yes,0,Paid Search,South
104212,Jul-2035,499,64.75223715969703,434.247762840303,509.97227170791416,353.7363465933701,2.0,50.51141624693288,252,66.96078334339877,2,11,2,36,1,No,0,Organic,East
104213,Jul-2035,1299,142.31557658803013,1156.6844234119699,1348.256283623968,1043.7960774049634,6.0,22.888346007006458,106,141.00966207238832,1,10,4,58,0,Yes,0,Affiliate,East
104214,Jul-2035,1299,51.97833672436843,1247.0216632756315,1304.8064171394988,1139.797653959562,1.0,92.22400931606938,79,60.017613974116365,17,8,4,2,1,No,0,Paid Search,North
104215,Jul-2035,699,44.5311542713991,654.4688457286009,709.6272518199822,442.19386568786433,11.0,47.27498004073655,52,4.682040297758707,3,7,3,35,1,Yes,0,Organic,North
104216,Jul-2035,1499,16.269781562648745,1482.7302184373511,1464.0466550675587,1268.4679791396627,14.0,4.262239297688495,206,55.51244552306994,24,11,4,36,1,Yes,0,Affiliate,North
104217,Jul-2035,499,198.05785610521394,300.94214389478606,484.13292788821144,241.39908270876577,1.0,44.54306118602027,63,56.02621202758655,2,7,2,8,2,Yes,1,Affiliate,West
104218,Jul-2035,1299,146.43900692012824,1152.5609930798719,1285.452079659703,1054.4953790770085,6.0,8.065614002863356,126,98.69996154041684,11,10,2,9,1,Yes,0,Paid Search,West
104219,Jul-2035,499,94.49429694691565,404.50570305308435,501.9395732041637,321.52452859550283,5.0,7.9811744575814885,132,6.934265546557563,21,10,5,28,0,Yes,0,Affiliate,South
104220,Jul-2035,699,22.406726307837445,676.5932736921626,666.3959718278403,648.1938879061253,1.0,,202,72.21624175228771,15,13,5,54,3,No,1,Affiliate,North
104221,Jul-2035,699,96.34842584529665,602.6515741547033,670.4878902529698,586.461487274741,1.0,1.190086879962351,187,89.02083909265122,27,6,1,40,1,Yes,0,Organic,West
104222,Jul-2035,1499,82.23694610904944,1416.7630538909505,1518.6024247229186,1319.8984627952204,2.0,66.86459109572999,128,56.37432539722146,10,9,2,44,1,Yes,0,Referral,South
104223,Jul-2035,1499,346.1599863023846,1152.8400136976154,1453.9265378984899,971.3203356861987,2.0,151.51967801141666,269,83.73631255684913,9,13,2,10,2,Yes,0,Affiliate,North
104224,Jul-2035,699,269.6423653898124,429.3576346101876,695.7397540569475,236.2961663108041,8.0,73.06146829938345,281,21.957735892614956,18,11,3,5,1,No,0,Paid Search,South
104225,Jul-2035,1299,67.11504888852959,1231.8849511114704,1355.703403818855,1212.7463202983624,1.0,4.138630813107952,226,92.95618586848802,9,14,5,37,0,Yes,1,Organic,West
104226,Jul-2035,499,169.82344091429482,329.1765590857052,517.0940041609938,214.13598108285328,2.0,85.04057800285193,87,18.74823348019538,20,6,1,56,0,No,0,Organic,North
104227,Jul-2035,999,263.3050375903195,735.6949624096806,955.4141176830033,646.8761807787931,2.0,58.818781630887464,248,29.86674922320537,24,9,3,47,0,Yes,0,Affiliate,South
104228,Jul-2035,1499,67.07829752444542,1431.9217024755546,1432.8503235893913,1293.380203569186,5.0,63.54149890636858,191,78.34673580463519,2,5,3,31,2,Yes,0,Affiliate,East
104229,Jul-2035,999,20.053288916792383,978.9467110832077,963.5603865482155,930.7981423604037,0.0,48.148568722803894,207,179.40723457016327,23,11,5,52,1,No,0,Referral,South
104230,Jul-2035,1299,65.62302251191485,1233.3769774880852,1249.1709001716592,955.3176053194627,6.0,188.05937216862262,89,158.32857369794328,5,13,3,29,2,Yes,0,Paid Search,East
104231,Aug-2035,1499,302.6720303897529,1196.3279696102472,1462.0969807933718,1093.4242266118738,3.0,57.90374299837334,189,63.89102474679106,13,8,5,3,2,No,1,Organic,East
104232,Aug-2035,999,127.07251422360989,871.9274857763901,986.219477272322,821.8357664094037,3.0,5.0917193669864105,269,10.788803841886278,30,20,2,26,2,Yes,0,Organic,South
104233,Aug-2035,1299,184.95902794496388,1114.040972055036,1244.824231799796,1101.8648197311768,0.0,12.176152323859348,291,30.844572681383763,11,10,2,31,2,Yes,0,Referral,South
104234,Aug-2035,499,81.0915149617128,417.9084850382872,497.0299894368603,220.79482259550343,5.0,122.11366244278375,191,38.95044832910007,7,5,5,2,5,Yes,0,Referral,East
104235,Aug-2035,1299,2.147870218762108,1296.8521297812379,1302.8742417358903,1251.9347772790009,,44.91735250223695,178,2.8567331980688224,1,11,4,15,4,Yes,1,Paid Search,North
104236,Aug-2035,1499,20.243901019308225,1478.7560989806918,1523.2231507306017,1290.19677878948,2.0,158.5593201912118,117,,8,7,4,13,1,Yes,0,Paid Search,East
104237,Aug-2035,699,10.924175075113055,688.075824924887,692.4531069091659,434.74253133594095,10.0,103.33329358894605,98,94.87400288888544,13,8,1,28,0,Yes,0,Affiliate,North
104238,Aug-2035,499,251.999329736265,247.000670263735,488.8151483334951,83.89802983768084,1.0,148.10264042605417,67,151.48491970146546,0,3,4,56,1,Yes,0,Affiliate,East
104239,Aug-2035,999,329.10733899984604,669.892661000154,1013.3036479781425,361.11421017267116,13.0,113.7784508274828,292,105.74509800968433,2,9,1,44,2,Yes,0,Referral,East
104240,Aug-2035,1499,154.4692754970027,1344.5307245029974,1560.6383059954085,1239.6958851075203,6.0,14.834839395477012,213,32.437229129323555,19,13,5,14,0,Yes,0,Paid Search,West
104241,Aug-2035,699,32.135891184047864,666.8641088159521,691.7647398738612,641.8480368403547,1.0,10.016071975597463,113,81.03026055698452,5,15,5,12,2,Yes,0,Affiliate,East
104242,Aug-2035,1299,209.590102900273,1089.409897099727,1272.1674518549978,940.8379794840523,0.0,148.57191761567466,145,48.70271494906059,26,11,5,15,1,Yes,1,Referral,South
104243,Aug-2035,699,301.7981597991051,397.2018402008949,714.2185914323729,158.24318082020076,3.0,193.95865938069412,77,18.260926097025184,19,18,1,21,0,No,0,Referral,South
104244,Aug-2035,1499,266.60001209800726,1232.3999879019927,1555.5533911685523,1141.4880080493972,6.0,0.9119798525955574,269,61.62672707080973,12,10,3,54,2,Yes,0,Organic,West
104245,Aug-2035,1499,146.50427418180072,1352.4957258181994,1567.92426187243,1121.0607505354958,9.0,96.43497528270359,279,75.78214415675231,10,12,1,29,0,Yes,0,Affiliate,West
104246,Aug-2035,699,121.86213160477409,577.137868395226,679.4381961666293,433.77811721228346,1.0,128.3597511829425,209,21.923451595620726,14,11,3,57,1,No,0,Paid Search,South
104247,Aug-2035,1299,145.5400414548323,1153.4599585451676,1273.3801255508704,965.2250662599567,6.0,,249,13.505191445126862,17,11,2,45,0,Yes,0,Organic,West
104248,Aug-2035,699,297.0298805972059,401.9701194027941,727.369673355233,287.6250667040799,,54.34505269871423,74,33.02432479092534,18,12,2,35,0,Yes,0,Referral,East
104249,Aug-2035,1499,241.24385133856586,1257.756148661434,1464.5215864205586,1223.9425364479114,1.0,18.81361221352268,224,117.0136954794966,18,8,3,47,0,Yes,0,Affiliate,East
104250,Aug-2035,1499,103.70916004520376,1395.2908399547962,1475.8550148468164,1323.050027772329,0.0,72.24081218246721,197,86.16711914540528,5,10,3,20,2,No,0,Affiliate,South
104251,Aug-2035,999,100.69016690515238,898.3098330948476,1012.932162135149,721.4528275990799,4.0,116.85700549576774,210,34.998701689113204,14,6,4,18,0,Yes,1,Referral,South
104252,Aug-2035,999,92.1965941511178,906.8034058488822,1005.8069287113398,614.5438339316524,9.0,157.25957191722983,79,23.68312110589074,20,13,3,38,0,Yes,0,Paid Search,South
104253,Aug-2035,499,22.244083973723818,476.75591602627617,517.8548012681877,300.21537052783793,6.0,,214,48.35599345279592,13,12,3,15,2,No,1,Paid Search,South
104254,Aug-2035,1499,312.2205882894463,1186.7794117105536,1515.7661019156335,1094.7003599043792,5.0,17.079051806174476,257,17.281485193561394,4,13,5,57,2,Yes,1,Referral,East
104255,Aug-2035,999,55.46115027042735,943.5388497295727,997.8890902032989,890.5245811870482,2.0,23.014268542524555,230,56.857034171162475,29,7,1,12,2,Yes,0,Affiliate,North
104256,Aug-2035,699,208.8331278800104,490.1668721199896,669.2189268318439,415.2725861973103,3.0,29.89428592267926,266,42.84117886434709,10,8,3,34,4,No,0,Affiliate,South
104257,Aug-2035,1299,70.62868340186012,1228.3713165981399,1360.7059294741282,1128.1113957011974,4.0,40.25992089694259,151,2.424787593491424,19,8,5,5,2,Yes,0,Referral,West
104258,Aug-2035,699,92.73313415599654,606.2668658440034,693.5698906413451,353.5087617362954,6.0,162.758104107708,166,36.56207174491179,12,10,3,58,0,Yes,0,Paid Search,East
104259,Aug-2035,1299,136.33430799324344,1162.6656920067567,1308.4281037899311,968.9569112825611,0.0,193.70878072419555,155,3.0257407885190433,12,17,4,17,1,Yes,0,Referral,West
104260,Aug-2035,999,215.42909098010495,783.570909019895,999.2026690838536,594.6895933159585,1.0,173.88131570393648,123,59.82029940149574,3,5,3,13,2,No,1,Paid Search,North
104261,Aug-2035,499,118.89313418574251,380.1068658142575,510.8744830303829,143.26545313504073,8.0,116.84141267921679,118,16.015269004128786,8,7,3,13,2,Yes,0,Organic,South
104262,Sep-2035,699,13.29537940592013,685.7046205940799,709.2369312468938,423.5404029763223,1.0,247.16421761775757,57,8.85159026559808,22,7,5,36,1,No,0,Organic,East
104263,Sep-2035,699,152.2897597294921,546.7102402705079,688.0026650251283,503.01439541370723,1.0,28.69584485680065,172,39.9656110266502,28,8,3,16,5,No,1,Affiliate,West
104264,Sep-2035,699,57.99938409700442,641.0006159029956,700.4009940007318,589.9827286300128,2.0,21.017887272982737,146,37.05966884736441,12,11,5,40,0,Yes,0,Affiliate,West
104265,Sep-2035,1299,335.2605968297437,963.7394031702563,1341.3522691487674,822.8381700826272,6.0,50.90123308762902,150,61.306788485824924,27,15,1,3,0,No,0,Referral,West
104266,Sep-2035,999,118.80665970328931,880.1933402967106,1012.3322050046798,655.8700919275495,4.0,164.3232483691611,50,16.721526154820623,7,13,5,52,0,Yes,0,Affiliate,West
104267,Sep-2035,699,69.84367943146371,629.1563205685363,730.7757382528506,472.2742576320027,4.0,96.88206293653369,144,126.6094719706752,19,7,1,2,0,Yes,0,Referral,South
104268,Sep-2035,699,386.9760959584011,312.0239040415989,716.7507131742988,-26.17392060956115,10.0,188.19782465116003,56,82.91336297567598,10,11,3,25,2,Yes,0,Paid Search,East
104269,Sep-2035,499,238.66676429309678,260.3332357069032,498.2609714516881,205.10767175822576,,55.225563948677475,111,129.9566608479605,30,7,1,53,1,No,0,Affiliate,West
104270,Sep-2035,499,42.38710634349404,456.61289365650595,514.3198327987653,371.7274432200308,1.0,69.88545043647514,160,41.58631157297824,18,11,2,3,0,No,0,Paid Search,East
104271,Sep-2035,999,55.09031280040753,943.9096871995924,993.224804038667,820.0499929984202,8.0,3.859694201172303,136,21.43321409416305,0,7,2,11,0,No,0,Affiliate,East
104272,Sep-2035,999,206.9019577308818,792.0980422691182,970.3476020957457,600.1195293252579,4.0,131.97851294386038,235,,8,6,5,11,2,No,0,Organic,North
104273,Sep-2035,1499,155.21715612418785,1343.7828438758122,1518.4434059440084,1333.352483254191,0.0,10.430360621621382,265,81.79652233349039,24,15,4,10,1,Yes,1,Referral,North
104274,Sep-2035,499,256.8210651264569,242.17893487354308,491.70933651691104,169.5500117615927,1.0,57.62892311195037,255,39.097636990833166,1,8,3,28,0,Yes,0,Affiliate,West
104275,Sep-2035,1499,70.47884388101001,1428.52115611899,1427.776908778998,1313.7800622105165,,69.74109390847339,136,46.97664064129904,3,7,2,55,0,Yes,0,Affiliate,South
104276,Sep-2035,1299,234.13309497581724,1064.8669050241829,1261.858306728419,810.2122097924997,4.0,194.65469523168315,172,33.35049641861037,28,9,4,11,0,Yes,0,Organic,South
104277,Sep-2035,1499,118.59460093296525,1380.4053990670348,1449.0950702757164,1200.0492426088704,4.0,120.35615645816435,250,97.19387655749298,3,9,5,49,2,Yes,0,Paid Search,South
104278,Sep-2035,699,131.46697568894737,567.5330243110526,719.6111065200712,372.8690181866582,6.0,104.6640061243944,57,64.98167556439165,27,11,1,57,0,Yes,0,Referral,West
104279,Sep-2035,1499,75.93850247871218,1423.0614975212877,1532.9845548439148,1360.4234640360482,0.0,62.638033485239376,113,71.25705120040854,0,10,3,7,1,Yes,0,Paid Search,South
104280,Sep-2035,999,95.39440551990961,903.6055944800904,1010.440954448448,842.1307394140053,3.0,16.474855066085098,185,19.66241309897206,27,9,1,29,2,Yes,0,Organic,East
104281,Sep-2035,1299,137.65504246487058,1161.3449575351294,1355.4195455524366,971.9374123237758,8.0,69.40754521135356,180,43.671036749896416,17,11,3,1,0,Yes,0,Affiliate,East
104282,Sep-2035,699,286.6204367512435,412.3795632487565,676.4998196417698,-21.679198923616354,14.0,224.05876217237284,176,56.04230951293858,13,18,2,52,0,Yes,0,Affiliate,North
104283,Sep-2035,1499,11.515214481474345,1487.4847855185258,1448.5129847043315,1321.4261874665171,5.0,91.05859805200852,235,9.937988761702348,12,8,4,15,1,Yes,0,Referral,East
104284,Sep-2035,1299,112.5651605292,1186.4348394708,1352.1399876233893,1165.5483194146173,1.0,5.886520056182633,176,64.23163447064267,7,7,5,7,2,Yes,0,Affiliate,West
104285,Sep-2035,1299,25.43357146660638,1273.5664285333937,1318.0808624149456,1242.054790933339,1.0,16.511637600054556,209,51.98166431212938,5,3,3,4,2,Yes,0,Affiliate,South
104286,Sep-2035,699,272.69231183137913,426.30768816862087,703.0263243900969,202.81700302846338,4.0,163.4906851401575,165,91.38335513110009,16,11,2,55,2,Yes,0,Paid Search,West
104287,Sep-2035,1499,47.39896025898898,1451.601039741011,1534.960068045922,1354.2006603452505,6.0,7.400379395760488,245,102.53681597521683,22,14,5,3,1,Yes,1,Paid Search,East
104288,Sep-2035,1299,81.3662831298148,1217.6337168701853,1270.6391033705795,1138.6978484745812,3.0,33.9358683956041,98,,10,8,3,20,2,Yes,1,Organic,North
104289,Sep-2035,1299,250.74928497741973,1048.2507150225802,1311.3254450831084,901.8936274636725,7.0,41.35708755890768,215,54.756048671511394,14,10,2,3,1,Yes,0,Organic,East
104290,Sep-2035,499,142.98857480947754,356.01142519052246,495.352258961807,178.24665792282894,10.0,27.7647672676935,179,36.564071231363194,6,8,5,29,1,Yes,0,Referral,North
104291,Sep-2035,1299,285.44480650203843,1013.5551934979616,1273.925718723888,880.7148294588576,3.0,87.84036403910397,176,16.87510797435516,21,14,1,20,2,No,0,Organic,West
104292,Oct-2035,499,94.18745801394044,404.81254198605956,517.7779495717573,318.5338423946744,4.0,26.27869959138515,186,14.078338886449643,28,10,4,10,0,Yes,0,Paid Search,West
104293,Oct-2035,1499,111.40690949627813,1387.593090503722,1448.133198924929,1245.622246326926,6.0,51.970844176795914,95,46.47379395208373,29,7,4,35,0,Yes,1,Affiliate,West
104294,Oct-2035,1499,310.4612599625999,1188.5387400374002,1426.7312775498901,1131.3040120044016,1.0,42.2347280329987,114,12.783966358237729,26,10,1,26,0,No,0,Referral,West
104295,Oct-2035,1499,14.774202464140188,1484.2257975358598,1477.8796126281713,1388.7896017352225,6.0,5.4361958006371935,226,15.249934025836293,7,11,4,30,1,No,0,Paid Search,West
104296,Oct-2035,999,274.17718120657037,724.8228187934296,968.8706171447324,474.248536865906,2.0,220.57428192752366,252,47.77099405464833,10,13,4,26,0,Yes,0,Referral,North
104297,Oct-2035,1499,121.71715403278056,1377.2828459672194,1545.6232394667497,1263.0002136284954,5.0,39.28263233872393,206,34.27810598877376,27,11,3,37,1,Yes,0,Paid Search,East
104298,Oct-2035,1299,202.09553100671073,1096.9044689932894,1250.4997821398485,897.8704322954561,8.0,79.03403669783327,139,21.291696585452097,20,13,2,20,1,Yes,1,Organic,North
104299,Oct-2035,699,301.75882884270493,397.24117115729507,729.5804732233195,383.07450722761746,0.0,14.166663929677611,268,36.30636186810978,1,10,1,51,0,No,0,Organic,West
104300,Oct-2035,499,201.58033812577065,297.41966187422935,482.41012345617446,138.2817910928925,7.0,54.137870781336865,279,84.8995141207439,19,8,2,53,1,Yes,0,Referral,East
104301,Oct-2035,999,79.05005287567604,919.9499471243239,1037.8869199941591,816.6009125854075,5.0,28.34903453891644,78,65.12616113772458,10,10,4,42,2,Yes,0,Paid Search,West
104302,Oct-2035,1499,217.4475302550274,1281.5524697449725,1449.2897610221814,1128.5296034183712,1.0,138.02286632660127,82,99.70512037631917,13,11,2,9,3,Yes,1,Organic,North
104303,Oct-2035,1499,70.58401856627937,1428.4159814337206,1431.2360329005655,1189.1922641360568,7.0,134.22371729766382,77,41.66850548269997,23,7,5,11,2,No,0,Organic,West
104304,Oct-2035,699,182.80402233424655,516.1959776657534,698.1505486918949,313.5212720200361,4.0,142.67470564571724,144,33.35412559456495,12,12,1,33,2,No,0,Organic,East
104305,Oct-2035,699,0.22115513097270423,698.7788448690274,688.9601630823091,597.3552407595323,3.0,56.42360410949501,132,53.68709970322452,7,8,1,30,1,Yes,0,Referral,North
104306,Oct-2035,999,153.4913608094754,845.5086391905246,1008.7737946566915,632.3207532112734,0.0,213.1878859792512,161,15.565930040885313,11,9,1,30,0,Yes,0,Organic,South
104307,Oct-2035,499,292.71516939465175,206.28483060534825,506.0219267520027,61.98199852559691,2.0,114.30283207975134,203,39.054289008744774,20,10,3,52,4,Yes,0,Paid Search,South
104308,Oct-2035,1499,114.14763329219299,1384.852366707807,1564.1135154291528,1320.4895037917365,,64.36286291607053,163,35.73742771760787,21,10,2,45,0,Yes,0,Affiliate,East
104309,Oct-2035,999,281.24285266191737,717.7571473380826,1044.2265173313708,544.358814636928,0.0,173.39833270115466,78,248.21106867894795,8,6,2,23,3,No,1,Referral,North
104310,Oct-2035,1299,521.2115436805086,777.7884563194914,1298.3473759645647,623.248642468441,7.0,49.53981385105045,188,113.24691034052022,25,6,3,36,0,Yes,0,Affiliate,North
104311,Oct-2035,1299,146.5263222226545,1152.4736777773455,1261.1559020715258,936.3965371587531,5.0,141.0771406185924,282,77.3925821510233,25,9,1,24,2,Yes,0,Affiliate,South
104312,Oct-2035,999,223.7030587490382,775.2969412509618,973.7520450294941,591.0722921908178,10.0,34.224649060143975,273,66.83383909679459,9,11,3,31,2,No,0,Referral,South
104313,Oct-2035,1499,207.22351018584686,1291.7764898141531,1438.9942774830793,1097.4737861999783,10.0,44.30270361417468,262,142.56883628689116,10,8,3,23,0,Yes,0,Referral,East
104314,Oct-2035,999,177.01243910088945,821.9875608991106,977.0093143584307,711.9911236067627,0.0,109.99643729234786,151,66.42173505715682,10,11,4,53,2,No,0,Referral,North
104315,Oct-2035,1499,244.54752289906753,1254.4524771009324,1560.6669494749221,1034.9348893299984,10.0,69.5175877709339,211,24.75479358373582,15,13,1,42,0,No,0,Referral,North
104316,Oct-2035,699,120.22859617528043,578.7714038247195,689.5356888364573,510.7242282192143,2.0,38.047175605505274,153,23.05421103372903,17,13,5,36,2,Yes,0,Referral,East
104317,Oct-2035,999,70.49470796705492,928.5052920329451,1011.9391092129824,661.836812894062,,,263,86.49145866034308,20,7,4,40,2,Yes,0,Organic,North
104318,Oct-2035,1499,33.15873257166098,1465.841267428339,1571.1383773604691,1441.6533010628827,1.0,9.187966365456305,97,75.67026566262537,8,9,1,49,1,Yes,0,Referral,South
104319,Oct-2035,999,108.86898082958056,890.1310191704194,959.7129572913182,741.9547439502736,8.0,28.17627522014584,204,66.16756207217553,2,12,1,34,0,Yes,0,Organic,North
104320,Oct-2035,999,258.1720998162441,740.8279001837559,1026.5102467668034,581.916594328334,4.0,98.91130585542192,173,102.84431892035886,21,8,1,21,1,Yes,0,Paid Search,North
104321,Oct-2035,1499,37.224346656824224,1461.7756533431757,1528.933590807779,1335.0220621855497,8.0,6.753591157626133,249,98.93659722377528,3,11,2,26,0,No,0,Organic,North
104322,Oct-2035,1499,179.60134758393087,1319.3986524160691,1546.8241135615383,985.7014371738962,9.0,198.69721524217286,217,7.933238700742381,19,12,1,7,0,Yes,0,Affiliate,West
104323,Nov-2035,499,135.2268163762883,363.7731836237117,480.8947552769759,161.1636891397267,4.0,142.609494483985,287,42.54675366175966,18,11,1,25,1,Yes,0,Referral,North
104324,Nov-2035,999,75.51382523488827,923.4861747651117,999.1778937366889,741.6716418582484,11.0,,208,71.33382445933579,9,12,5,3,3,Yes,0,Affiliate,South
104325,Nov-2035,1299,72.36483957039201,1226.635160429608,1316.14690743848,1103.7008432264158,8.0,2.934317203192201,242,120.9936555645985,12,13,1,53,0,No,0,Paid Search,West
104326,Nov-2035,999,313.5425638944944,685.4574361055056,1024.982376456877,592.3592621521298,6.0,3.0981739533758272,216,79.4776037723165,0,12,3,43,0,Yes,0,Referral,North
104327,Nov-2035,999,212.0628636460054,786.9371363539946,1020.2419517488465,676.4529746938424,0.0,110.48416166015221,275,87.28549982549872,11,7,1,18,0,Yes,0,Referral,East
104328,Nov-2035,1499,469.8345393251112,1029.165460674889,1509.6378626862033,826.765604740262,8.0,82.3998559346269,160,17.905384007050145,10,9,1,6,0,No,0,Affiliate,North
104329,Nov-2035,999,279.529561674905,719.4704383250951,995.9198648133519,622.500955490494,6.0,6.9694828346010596,73,11.579276364396524,23,10,1,54,1,No,0,Referral,East
104330,Nov-2035,999,310.86527743782574,688.1347225621743,1043.1273635709933,640.8662755937735,3.0,2.268446968400724,269,,4,4,2,52,1,Yes,0,Organic,West
104331,Nov-2035,1299,59.92244772280779,1239.0775522771921,1257.663414666995,997.5746088643559,7.0,136.50294341283626,291,32.892774694996405,1,4,4,46,3,Yes,0,Paid Search,East
104332,Nov-2035,1499,62.02024374738713,1436.9797562526128,1454.680709238864,1250.028990689694,1.0,171.9507655629189,245,72.64388937882026,16,15,2,13,0,Yes,0,Affiliate,East
104333,Nov-2035,999,155.07744732631045,843.9225526736896,960.1462004755122,777.1934911539935,3.0,21.729061519696046,259,27.827252014443076,16,13,5,2,1,Yes,0,Paid Search,North
104334,Nov-2035,699,12.226149182242494,686.7738508177575,671.9257700510921,631.1358186302824,1.0,40.63803218747514,270,32.136261598260376,19,14,5,48,1,Yes,0,Affiliate,South
104335,Nov-2035,499,68.24557837871694,430.7544216212831,517.6370774830945,325.4813190068696,,60.27310261441347,72,85.54160460805687,14,9,3,56,1,Yes,0,Paid Search,West
104336,Nov-2035,1299,453.15170161499617,845.8482983850038,1312.8374677635145,690.9690999442347,8.0,34.879198440769024,278,49.95880721021789,3,10,3,40,3,No,0,Organic,East
104337,Nov-2035,999,292.78514060182334,706.2148593981767,1042.4656329537152,475.7937912479572,6.0,140.42106815021958,238,26.50151692968958,21,4,5,47,1,Yes,0,Organic,East
104338,Nov-2035,699,37.72133492018445,661.2786650798156,726.0418682412325,563.4615948228379,4.0,37.8170702569777,204,44.41067314990961,10,6,4,13,1,Yes,0,Organic,North
104339,Nov-2035,999,133.93446162838507,865.0655383716149,979.0713998047856,557.414798876998,7.0,202.65073949461697,65,77.20525109348776,22,9,4,1,2,Yes,0,Organic,South
104340,Nov-2035,999,27.607519427513978,971.392480572486,1013.1176936165293,705.3142781048341,8.0,146.07820246765186,222,46.817106274135334,0,7,5,2,1,Yes,0,Affiliate,West
104341,Nov-2035,1499,83.13666684735331,1415.8633331526466,1480.9277132252043,1245.9534804161997,11.0,4.909852736446993,76,70.83196861694832,9,11,1,4,2,No,0,Paid Search,South
104342,Nov-2035,1499,111.4483596887909,1387.5516403112092,1555.3888471338669,1212.2050449882968,8.0,55.34659532291251,250,39.85163851432626,17,12,2,13,1,Yes,0,Affiliate,East
104343,Nov-2035,1499,3.4855501291945075,1495.5144498708055,1534.1142951674763,1377.3891136486566,6.0,28.125336222148846,182,114.19381943550142,14,7,2,30,1,No,0,Affiliate,North
104344,Nov-2035,699,285.58207107969537,413.41792892030463,672.6813380120386,289.73785242306536,,18.680076497239266,236,43.67082519182338,18,9,1,44,1,Yes,0,Affiliate,North
104345,Nov-2035,999,64.6247047370096,934.3752952629904,974.3535054323456,754.7205121035984,4.0,119.65478315939208,249,31.107344835211563,24,9,4,12,0,Yes,0,Affiliate,West
104346,Nov-2035,499,227.82932071232514,271.17067928767483,506.86318445377674,186.51134584752748,1.0,69.65933344014734,259,134.33195804966613,3,13,2,33,2,No,0,Affiliate,North
104347,Nov-2035,1299,156.46649062692265,1142.5335093730773,1266.0228588112564,818.5315866942819,7.0,219.00192267879535,84,,5,12,2,38,0,No,0,Affiliate,East
104348,Nov-2035,1499,262.6172466103251,1236.382753389675,1504.1023998548233,1098.6270152192765,6.0,47.75573817039849,247,70.02790215279245,1,6,3,43,0,No,0,Affiliate,East
104349,Nov-2035,1499,121.44956058683455,1377.5504394131653,1460.6636292408723,1270.1876911106917,4.0,47.36274830247366,284,,12,15,4,48,5,No,0,Organic,North
104350,Nov-2035,999,39.001627361043575,959.9983726389564,1017.2343974085873,920.459843560404,2.0,9.538529078552415,264,68.46123780895387,26,13,5,34,0,No,1,Referral,East
104351,Nov-2035,999,78.1695355077641,920.8304644922359,956.5440523499326,881.1197578104142,1.0,24.71070668182181,223,76.91986323664815,1,12,5,3,2,No,0,Affiliate,West
104352,Nov-2035,699,79.86178627706346,619.1382137229366,714.4636675996501,565.7858269456678,0.0,53.352386777268784,267,24.82051236279635,12,12,1,43,2,Yes,0,Paid Search,South
104353,Dec-2035,699,397.7460661891481,301.2539338108519,687.6068753117385,162.0989982236925,9.0,4.154935587159379,105,90.67062363586098,14,11,2,9,1,No,0,Organic,North
104354,Dec-2035,1499,159.1806326207146,1339.8193673792855,1492.0328219339183,1093.1867717349096,8.0,126.63259564437595,176,45.79086867075997,28,9,5,7,1,Yes,0,Organic,North
104355,Dec-2035,999,150.55593776446528,848.4440622355347,997.3593151693876,538.3310863776522,8.0,190.11297585788245,292,90.64983274172707,17,17,1,4,3,Yes,0,Referral,North
104356,Dec-2035,499,255.8431848850259,243.1568151149741,483.7494093462124,76.31639938421455,,136.84041573075956,280,27.251570379220237,10,6,3,28,0,Yes,0,Referral,South
104357,Dec-2035,1299,149.99161742950452,1149.0083825704955,1356.4364698864879,972.5761011142833,1.0,161.43228145621217,201,32.362738894496225,4,7,4,42,1,Yes,0,Referral,North
104358,Dec-2035,999,284.6011583177244,714.3988416822756,949.0662773103786,448.0554939453947,1.0,251.34334773688093,187,56.34631744650846,28,14,2,32,0,Yes,0,Affiliate,South
104359,Dec-2035,999,105.35066871586628,893.6493312841337,986.2875258452254,828.4717955876306,0.0,65.17753569650317,256,23.005112024041406,24,6,2,1,1,No,1,Referral,West
104360,Dec-2035,699,93.1632299504773,605.8367700495227,673.0342694324353,424.68676697249,12.0,1.1500030770327214,87,57.7611818996645,13,14,1,13,0,Yes,0,Paid Search,West
104361,Dec-2035,1299,32.36718047822063,1266.6328195217793,1280.8042119635243,1187.407127602475,5.0,4.225691919304467,261,64.56431697336072,21,9,2,36,2,Yes,0,Referral,North
104362,Dec-2035,1499,372.0056796060842,1126.9943203939158,1439.6316338446018,1041.61774802176,4.0,,270,56.27047588184523,15,11,4,26,2,Yes,0,Referral,North
104363,Dec-2035,999,141.62102114812743,857.3789788518726,986.8828057069493,772.9463021773768,0.0,84.43267667449587,247,53.48423025600644,13,9,5,13,1,Yes,0,Organic,East
104364,Dec-2035,1499,9.114904845420568,1489.8850951545794,1453.1125365624296,1369.0788773967367,7.0,15.806217757842575,225,18.981574384083075,8,8,1,22,1,No,0,Affiliate,East
104365,Dec-2035,999,173.61926663750617,825.3807333624939,1004.3731214751947,586.7694466217699,13.0,43.611286740723884,58,13.366304689502298,5,10,4,24,2,Yes,0,Referral,East
104366,Dec-2035,1499,71.99353475238712,1427.0064652476128,1425.8423977920602,1355.5343257742188,3.0,26.472139473394023,292,48.022270337391184,8,7,2,11,0,Yes,0,Organic,South
104367,Dec-2035,1299,103.24785222552828,1195.7521477744717,1299.79210042736,1167.2956313518082,1.0,13.456516422663476,227,8.764040271180042,28,5,5,25,3,Yes,0,Affiliate,South
104368,Dec-2035,699,187.29041180732617,511.70958819267383,683.8151030079468,464.68689553600245,2.0,17.022692656671403,118,7.211989935606466,4,7,4,15,1,Yes,0,Referral,South
104369,Dec-2035,1299,332.5182288304921,966.481771169508,1275.80744696933,904.3368081446717,1.0,47.14496302483625,225,31.998309275228454,10,7,5,45,0,Yes,0,Affiliate,South
104370,Dec-2035,499,162.1902429807649,336.8097570192351,491.74857929984165,240.39072070810295,2.0,66.41903631113216,216,22.59309779657551,11,6,5,36,0,Yes,0,Paid Search,North
104371,Dec-2035,699,64.67558754538189,634.3244124546181,709.6751584337625,610.7128766444836,0.0,23.61153581013459,260,66.25101704475966,16,11,1,38,0,Yes,1,Organic,South
104372,Dec-2035,1299,89.41021892469266,1209.5897810753074,1332.4846263360773,1161.748041006821,1.0,32.841740068486395,54,47.934681930042174,5,11,2,34,0,No,0,Affiliate,South
104373,Dec-2035,499,228.7736624292562,270.2263375707438,490.50224976775684,175.44420859584227,2.0,64.78212897490152,133,64.28869427020791,19,10,3,34,0,No,1,Organic,East
104374,Dec-2035,999,85.00090989443288,913.9990901055671,1041.4566895484058,707.1158773731999,3.0,161.88321273236727,188,89.79912898961938,24,12,3,32,0,No,0,Affiliate,East
104375,Dec-2035,999,24.87812684446895,974.121873155531,1023.5990717214453,917.2297229904885,1.0,41.89215016504253,296,115.26180985338235,5,8,3,38,1,No,0,Organic,East
104376,Dec-2035,1499,175.51752914368083,1323.4824708563192,1484.5852243562379,1126.1018507052313,10.0,47.380620151087896,291,82.6118481844437,14,11,4,25,0,Yes,0,Organic,East
104377,Dec-2035,699,54.8003492849698,644.1996507150302,670.886455013488,508.63380011341576,5.0,60.565850601614414,109,55.25659653165259,30,7,3,3,1,Yes,0,Organic,South
104378,Dec-2035,999,112.49785450381634,886.5021454961836,1005.0279738763411,789.7991108868661,6.0,6.703034609317591,204,20.966610654229942,16,9,2,52,1,Yes,1,Referral,West
104379,Dec-2035,699,92.60819572109807,606.3918042789019,706.9521978061514,507.61779424285294,6.0,8.774010036048914,270,108.52879917764804,21,7,3,59,3,No,0,Affiliate,South
104380,Dec-2035,999,255.29382264908014,743.7061773509199,962.6670013173203,672.379825613433,3.0,26.32635173748691,184,17.292173880063434,2,9,5,57,0,Yes,0,Referral,South
104381,Dec-2035,1499,119.96612002569604,1379.033879974304,1551.7684684804983,1310.5904034616499,4.0,8.443476512654058,237,,18,10,5,57,2,Yes,0,Paid Search,East
104382,Dec-2035,1299,292.40296591236563,1006.5970340876344,1283.5975237281582,956.393584664936,1.0,35.20344942269833,227,123.60487912863634,22,11,5,43,2,Yes,0,Referral,West
104383,Dec-2035,1499,159.46476278856733,1339.5352372114326,1446.8902816224781,1238.3512885780037,6.0,11.183948633428855,116,67.25763372191604,1,7,3,47,2,Yes,0,Paid Search,North
104384,Jan-2036,499,363.174135697112,135.82586430288802,500.0418495736385,34.369971134906734,1.0,86.45589316798129,118,21.518931935570535,8,8,2,29,1,No,0,Affiliate,North
104385,Jan-2036,999,16.498675727012568,982.5013242729874,991.2118411915665,929.2584860197817,0.0,53.24283825320573,232,33.961021421133424,8,8,2,21,2,No,1,Paid Search,East
104386,Jan-2036,499,344.0552209521573,154.9447790478427,506.0936561292253,-9.470195584558468,9.0,29.41497463240117,126,59.06618249254031,6,11,3,9,0,No,0,Organic,North
104387,Jan-2036,499,100.66474125247326,398.3352587475267,482.6612863610474,334.5007260005641,3.0,18.834532746962637,193,26.212647202526252,24,6,2,21,1,Yes,1,Paid Search,East
104388,Jan-2036,699,326.8739641471691,372.1260358528309,665.5013804776729,147.26565152553206,11.0,59.86038432729884,167,54.648236717468556,15,12,3,21,1,No,0,Paid Search,North
104389,Jan-2036,999,292.22816398621967,706.7718360137803,996.6485781464995,512.7977596249822,11.0,28.974076388798125,61,66.47461779920116,26,12,2,7,2,Yes,1,Paid Search,East
104390,Jan-2036,499,192.22894089392105,306.77105910607895,481.89419655360973,270.0275550756806,1.0,21.74350403039834,280,71.2026212067327,5,10,1,47,3,No,0,Paid Search,East
104391,Jan-2036,1299,207.50018523838074,1091.4998147616193,1254.372592559107,922.1813328943017,11.0,4.3184818673176935,76,33.56172653785907,8,3,1,32,1,Yes,1,Paid Search,North
104392,Jan-2036,499,269.71437153694774,229.28562846305226,507.8784644818437,186.5370516049376,1.0,27.74857685811466,295,50.06399801503884,25,12,2,22,2,Yes,0,Organic,North
104393,Jan-2036,1299,309.431128400534,989.568871599466,1267.6643429963792,826.5102483007878,7.0,58.05862329867814,286,57.07460387690815,12,14,5,42,2,Yes,0,Paid Search,North
104394,Jan-2036,699,8.803537706469285,690.1964622935307,722.7652115798687,619.8106059826864,3.0,25.38585631084423,210,10.985599817824594,1,7,1,11,1,Yes,1,Organic,West
104395,Jan-2036,499,220.8411476417076,278.1588523582924,499.7355251891931,25.819501111073862,6.0,162.33935124721853,256,32.55550596162014,13,9,4,55,3,No,1,Referral,South
104396,Jan-2036,1499,173.40884143988737,1325.5911585601127,1515.2013016097883,1282.6452147294726,0.0,42.94594383064003,134,52.500509766685326,4,13,3,58,0,Yes,0,Affiliate,South
104397,Jan-2036,699,201.76907603595896,497.23092396404104,686.48131468756,325.16890003596507,2.0,142.06202392807597,157,65.91403345572147,10,11,4,34,1,Yes,0,Paid Search,West
104398,Jan-2036,1299,269.8723783911622,1029.1276216088377,1263.1235587629285,870.1405996787006,6.0,68.9870219301371,258,131.16475216654447,14,7,2,14,0,Yes,0,Referral,West
104399,Jan-2036,699,288.80518232717213,410.19481767282787,675.1618242048253,240.91042949547148,0.0,169.2843881773564,104,62.08648125022577,5,5,2,48,2,Yes,0,Referral,West
104400,Jan-2036,499,71.31084542826346,427.68915457173654,509.3333895419526,254.26039782197728,1.0,158.42875674975926,101,16.585055118498854,27,11,5,41,2,Yes,0,Paid Search,East
104401,Jan-2036,999,181.8503198215988,817.1496801784012,1017.8940388299488,726.3156114212256,5.0,15.834068757175608,86,24.5151027426282,5,5,1,22,1,Yes,0,Referral,South
104402,Jan-2036,999,154.93623806545537,844.0637619345446,998.2684089200245,706.3543751484107,5.0,62.70938678613393,162,94.9637040040488,15,9,1,25,1,Yes,0,Affiliate,South
104403,Jan-2036,1299,121.27768532764138,1177.7223146723586,1335.5420639690774,1109.526227692376,2.0,38.19608697998244,169,163.61007847881032,26,6,4,16,0,Yes,0,Affiliate,North
104404,Jan-2036,1299,132.7469746597151,1166.253025340285,1338.3066988298967,1043.1214649417516,1.0,108.13156039853342,64,,19,6,1,33,1,Yes,0,Organic,North
104405,Jan-2036,999,173.51846904679638,825.4815309532037,993.2237477235294,617.708782386926,7.0,102.77274856627764,133,31.642934361342718,28,14,2,2,3,Yes,0,Organic,South
104406,Jan-2036,1299,77.76220770392803,1221.237792296072,1318.6350197225088,1144.1124739663367,1.0,62.12531832973539,132,168.47137195130597,3,6,5,39,0,Yes,0,Referral,East
104407,Jan-2036,699,255.96441342370565,443.03558657629435,727.8061241511361,410.9506509760863,2.0,2.0849356002080555,114,142.34787229912234,4,9,3,44,3,Yes,0,Paid Search,South
104408,Jan-2036,1499,302.3169945950219,1196.683005404978,1436.259439868113,1167.6479757319432,,14.035029673034913,245,75.82518848180199,5,10,4,50,0,Yes,0,Referral,North
104409,Jan-2036,1499,51.530813329692535,1447.4691866703074,1425.8681623749171,1340.6996865358092,5.0,31.769500134498173,52,32.14887084486571,27,8,4,6,0,Yes,0,Paid Search,East
104410,Jan-2036,699,308.19958655269465,390.80041344730535,697.1379753431916,313.36023014697685,2.0,47.44018330032848,249,19.574681329857164,12,10,3,34,1,Yes,1,Referral,East
104411,Jan-2036,1499,51.75678909286309,1447.243210907137,1473.7777649785598,1417.887188491391,0.0,,154,30.18243795403044,13,9,2,46,1,No,0,Paid Search,South
104412,Jan-2036,499,257.73442940277425,241.26557059722575,478.39163142021795,149.23447762295575,3.0,47.031092974269995,285,37.1781205032224,23,13,4,48,0,No,0,Referral,South
104413,Jan-2036,699,307.9774572708682,391.0225427291318,674.5188328756003,282.77448064993007,2.0,78.24806207920174,182,,27,7,1,42,0,Yes,0,Paid Search,West
104414,Jan-2036,1299,138.6587164704193,1160.3412835295808,1267.499093091847,998.3391476913741,4.0,102.0021358382067,186,10.827481344748662,12,11,1,37,3,Yes,0,Affiliate,South
104415,Feb-2036,699,52.740270961946564,646.2597290380535,670.9977867014416,530.622131850632,2.0,85.63759718742156,178,23.181358034565427,9,12,1,22,0,No,0,Referral,North
104416,Feb-2036,999,79.35804027460445,919.6419597253955,980.9260527863709,863.4988946064943,2.0,26.14306511890122,296,53.6883201804976,16,10,5,16,2,Yes,0,Paid Search,East
104417,Feb-2036,1299,193.42282387786278,1105.5771761221372,1251.3007103430623,990.0486987902361,2.0,85.52847733190112,284,31.202121384013868,23,10,3,7,1,No,1,Organic,East
104418,Feb-2036,999,385.7585294891957,613.2414705108042,1011.4569276935023,522.4322166893862,2.0,60.809253821417975,79,16.04041353455454,17,13,2,47,1,No,0,Organic,East
104419,Feb-2036,1299,53.12794092440521,1245.8720590755947,1324.5414100525459,1020.7265654267435,11.0,,120,21.065596550884145,26,10,1,13,1,Yes,0,Paid Search,South
104420,Feb-2036,1499,162.0290357774373,1336.9709642225628,1540.2959531384229,1259.8541071956388,3.0,32.11685702692387,263,42.08590771686096,30,9,1,49,3,No,0,Paid Search,North
104421,Feb-2036,699,139.43134210835856,559.5686578916415,724.8466419729783,449.7052643602917,4.0,49.863393531349715,197,13.062535361436455,6,11,5,50,4,Yes,0,Organic,East
104422,Feb-2036,499,95.21738858782683,403.7826114121732,474.20458206741677,273.14614330389014,4.0,,142,118.19451556097577,3,6,1,50,2,Yes,0,Paid Search,South
104423,Feb-2036,1299,140.3061669925662,1158.6938330074338,1256.9642530500203,934.7867135056922,9.0,88.9071195017415,76,13.897686881691577,30,11,5,17,0,Yes,0,Organic,East
104424,Feb-2036,1299,84.9363813781107,1214.0636186218894,1339.8740897840537,1168.7485444369556,3.0,0.31507418493368533,266,80.10295157253464,23,4,3,3,1,Yes,0,Affiliate,North
104425,Feb-2036,999,299.17864942348893,699.8213505765111,952.0958363395021,525.8823730239445,2.0,143.9389775525666,287,161.82708845560478,21,13,4,12,1,Yes,0,Organic,South
104426,Feb-2036,1499,311.099256800007,1187.900743199993,1523.799648913649,900.8279291497602,4.0,,276,15.457472289954374,20,15,1,6,0,Yes,0,Referral,East
104427,Feb-2036,999,160.5762325376427,838.4237674623573,967.1076025837748,618.1425405858203,2.0,190.2812268765371,268,18.809441266119435,15,11,1,12,1,Yes,0,Affiliate,East
104428,Feb-2036,999,133.06259838164516,865.9374016183549,999.6420904362371,702.2692537396166,9.0,28.668147878738246,112,42.637957626707745,9,9,3,11,0,Yes,0,Referral,North
104429,Feb-2036,1499,90.83559928475219,1408.164400715248,1568.299686518335,1362.804679182084,2.0,15.359721533163693,252,34.12482398938903,25,11,4,41,1,No,0,Paid Search,North
104430,Feb-2036,499,160.83376053032117,338.1662394696788,506.42004845020267,120.21975304559521,7.0,112.9464864240836,130,97.00809626458029,29,11,5,19,5,Yes,0,Paid Search,North
104431,Feb-2036,999,371.73972346411506,627.2602765358849,985.8353035619543,372.9511302977976,10.0,104.30914623808732,80,40.37013347734826,20,9,4,31,0,No,0,Organic,South
104432,Feb-2036,999,137.551891655837,861.448108344163,1017.8815000117897,807.3952761648915,1.0,39.05283217927152,259,22.802021930222253,19,9,1,51,0,No,0,Organic,North
104433,Feb-2036,1299,49.26811223684885,1249.7318877631512,1234.772508784267,1129.1085763866975,6.0,30.623311376453824,196,83.72943518451524,29,7,3,2,1,Yes,1,Organic,North
104434,Feb-2036,1499,102.26857303837788,1396.7314269616222,1566.5297426866014,1293.8072596489335,0.0,102.9241673126888,163,37.30349795469252,18,5,2,45,0,Yes,1,Affiliate,West
104435,Feb-2036,699,240.4163954122656,458.5836045877344,688.126778383948,316.8817031033847,8.0,21.701901484349676,151,22.27724216228126,2,9,3,32,0,No,0,Affiliate,East
104436,Feb-2036,499,63.87159551428739,435.1284044857126,522.9578038664171,350.5564186393506,5.0,9.57198584636199,142,25.717938322883246,29,10,5,18,1,No,0,Referral,North
104437,Feb-2036,499,145.95526864049714,353.04473135950286,507.80307178634547,275.5395117683311,5.0,2.505219591171759,256,14.908639955586812,18,16,5,55,1,Yes,0,Organic,West
104438,Feb-2036,1499,206.7459762195287,1292.2540237804712,1467.1238985130035,1214.194493287802,4.0,18.059530492669218,239,5.540994248936691,22,10,1,4,1,Yes,0,Referral,East
104439,Feb-2036,1299,72.9764572736368,1226.0235427263633,1313.973168392461,1150.4826556513278,0.0,75.54088707503546,184,16.376745657928065,23,12,3,22,0,Yes,0,Paid Search,West
104440,Feb-2036,1299,61.7286864918062,1237.2713135081938,1283.4444078887655,1131.8376017100304,0.0,105.43371179816333,278,41.14834504825916,12,11,2,56,2,Yes,0,Referral,North
104441,Feb-2036,1499,21.43374433762773,1477.5662556623722,1520.4053157612675,1363.8354448059144,7.0,8.730810856457666,214,36.59268059611051,7,10,3,14,1,Yes,0,Paid Search,South
104442,Feb-2036,1299,46.94801893524314,1252.0519810647568,1336.7568195199565,1125.8618148596445,4.0,66.1901662051122,120,11.855166900093945,17,9,5,14,1,Yes,0,Paid Search,East
104443,Feb-2036,499,122.54072329720304,376.45927670279696,497.5427166097788,273.8522256362259,3.0,57.607051066571046,135,23.20154760126331,29,12,3,37,1,Yes,0,Paid Search,West
104444,Mar-2036,499,155.3159593674333,343.68404063256673,485.13364832851187,192.74647039289516,8.0,,253,75.89041181108999,18,18,1,29,0,Yes,0,Referral,West
104445,Mar-2036,699,248.84415568525336,450.1558443147467,732.6535729612465,298.86058731860965,4.0,91.29525699613703,185,71.45543042411082,17,12,5,51,0,No,0,Paid Search,West
104446,Mar-2036,1499,2.729278960235149,1496.2707210397648,1485.9057744101403,1394.140136590796,3.0,57.13058444896893,234,51.28618366271209,21,10,3,34,0,No,0,Referral,North
104447,Mar-2036,999,231.39442448486102,767.605575515139,966.6711486480975,752.4655623875258,0.0,15.140013127613258,259,17.952189744906338,26,9,3,48,0,Yes,0,Referral,East
104448,Mar-2036,999,105.48917866202382,893.5108213379762,1022.897411572391,657.0715374816136,10.0,86.43928385636258,77,96.36121528746109,18,11,1,6,0,No,0,Paid Search,East
104449,Mar-2036,699,64.26567586582172,634.7343241341782,709.8540317086135,369.75661924714655,10.0,114.97770488703172,131,42.86176079447886,21,7,1,43,1,Yes,0,Affiliate,West
104450,Mar-2036,699,151.6288391261046,547.3711608738954,721.1300936178712,404.271861776387,2.0,113.09929909750835,144,25.54578276395646,3,16,3,12,2,No,0,Affiliate,South
104451,Mar-2036,1299,307.9521061799962,991.0478938200038,1234.2677421195829,839.5330719664252,8.0,31.51482185357859,66,18.616395725637794,12,10,2,24,0,Yes,0,Paid Search,East
104452,Mar-2036,699,255.97374619901797,443.02625380098203,688.3272942226553,264.68624253332723,3.0,133.3400112676548,264,81.01953121798604,11,10,5,45,1,Yes,0,Referral,East
104453,Mar-2036,699,140.84755067735193,558.1524493226481,686.0356395658512,258.1705855824278,9.0,164.98186374022026,188,1.5437731669260237,14,10,3,59,1,No,1,Paid Search,North
104454,Mar-2036,999,285.0924739354501,713.90752606455,1041.3413970235222,617.3218064430679,0.0,96.58571962148207,192,60.087357442777844,25,5,1,29,4,Yes,1,Organic,West
104455,Mar-2036,1299,173.06672166567657,1125.9332783343234,1279.4719080116777,953.7756369687348,2.0,142.15764136558855,207,32.682835655387535,14,12,5,10,0,Yes,0,Affiliate,North
104456,Mar-2036,699,267.7426593386926,431.2573406613074,700.903445795064,265.4969283845518,9.0,30.760412276755602,293,105.32648032055461,9,14,1,46,2,Yes,0,Paid Search,South
104457,Mar-2036,699,49.39228019625622,649.6077198037437,664.2964133751366,438.1326688882799,7.0,106.47505091546384,144,199.14569842799057,21,9,5,36,1,No,0,Affiliate,West
104458,Mar-2036,1299,0.039262168768232186,1298.9607378312317,1339.028308252062,1082.873439970049,14.0,6.087297861182677,170,25.726475961584022,28,7,3,34,0,No,0,Paid Search,South
104459,Mar-2036,1499,237.48431826872635,1261.5156817312736,1441.1354155707638,1106.7805649364486,3.0,109.73511679482498,55,97.34713295631533,18,7,4,51,3,No,0,Organic,South
104460,Mar-2036,1299,334.7138993213788,964.2861006786212,1348.6649869281619,883.2271752601996,4.0,21.05892541842156,61,62.258510243215454,20,14,4,32,1,No,0,Affiliate,North
104461,Mar-2036,999,200.0754877095007,798.9245122904993,1022.4874170776316,733.8456025639185,0.0,65.07890972658072,136,57.43203094522446,7,8,5,32,3,No,0,Referral,West
104462,Mar-2036,1499,90.31957519490373,1408.6804248050962,1507.4528623166314,1390.1950541284825,1.0,3.485370676613755,238,12.119659124586073,18,6,1,51,1,Yes,0,Paid Search,East
104463,Mar-2036,499,47.938096971205255,451.06190302879475,511.4293963068276,237.84714526688686,8.0,93.21475776190792,152,30.502434608999128,24,6,1,15,1,Yes,0,Organic,West
104464,Mar-2036,1299,112.16218036862304,1186.837819631377,1337.0464432639615,1140.6301765831327,2.0,16.207643048244222,153,94.59601506254185,30,8,1,9,1,Yes,0,Organic,North
104465,Mar-2036,999,295.63643900601176,703.3635609939882,1024.148930420048,652.5066773020033,1.0,35.85688369198502,213,114.43941853815451,8,19,3,58,1,Yes,0,Affiliate,East
104466,Mar-2036,1499,108.89675540551269,1390.1032445944873,1523.1184412964858,1323.3925244877141,,51.710720106773095,84,140.17461457496694,28,10,5,36,0,Yes,1,Referral,South
104467,Mar-2036,1299,275.73134896649026,1023.2686510335097,1348.4516265115187,978.5194841940357,2.0,14.749166839473972,116,30.63234844631848,6,10,3,22,1,No,0,Referral,East
104468,Mar-2036,699,228.30877505454538,470.6912249454546,693.6192856470527,455.2499277970381,0.0,,155,69.90570935150589,7,10,4,13,0,Yes,0,Referral,West
104469,Mar-2036,1299,355.67109605123926,943.3289039487607,1307.5950920715775,847.3925694630577,0.0,95.93633448570303,297,31.792539397221226,8,8,4,41,1,Yes,0,Organic,North
104470,Mar-2036,499,174.0314245843809,324.9685754156191,522.4220727192604,291.59266382601095,1.0,18.375911589608155,141,53.98302390782637,16,8,1,44,2,Yes,0,Referral,West
104471,Mar-2036,1299,144.04843665815505,1154.951563341845,1282.4048418895356,1128.8465953598536,0.0,26.10496798199143,256,69.15423703262367,14,7,1,14,1,Yes,0,Paid Search,West
104472,Mar-2036,1499,281.72065268163215,1217.2793473183679,1536.6124563105022,1061.6655490074547,8.0,35.613798310913026,254,32.85990872245386,15,15,5,26,2,Yes,0,Paid Search,South
104473,Mar-2036,1499,37.7684645642378,1461.2315354357622,1482.7816151570494,1323.023285022062,3.0,93.20825041370023,112,73.27615016221561,6,7,4,56,1,Yes,0,Paid Search,North
104474,Mar-2036,1299,96.71796274668753,1202.2820372533124,1295.1252320062977,876.3085976199027,15.0,100.97343963340982,132,41.06872263399541,9,14,5,44,2,Yes,0,Affiliate,West
104475,Apr-2036,1499,51.60056946358176,1447.3994305364183,1474.3614453709024,1439.5513589166653,0.0,7.848071619753021,217,46.30331827647004,18,8,4,25,2,Yes,0,Affiliate,East
104476,Apr-2036,699,0.5189470857594642,698.4810529142405,674.7500274473973,594.5983987129383,,28.88265420130225,131,12.313093876409148,5,5,2,22,1,No,0,Organic,East
104477,Apr-2036,1299,380.8046255675772,918.1953744324228,1360.3392008661008,756.7967544316524,4.0,101.39862000077039,80,29.17354045049306,24,11,5,30,0,No,0,Referral,South
104478,Apr-2036,699,233.07774883688398,465.922251163116,695.3166651765763,370.2562469290108,6.0,5.666004234105202,86,29.62846895776179,11,3,2,13,1,No,0,Organic,North
104479,Apr-2036,699,14.484189956752175,684.5158100432478,683.5763814294407,678.3121137027596,0.0,6.2036963404882,262,210.8931185723056,14,13,3,50,1,No,0,Organic,North
104480,Apr-2036,999,293.3794793552466,705.6205206447535,1013.6136927567626,589.3885022920996,1.0,101.23201835265388,280,24.16235605800085,9,12,4,32,3,No,0,Referral,West
104481,Apr-2036,1299,65.55629445655883,1233.4437055434412,1248.4598172368035,1154.3608742657402,5.0,4.082831277701011,182,45.608856329008255,26,13,2,37,1,Yes,0,Paid Search,West
104482,Apr-2036,1499,226.91407300000765,1272.0859269999924,1505.5066760878162,1202.2804316713075,0.0,69.8054953286848,298,24.613493179569296,23,11,3,58,0,No,0,Organic,South
104483,Apr-2036,699,225.12163252748056,473.87836747251947,704.1807873667605,322.5072626214925,5.0,76.37110485102701,164,41.15851983691003,17,10,5,19,4,Yes,0,Referral,East
104484,Apr-2036,999,349.7988840099239,649.2011159900761,968.6258665958378,417.5008030363854,9.0,96.70031295369074,170,53.22890320286645,3,10,2,35,0,Yes,0,Paid Search,East
104485,Apr-2036,1299,85.47242993994541,1213.5275700600546,1358.7038918683065,1074.5959167422284,7.0,33.9316533178263,258,,29,13,2,58,2,No,1,Referral,South
104486,Apr-2036,1299,61.172473538395835,1237.827526461604,1311.298744842494,1155.2821316310997,0.0,82.5453948305043,260,90.14486819542624,10,8,3,49,2,Yes,0,Referral,West
104487,Apr-2036,499,172.68510177101507,326.31489822898493,485.1585958534062,126.76367878375603,4.0,139.5512194452289,181,21.311900362875228,4,11,2,59,0,Yes,0,Paid Search,East
104488,Apr-2036,499,135.38722479681937,363.6127752031806,515.6386451760817,220.30874605465982,8.0,23.304029148520776,167,10.593763384759972,12,7,3,52,0,No,0,Paid Search,South
104489,Apr-2036,699,237.03957983810795,461.96042016189205,685.5119354907855,254.2699022010824,9.0,72.69051796080964,203,49.882257511475444,9,10,4,29,1,Yes,0,Affiliate,West
104490,Apr-2036,499,253.4368602323368,245.5631397676632,510.4724779951963,179.51374426135595,3.0,21.04939550630723,201,166.2158674193673,21,10,4,7,0,Yes,0,Organic,North
104491,Apr-2036,699,300.287925555451,398.712074444549,707.9733754815278,251.546703312301,0.0,147.165371132248,216,7.36404463899603,28,6,4,35,0,No,0,Affiliate,West
104492,Apr-2036,1499,184.77668903980725,1314.2233109601927,1447.9864737156042,1100.635719151842,10.0,63.587591808350766,233,14.137004926294692,6,14,2,39,1,Yes,0,Organic,East
104493,Apr-2036,699,210.57373418870003,488.42626581129997,670.6538428503122,408.27078733846395,3.0,35.15547847283605,231,85.17491509697717,10,11,2,6,4,No,0,Paid Search,South
104494,Apr-2036,499,158.1744528856337,340.82554711436626,504.3648401951021,276.3257214622548,2.0,34.49982565211146,87,24.072513593756497,3,6,1,14,4,Yes,0,Referral,South
104495,Apr-2036,1499,234.89458026634813,1264.1054197336518,1524.228467648731,1115.0809848702545,4.0,89.02443486339743,159,55.7021664444189,3,13,1,28,3,No,1,Paid Search,East
104496,Apr-2036,499,37.89091714800119,461.1090828519988,480.58979311087705,301.14806367099044,8.0,39.96101918100835,231,101.05443003396596,4,7,3,1,0,Yes,0,Paid Search,South
104497,Apr-2036,699,19.015779709830184,679.9842202901698,676.1228600975766,612.1980687980194,2.0,37.786151492150374,196,81.21521440014479,24,13,2,46,0,Yes,1,Paid Search,South
104498,Apr-2036,999,50.551438867046045,948.448561132954,954.0540258104442,836.354214136127,7.0,7.094346996827014,271,52.87310872191558,8,14,3,21,1,Yes,1,Organic,South
104499,Apr-2036,1299,175.63484611039883,1123.365153889601,1251.5213652292402,1107.6925228717696,1.0,0.6726310178315416,75,53.61168760257026,29,5,5,27,0,No,0,Referral,North
104500,Apr-2036,499,6.050959896629678,492.9490401033703,503.3950385878064,335.1523048150094,6.0,67.79673528836085,176,52.76435610732334,0,14,2,22,0,Yes,0,Affiliate,South
104501,Apr-2036,699,74.01070084749743,624.9892991525026,678.0744378527742,520.5915194233595,1.0,89.39777972914305,101,59.94652006948337,28,9,5,11,0,No,0,Organic,West
104502,Apr-2036,1499,77.8446860357801,1421.1553139642199,1467.3203548072013,1265.020101796184,8.0,36.135212168035785,252,118.51104452388222,15,12,2,9,1,Yes,0,Organic,South
104503,Apr-2036,499,243.81854531585475,255.18145468414525,501.7570144581906,244.69758956724053,0.0,10.483865116904724,167,17.27564633112933,4,10,4,10,1,No,0,Paid Search,West
104504,Apr-2036,499,229.21145526364552,269.7885447363545,494.7158023192245,84.27960465471239,5.0,110.50894008164208,110,14.984806758551276,4,8,3,54,4,Yes,0,Paid Search,West
104505,May-2036,1299,158.45833107107006,1140.54166892893,1343.8445493946344,1064.4367011629263,4.0,16.104967766003696,280,73.37115502345098,6,9,1,43,1,Yes,0,Organic,North
104506,May-2036,699,204.12778579650683,494.8722142034932,703.9671751253112,376.72710427105073,3.0,73.14510993244247,244,27.21321813154859,7,14,4,56,2,No,0,Affiliate,East
104507,May-2036,999,206.49485327603645,792.5051467239635,962.2433121442031,654.8636831513209,3.0,92.64146357264264,293,136.03820317436305,18,16,1,50,2,No,0,Paid Search,South
104508,May-2036,1499,106.36565314404342,1392.6343468559567,1481.6595844595502,1341.5069555576074,0.0,51.12739129834932,199,57.356549263587276,0,8,2,49,1,Yes,0,Referral,South
104509,May-2036,699,84.90008323347259,614.0999167665274,682.1375666462611,522.9211160226537,2.0,61.17880074387364,194,146.98942744152902,17,8,5,46,0,Yes,0,Organic,West
104510,May-2036,1499,334.4023698746845,1164.5976301253154,1462.8717558944618,938.7993178786767,4.0,165.79831224663877,188,79.9846535255436,21,15,5,49,1,Yes,0,Paid Search,North
104511,May-2036,499,148.69533657627886,350.30466342372114,486.84775135740335,233.49410899255037,5.0,41.810554431170765,160,38.1027615642191,10,8,4,39,0,Yes,0,Organic,South
104512,May-2036,1299,61.04359572752969,1237.9564042724703,1288.3973552479138,1096.5964259880539,3.0,96.35997828441647,216,48.754051556557094,29,4,1,31,2,No,0,Referral,North
104513,May-2036,1299,125.54609743081127,1173.4539025691888,1251.2052837411684,961.5002728036088,9.0,76.95362976557999,238,,21,5,3,32,2,Yes,0,Organic,West
104514,May-2036,999,217.19417127832162,781.8058287216784,974.2639468008151,547.8054977055853,8.0,114.00033101609316,288,11.183542485764157,26,7,3,31,2,Yes,0,Organic,North
104515,May-2036,1299,286.26078313238304,1012.739216867617,1325.170498565739,904.7028385868698,2.0,78.0363782807472,268,100.16848312528798,28,10,3,8,1,No,1,Organic,North
104516,May-2036,499,372.8077925025776,126.19220749742237,515.3393212864494,74.57917964769632,3.0,6.613027849726059,98,46.24129284126258,15,8,1,40,1,Yes,0,Paid Search,East
104517,May-2036,999,138.99471805558434,860.0052819444156,950.4241444264708,786.8681601360156,0.0,73.13712180839997,156,40.83660347972909,20,9,5,51,1,No,0,Organic,East
104518,May-2036,699,147.03172503721996,551.96827496278,669.8835867349777,372.91602937796114,8.0,59.05224558481889,142,193.53843077929605,10,6,5,5,0,Yes,0,Affiliate,West
104519,May-2036,1299,193.5132072738216,1105.4867927261785,1345.1206367144453,987.1824293244839,2.0,88.30436340169452,173,119.29910959513215,20,7,4,31,0,Yes,0,Affiliate,West
104520,May-2036,999,86.26548740052937,912.7345125994707,970.4939448996273,672.1303214836462,10.0,90.60419111582445,110,23.28394539515844,8,11,1,7,1,Yes,0,Paid Search,West
104521,May-2036,499,7.8915273532949755,491.108472646705,489.62758595989635,318.7965907369046,6.0,82.3118819098004,189,61.10056281925359,26,2,2,45,2,Yes,0,Paid Search,West
104522,May-2036,1499,138.44994404831778,1360.5500559516822,1474.57946886477,1258.5309092726955,3.0,57.01914667898679,190,20.350365988634746,30,17,2,47,1,Yes,0,Organic,North
104523,May-2036,1499,239.4446750402157,1259.5553249597842,1553.844863731606,1238.730041993882,0.0,20.82528296590234,107,69.33410747526594,6,12,3,14,1,No,1,Organic,West
104524,May-2036,499,120.8491864588223,378.1508135411777,482.17159929250175,247.96984222666572,3.0,85.18097131451199,60,170.4154845356271,21,9,5,25,1,Yes,0,Affiliate,North
104525,May-2036,499,199.61224664617117,299.3877533538288,514.5957100124078,76.41784822909773,13.0,27.969905124731078,241,135.146320360985,14,7,5,21,3,Yes,0,Organic,East
104526,May-2036,1499,74.25807754458435,1424.7419224554155,1494.1569548184013,1251.8993184655071,10.0,22.842603989908433,208,67.21344449535401,10,8,1,47,1,Yes,0,Affiliate,West
104527,May-2036,999,152.20855481033502,846.791445189665,1027.2884317473895,765.0882556214584,2.0,51.703189568206525,188,61.73537348563259,22,6,1,29,2,No,0,Organic,East
104528,May-2036,1499,101.58640911428098,1397.413590885719,1527.1890890474406,1255.0356062030583,4.0,82.3779846826609,298,43.48953278313109,18,7,4,46,1,Yes,1,Organic,South
104529,May-2036,499,3.0148506589422084,495.98514934105776,510.5817921547106,231.4988119212373,14.0,54.48633741982047,171,178.6390800529326,28,12,1,45,2,No,0,Affiliate,South
104530,May-2036,1299,228.86550043018167,1070.1344995698182,1248.8386823932597,1065.406543286637,0.0,4.727956283181165,154,89.52070437586337,6,12,4,31,1,Yes,0,Organic,North
104531,May-2036,699,371.47746831291784,327.52253168708216,685.6335723017519,166.05927765728234,5.0,86.46325402979981,220,34.375132200461856,15,5,3,52,3,Yes,0,Affiliate,East
104532,May-2036,1299,268.7950710817063,1030.2049289182937,1263.5582580525706,933.603730067692,4.0,36.60119885060166,298,53.33313287767167,2,9,3,4,0,Yes,0,Organic,East
104533,May-2036,1299,276.44988065741273,1022.5501193425873,1250.4072125376297,820.8238384197641,1.0,186.72628092282324,85,55.367609217441505,15,6,5,54,2,Yes,1,Paid Search,South
104534,May-2036,499,235.4972441540165,263.50275584598353,505.94779036979355,106.07417097927188,4.0,,179,24.558354173930944,7,11,5,41,1,No,0,Referral,West
104535,May-2036,1499,227.57417395754635,1271.4258260424535,1528.2502340580074,1131.3188938084845,2.0,110.10693223396908,136,55.621695212295755,25,9,5,46,1,Yes,0,Referral,North
104536,Jun-2036,999,65.93183226906191,933.0681677309381,963.183918999435,799.7530638783,1.0,118.31510385263798,110,73.31985978259641,9,9,2,29,1,Yes,0,Referral,West
104537,Jun-2036,1299,134.64588599136133,1164.3541140086386,1333.8792466984294,1058.6587695642227,5.0,30.695344444415863,213,21.157457557361987,8,8,4,49,1,No,1,Referral,East
104538,Jun-2036,1499,211.04037199750408,1287.959628002496,1467.045308175053,1250.5064953698243,2.0,7.4531326326715615,127,103.04059434579112,2,10,3,1,1,No,0,Paid Search,East
104539,Jun-2036,999,213.76857374410406,785.2314262558959,986.691972620769,498.12389072209294,16.0,,278,28.37101357753376,6,11,4,32,0,Yes,0,Affiliate,East
104540,Jun-2036,1299,302.60474271236455,996.3952572876354,1363.073773699247,810.1083514260171,,66.2869058616184,98,34.758273152828856,7,10,2,1,0,Yes,0,Referral,North
104541,Jun-2036,999,26.112282044018514,972.8877179559815,968.229336888948,711.0972724428643,8.0,,204,27.670771662091347,2,10,2,4,1,Yes,0,Organic,North
104542,Jun-2036,1499,222.87259384892383,1276.1274061510762,1441.7562984922863,1200.9041077370923,5.0,0.22329841398386918,189,23.281144292806545,15,16,3,20,0,Yes,0,Paid Search,East
104543,Jun-2036,699,22.19507952088638,676.8049204791137,682.81879936585,495.29179169524195,,121.51312878387168,235,115.57066344680531,21,12,3,59,1,No,0,Referral,North
104544,Jun-2036,1499,124.59604921931277,1374.4039507806872,1563.727609954515,1186.6539523464196,8.0,67.74999843426762,270,129.7588007412697,28,8,5,40,1,Yes,0,Referral,West
104545,Jun-2036,499,142.5644391317669,356.4355608682331,480.04049494280997,201.0476528070684,8.0,35.38790806116467,55,30.56010334859286,13,12,2,37,4,Yes,1,Referral,South
104546,Jun-2036,999,253.50850968587417,745.4914903141258,1010.5828013661736,594.0752438579148,0.0,151.416246456211,93,106.9253551838296,6,7,5,14,1,Yes,0,Referral,South
104547,Jun-2036,699,239.39440660804132,459.6055933919587,719.4864781969306,343.31932783149,3.0,71.28626556046865,224,12.4863390034232,3,15,3,58,0,Yes,0,Referral,South
104548,Jun-2036,999,164.43967052539665,834.5603294746033,1041.1948072681573,671.1599525526196,6.0,,72,39.16970706995854,5,10,2,52,0,Yes,0,Referral,North
104549,Jun-2036,999,108.24450254648514,890.7554974535149,996.8053488831115,887.6593184142097,0.0,3.09617903930517,164,16.388167704007003,6,6,2,56,3,Yes,0,Paid Search,South
104550,Jun-2036,1299,203.38004795904646,1095.6199520409536,1293.5039576437343,1043.4040798531485,2.0,22.21587218780529,251,188.29690712584704,11,15,1,55,1,Yes,0,Organic,East
104551,Jun-2036,499,117.87882275534554,381.12117724465446,515.347653354667,214.71822939064378,8.0,46.402947854010684,147,118.1082416992208,6,13,2,14,2,Yes,0,Referral,East
104552,Jun-2036,999,317.01670699429206,681.983293005708,968.6142719512961,596.9294647096992,3.0,40.05382829600873,157,9.579961681443113,26,10,5,54,1,Yes,0,Affiliate,North
104553,Jun-2036,1499,288.41922532084425,1210.5807746791556,1493.327475921074,1064.17740446077,7.0,41.403370218385575,253,24.71456245263008,0,9,1,2,1,Yes,0,Referral,South
104554,Jun-2036,1499,37.43725117132105,1461.5627488286789,1519.6461104364162,1273.063827323555,4.0,,145,40.08719638807504,17,10,2,21,1,No,0,Referral,North
104555,Jun-2036,1299,219.86090867887023,1079.1390913211299,1324.9921054227539,997.7749929999986,2.0,51.36409832113124,75,47.049149184812535,10,16,1,29,2,No,1,Paid Search,West
104556,Jun-2036,499,222.22927273924853,276.77072726075147,479.63111139108423,130.3964299558006,3.0,101.37429730495086,184,15.049960073721255,10,6,2,12,0,No,0,Referral,West
104557,Jun-2036,499,213.50202955403108,285.4979704459689,517.3214076895487,95.82519002160541,4.0,129.6727804243635,209,83.90671911570539,16,11,4,18,2,Yes,0,Paid Search,West
104558,Jun-2036,1499,197.94972896947183,1301.0502710305282,1546.7053274921113,1271.8689806007321,,29.181290429796007,82,106.68157474861567,24,11,5,38,1,No,0,Paid Search,North
104559,Jun-2036,699,225.61855037619,473.38144962381,686.211740614789,360.7123821107173,4.0,,131,63.74939732625726,11,8,5,41,1,Yes,1,Organic,West
104560,Jun-2036,1299,330.17829786887955,968.8217021311204,1295.9319021851006,882.1804170127734,5.0,11.641285118346978,276,60.46721544077879,22,9,1,32,2,Yes,0,Paid Search,West
104561,Jun-2036,1299,83.83436001281561,1215.1656399871845,1283.9368812009452,1159.9690019278207,2.0,25.196638059363814,197,27.765213783954213,26,7,4,41,1,No,0,Organic,North
104562,Jun-2036,1499,41.30284520914557,1457.6971547908545,1571.1166918548647,1342.247534822183,,115.44961996867144,144,38.406063464778626,22,6,1,22,1,Yes,0,Affiliate,East
104563,Jun-2036,1499,243.92581626066038,1255.0741837393396,1511.5903616777043,1102.0744143844101,3.0,107.99976935492936,246,58.234067779133305,18,11,1,36,1,Yes,0,Referral,North
104564,Jun-2036,699,76.00345135573897,622.996548644261,682.9554838925985,511.5217713437373,2.0,81.47477730052371,273,62.96233037673149,20,9,3,42,1,No,0,Referral,East
104565,Jun-2036,699,228.48286326754445,470.5171367324556,716.1917101302589,311.8835420807243,4.0,98.63359465173127,229,,17,10,1,12,0,No,0,Affiliate,West
104566,Jul-2036,499,207.23267622504562,291.7673237749544,515.0498915712105,210.7650744815159,1.0,66.00224929343845,288,100.10452350888049,20,8,2,57,3,Yes,1,Referral,North
104567,Jul-2036,1299,131.46030283346687,1167.5396971665332,1328.374151540461,1089.390087742691,2.0,48.149609423842065,219,72.7945169231863,23,13,3,21,1,Yes,0,Referral,South
104568,Jul-2036,1299,73.63960084675615,1225.3603991532439,1244.8993815149909,1060.240603427016,2.0,135.11979572622795,260,107.75187821281914,12,13,3,8,0,Yes,0,Paid Search,East
104569,Jul-2036,1499,339.1169430729581,1159.883056927042,1467.1815735563634,1078.4036768543956,4.0,21.47938007264632,178,54.12756719600194,9,7,1,28,2,No,0,Organic,North
104570,Jul-2036,499,24.861183685912778,474.1388163140872,492.1355847674008,387.1500411558471,3.0,41.98877515824011,240,53.86419668319648,18,13,3,57,2,No,1,Paid Search,South
104571,Jul-2036,1299,175.51099379393142,1123.4890062060686,1262.2219672491824,975.2289514396393,2.0,118.26005476642916,56,93.70886284676449,3,9,5,53,2,Yes,1,Referral,North
104572,Jul-2036,499,29.41136400074585,469.58863599925417,498.0692809918359,407.48994589581287,0.0,62.098690103441285,173,21.193587758874614,23,11,3,22,4,No,0,Paid Search,South
104573,Jul-2036,499,64.92644351258812,434.0735564874119,489.9929595696255,334.1106493217546,0.0,99.96290716565733,107,262.9406684120618,14,11,3,52,2,Yes,0,Affiliate,East
104574,Jul-2036,1499,379.9582584512806,1119.0417415487195,1429.515601204628,1073.67258588682,0.0,45.36915566189964,135,27.673262302784327,17,9,2,16,1,No,0,Referral,East
104575,Jul-2036,499,164.81332149433672,334.1866785056633,506.58729240383326,116.60736329398628,8.0,97.579315211677,227,25.144479376368512,0,10,5,12,0,Yes,0,Affiliate,North
104576,Jul-2036,699,212.03408262755076,486.9659173724492,694.5241264873836,325.75248052244143,1.0,146.21343685000778,83,103.55365051442037,18,12,3,49,2,No,0,Organic,West
104577,Jul-2036,699,136.5042508288183,562.4957491711817,666.0148430203055,508.4934799602886,,9.00226921089314,100,76.31924757212104,1,12,2,17,0,Yes,0,Paid Search,North
104578,Jul-2036,999,31.815997691714756,967.1840023082852,1042.2465718597202,902.7761896122744,3.0,19.407812696010893,169,84.75769673435246,9,12,5,21,0,Yes,0,Organic,North
104579,Jul-2036,1499,7.809215172280659,1491.1907848277194,1521.6402981338497,1345.1078559753912,,56.082928852328145,297,55.160267335327156,29,16,3,51,0,Yes,0,Paid Search,South
104580,Jul-2036,999,291.4116390770679,707.5883609229321,956.4371857013268,685.6678122393932,0.0,21.92054868353884,187,22.21366393921281,30,9,1,7,1,No,0,Organic,West
104581,Jul-2036,699,168.34705780148815,530.6529421985118,726.2188332621805,391.474458303853,1.0,124.17848389465883,160,150.3724371502716,17,16,3,20,2,Yes,0,Affiliate,East
104582,Jul-2036,999,57.56539728522185,941.4346027147782,991.0940296275098,833.4590439232862,4.0,47.975558791491906,155,100.5389451886147,3,12,5,36,2,Yes,0,Affiliate,North
104583,Jul-2036,1499,147.35378384917678,1351.6462161508232,1459.9667211243125,1139.8367216846152,9.0,76.80949446620792,75,30.900439807819197,28,12,3,52,2,No,0,Paid Search,South
104584,Jul-2036,1499,229.3917555940738,1269.6082444059261,1430.946439595256,1200.8856509885923,3.0,23.72259341733395,81,,28,10,5,54,0,Yes,0,Paid Search,South
104585,Jul-2036,499,204.53866170999754,294.46133829000246,511.21662155495505,175.41445676982286,4.0,59.0468815201796,173,33.142974920214954,21,11,1,41,1,Yes,0,Referral,East
104586,Jul-2036,1299,57.62529597409855,1241.3747040259013,1359.96480739223,987.4643114989913,8.0,133.91039252691002,219,37.206330445573506,9,3,3,44,0,No,0,Paid Search,West
104587,Jul-2036,499,39.03639347245843,459.9636065275416,483.2971458120215,363.5931089878024,5.0,21.37049753973916,268,39.6431659412278,25,8,5,13,1,Yes,0,Affiliate,East
104588,Jul-2036,1499,101.15441481341449,1397.8455851865856,1486.5455101536536,1320.9760232566912,3.0,31.869561929894477,239,28.617422966342193,20,11,2,41,2,Yes,0,Organic,West
104589,Jul-2036,699,283.0858363124048,415.9141636875952,680.6519513377189,142.49310798266418,15.0,48.421055704931,61,54.38031932525341,3,11,3,29,0,Yes,0,Organic,North
104590,Jul-2036,699,252.52523581286528,446.4747641871347,704.0656507353606,346.5924357723888,5.0,24.882328414745928,217,101.10442251843368,23,11,1,43,1,No,0,Affiliate,East
104591,Jul-2036,499,199.24839179101951,299.7516082089805,517.5276990873431,244.8486213652048,2.0,24.902986843775714,136,70.72342886816986,26,4,2,37,2,Yes,0,Organic,North
104592,Jul-2036,1499,129.4943506240666,1369.5056493759334,1443.6415402720895,1062.816944074149,8.0,186.68870530178438,127,84.23983698828732,20,8,3,59,1,Yes,0,Referral,East
104593,Jul-2036,699,87.9903885527259,611.0096114472741,684.8948863570386,550.9509689842259,0.0,,83,61.62086710139954,17,13,5,8,1,Yes,0,Organic,West
104594,Jul-2036,1499,131.72059146547682,1367.279408534523,1448.7324173458612,1341.0241928772366,0.0,26.255215657286545,258,6.785491779307237,19,10,4,20,2,Yes,0,Referral,West
104595,Jul-2036,699,243.8125997162545,455.1874002837455,680.0343317290694,249.4433198474561,3.0,160.74408043628938,119,,22,8,2,44,1,No,0,Organic,South
104596,Jul-2036,1499,271.22287346829137,1227.7771265317087,1443.5264698045587,1090.9456467398327,0.0,136.83147979187612,204,113.55749243251172,3,9,5,56,2,No,0,Referral,East
104597,Aug-2036,999,118.58558820932785,880.4144117906721,1012.4496898451986,735.4727975782146,3.0,99.94161421245761,57,64.0144581924482,14,11,2,48,1,Yes,0,Organic,South
104598,Aug-2036,1499,454.3477571433112,1044.6522428566889,1430.5707036946515,968.428338082424,5.0,1.2239047742647244,274,19.70415256911425,21,13,3,10,1,Yes,0,Referral,South
104599,Aug-2036,1499,161.08845309324676,1337.9115469067533,1533.3243515391525,1039.32257628073,2.0,268.58897062602335,276,81.91429869238472,17,6,1,15,0,Yes,0,Paid Search,South
104600,Aug-2036,499,108.36534600781178,390.6346539921882,481.14201790624605,270.37338598249346,3.0,75.26126800969472,224,51.19791872877642,8,9,1,57,1,Yes,1,Organic,North
104601,Aug-2036,999,327.0803326331461,671.9196673668539,975.6911500487137,549.4238611088966,2.0,92.49580625795724,130,59.21399420080268,19,12,2,12,1,Yes,0,Referral,South
104602,Aug-2036,1299,94.59558357147304,1204.404416428527,1278.9019370194121,1018.7722336985389,7.0,80.63218272998812,75,99.59519038425567,28,10,4,56,2,Yes,0,Referral,West
104603,Aug-2036,499,207.60404334784266,291.39595665215734,493.0645139395533,104.94899619828499,11.0,21.446960453872368,106,68.37374392011009,16,9,3,56,2,Yes,0,Referral,North
104604,Aug-2036,1299,141.2641928840044,1157.7358071159956,1256.5128220729127,934.5693434512198,5.0,148.16646366477582,184,129.1187475954081,29,9,5,46,0,No,0,Affiliate,South
104605,Aug-2036,699,323.782118384563,375.217881615437,698.2180004472735,336.4806883635317,0.0,38.73719325190527,287,35.963558507354314,2,12,3,57,1,Yes,0,Referral,South
104606,Aug-2036,1299,222.590803038023,1076.409196961977,1350.2800891914972,975.0990405411071,3.0,56.31015642086978,265,11.80536275836677,12,14,4,45,1,Yes,0,Organic,North
104607,Aug-2036,1499,166.69226038099902,1332.307739619001,1492.8130427906303,1235.767920561316,4.0,36.539819057685115,266,,29,13,5,16,0,No,0,Referral,East
104608,Aug-2036,1299,229.51605570558584,1069.4839442944142,1237.668151535684,935.3061050551512,4.0,74.177839239263,276,36.87275849762153,6,13,4,42,2,Yes,0,Organic,West
104609,Aug-2036,499,23.330122545509738,475.66987745449023,492.1837457368685,343.2522654611935,8.0,12.41761199329676,75,74.22165410252364,13,10,3,8,1,Yes,0,Paid Search,North
104610,Aug-2036,499,266.01838013746305,232.98161986253695,494.16679875499716,59.07227189053472,9.0,38.90934797200222,236,25.096309606916343,29,12,3,20,1,No,0,Paid Search,South
104611,Aug-2036,1299,11.350290841616527,1287.6497091583835,1270.8565996859388,1027.9992778762803,,154.6504312821031,163,35.99713502676494,25,11,2,14,0,Yes,0,Paid Search,West
104612,Aug-2036,499,193.01968569772376,305.98031430227627,488.81905852455384,179.27355162570484,0.0,126.70676267657142,167,76.34643869282277,24,13,4,37,0,No,0,Affiliate,West
104613,Aug-2036,499,154.27372093032295,344.72627906967705,483.97639729842433,311.4159781676089,,33.31030090206815,246,42.30084158462025,5,15,1,26,2,No,0,Organic,North
104614,Aug-2036,1299,61.56654916457103,1237.433450835429,1358.322263549083,1143.5751884125582,0.0,93.85826242287095,165,104.96050592107026,13,12,4,38,1,Yes,0,Paid Search,North
104615,Aug-2036,999,158.27304697152596,840.7269530284741,1001.9414673770383,600.8369244365333,8.0,119.89002859194083,295,25.545139299636805,13,10,4,53,1,Yes,0,Organic,West
104616,Aug-2036,999,183.8384102047558,815.1615897952443,1002.6724013308668,715.157084270687,5.0,25.004505524557175,96,,28,11,5,41,2,Yes,0,Paid Search,East
104617,Aug-2036,699,71.41488312506509,627.5851168749349,693.7996847786573,491.15154644824906,4.0,,151,82.66890763707121,13,17,5,45,2,No,0,Paid Search,North
104618,Aug-2036,499,28.509360138887047,470.490639861113,504.83427184969304,392.9850690723489,1.0,62.50557078876409,173,15.688367299949169,19,11,2,29,2,No,0,Organic,East
104619,Aug-2036,1299,209.06128841140767,1089.9387115885922,1289.0323820970218,987.3282028688145,0.0,102.61050871977774,212,8.27724678976359,17,8,1,13,1,Yes,0,Affiliate,North
104620,Aug-2036,499,193.47780013929713,305.52219986070287,508.42932016136353,190.00396210892995,6.0,25.518237751772887,207,18.108652380893062,8,11,3,34,3,No,0,Affiliate,North
104621,Aug-2036,1499,177.21829071048523,1321.7817092895148,1437.273078864367,1214.5168920439583,4.0,47.26481724555645,227,110.56949221967348,11,13,1,22,0,No,1,Paid Search,East
104622,Aug-2036,499,151.06101268258604,347.938987317414,475.5310399098295,322.59363073725393,1.0,10.345356580160058,266,31.645537903512306,13,4,1,45,2,Yes,0,Organic,East
104623,Aug-2036,499,82.01243796292839,416.9875620370716,502.11508006168054,310.42433062515045,2.0,76.56323141192118,73,37.67649678935913,23,9,1,26,1,Yes,1,Affiliate,North
104624,Aug-2036,999,422.66177431977223,576.3382256802278,1022.3861764196346,530.3214074351052,2.0,16.016818245122494,79,87.0122440363217,22,9,2,34,0,No,1,Organic,East
104625,Aug-2036,1299,114.20029917022941,1184.7997008297707,1320.9549184264008,1148.4241312026393,2.0,6.375569627131355,261,99.6980413369365,15,7,2,59,0,Yes,0,Paid Search,North
104626,Aug-2036,499,46.186396383746,452.813603616254,493.9423028655409,318.0025380254277,5.0,59.81106559082627,103,88.51398612291672,1,6,1,47,0,Yes,0,Organic,West
104627,Aug-2036,999,156.53127302521605,842.468726974784,949.3713556546434,817.2490270131334,0.0,25.21969996165052,116,82.50134431925427,15,9,3,24,1,No,0,Referral,West
104628,Sep-2036,699,128.28707444266587,570.7129255573341,672.4945313324512,431.4496809781008,4.0,79.26324457923329,81,29.885748779796035,17,11,3,56,2,No,0,Affiliate,West
104629,Sep-2036,999,111.41846299002114,887.5815370099789,988.2138662058401,694.447367031853,4.0,133.1341699781259,57,55.790895865264424,23,9,3,21,4,Yes,0,Referral,North
104630,Sep-2036,999,374.9131308727183,624.0868691272817,1015.4192299819957,562.6145193349165,4.0,1.4723497923652573,292,15.535681946809197,8,5,2,31,0,Yes,0,Affiliate,East
104631,Sep-2036,999,14.430261839447127,984.5697381605529,980.223308278606,847.5878665915013,5.0,61.98187156905155,227,39.45164669810674,24,9,5,12,2,Yes,1,Paid Search,South
104632,Sep-2036,499,154.49244825524468,344.50755174475535,500.57680959778816,245.81806317051416,4.0,38.68948857424118,224,10.286832059997447,7,4,3,42,0,Yes,0,Referral,South
104633,Sep-2036,499,22.479237008578593,476.5207629914214,482.80869090944077,404.5009956572044,2.0,42.01976733421702,264,,0,11,5,24,0,No,0,Paid Search,South
104634,Sep-2036,699,85.07702743247657,613.9229725675234,675.9026147896308,392.75644525433245,3.0,176.16652731319098,95,37.703037165279355,4,21,1,21,0,Yes,0,Organic,South
104635,Sep-2036,1499,358.33391398740383,1140.6660860125962,1535.3917643986697,966.8423217598706,9.0,38.82376425272571,129,,6,9,3,4,2,Yes,0,Organic,West
104636,Sep-2036,1499,183.77340668662717,1315.2265933133729,1489.7654801753515,1053.5969822666068,11.0,96.62961104676606,84,33.47969719407275,9,6,1,25,1,Yes,0,Referral,East
104637,Sep-2036,1499,182.3244714226061,1316.6755285773938,1566.3104628182687,1282.4114458259862,1.0,19.264082751407614,238,114.1975146280714,21,12,1,8,2,Yes,0,Referral,North
104638,Sep-2036,699,37.26225262465749,661.7377473753425,678.8200175916332,521.8693496393988,5.0,64.86839773594362,138,14.393761690137774,10,9,4,36,2,Yes,0,Referral,West
104639,Sep-2036,1499,99.04541295398619,1399.9545870460138,1491.1695353354958,1366.4900553335433,0.0,33.46453171247052,128,19.71248959212656,11,5,1,34,1,Yes,0,Organic,West
104640,Sep-2036,1499,368.7745825870204,1130.2254174129796,1452.2741518519276,1034.6183514753197,0.0,95.60706593765995,228,53.62572280407323,0,13,1,50,0,Yes,0,Referral,South
104641,Sep-2036,999,209.92346957242933,789.0765304275707,974.6198635862755,703.470499780451,3.0,40.606030647119766,240,55.782099921293536,25,10,2,50,0,Yes,0,Affiliate,North
104642,Sep-2036,499,109.23421780285145,389.76578219714855,505.98889759937623,78.74960326434251,17.0,56.01617893280605,185,105.8292065836444,30,9,1,46,3,No,0,Affiliate,West
104643,Sep-2036,499,202.87287083639268,296.1271291636073,519.440543243689,83.83132814430905,10.0,62.29580101929827,83,62.166261520192904,5,7,3,27,1,Yes,0,Paid Search,East
104644,Sep-2036,999,182.11966358534508,816.880336414655,961.8797827371288,585.2073403261063,10.0,81.6729960885487,74,55.43535011043488,3,6,2,28,0,Yes,0,Organic,East
104645,Sep-2036,999,49.26724153777482,949.7327584622252,961.9955777803311,817.0686301085709,5.0,57.66412835365428,162,,2,7,4,29,1,Yes,1,Affiliate,South
104646,Sep-2036,999,105.74301017735112,893.2569898226488,1044.201205698614,866.3331960233567,1.0,11.923793799292149,221,114.64529550770843,3,3,4,29,0,Yes,0,Referral,West
104647,Sep-2036,499,420.5443322529439,78.45566774705611,510.7901823281997,-139.62488219702487,8.0,98.08054994408099,132,44.53415740306363,23,7,1,10,1,Yes,0,Organic,North
104648,Sep-2036,1499,197.04031001359692,1301.9596899864032,1470.9422404693933,1068.8933740273792,,68.06631595902408,92,29.08024580108458,26,11,5,44,2,Yes,0,Organic,East
104649,Sep-2036,999,38.28504135714513,960.7149586428549,989.7026036637243,712.0086416565015,4.0,188.70631698635336,175,25.6722034467258,5,10,4,32,0,Yes,1,Affiliate,South
104650,Sep-2036,699,211.2252177895693,487.77478221043066,719.1939626536398,360.1234326926538,8.0,7.651349517776858,227,54.88568559842426,24,12,4,8,0,Yes,0,Paid Search,North
104651,Sep-2036,999,306.37059276335356,692.6294072366464,1018.8622589382043,538.6525361992954,3.0,108.97687103735106,62,13.63734674552851,4,11,4,54,0,Yes,0,Paid Search,West
104652,Sep-2036,1299,41.4746183816727,1257.5253816183274,1313.226090444435,1079.8317077439485,,12.693673874378945,223,14.697273867403608,26,8,3,17,0,Yes,0,Affiliate,South
104653,Sep-2036,999,95.17892439798239,903.8210756020176,1035.4352955814788,680.862662816199,4.0,162.95841278581858,174,14.66583528176393,8,13,5,12,0,No,0,Referral,West
104654,Sep-2036,499,324.4525145950222,174.5474854049778,489.6392189279183,-96.62449652159793,11.0,106.17198192657574,125,158.00938085486237,3,5,1,26,0,No,1,Affiliate,North
104655,Sep-2036,999,154.18949625914763,844.8105037408524,970.1544930168026,765.0647080986824,2.0,49.745795642169895,256,132.95777186121538,13,9,1,52,2,Yes,0,Organic,West
104656,Sep-2036,1299,132.8546132650452,1166.1453867349549,1287.280955747066,934.2809008138704,10.0,81.8644859210844,136,23.72188253660292,14,16,2,3,0,Yes,0,Affiliate,North
104657,Sep-2036,699,10.326963585417474,688.6730364145825,664.5720993031965,474.0641065699059,8.0,94.60892984467657,230,63.30590079070679,27,10,3,42,0,No,0,Affiliate,West
104658,Oct-2036,1499,278.46795701770407,1220.532042982296,1500.0922259594745,937.3377727870031,10.0,133.19427019529283,240,84.56034731430584,3,9,5,11,1,Yes,0,Affiliate,West
104659,Oct-2036,999,127.38371558992475,871.6162844100752,985.5366757233026,609.3375416514405,7.0,157.27874275863468,153,69.61410571157357,21,13,2,14,0,No,0,Paid Search,North
104660,Oct-2036,1299,110.5179522188123,1188.4820477811877,1251.1878396166219,985.1221834027194,6.0,113.3598643784683,179,18.02718084183586,13,17,5,7,2,Yes,1,Paid Search,East
104661,Oct-2036,1299,38.716501771950504,1260.2834982280494,1347.775612389834,1114.8508949912118,9.0,10.432603236837721,89,26.87469191655605,28,14,4,26,0,Yes,0,Affiliate,South
104662,Oct-2036,699,82.61032617807628,616.3896738219237,677.6395913242483,545.701504696326,3.0,25.688169125597756,72,,9,14,5,37,1,No,0,Referral,North
104663,Oct-2036,499,21.25892482048374,477.74107517951626,509.27762147208637,321.7755450511553,6.0,65.96553012836097,236,14.206537707632164,26,11,2,33,2,Yes,0,Organic,North
104664,Oct-2036,999,40.084589556002584,958.9154104439974,1019.5517077335351,868.93084111503,2.0,59.98456932896737,118,109.46126900946304,6,9,3,44,0,Yes,0,Referral,South
104665,Oct-2036,1299,431.36038743641166,867.6396125635883,1239.5824436481744,803.589395549007,0.0,64.0502170145813,83,17.53902236634214,29,8,3,48,1,Yes,0,Referral,West
104666,Oct-2036,699,234.90276163993246,464.09723836006754,693.9421367114254,314.05414923466645,5.0,75.0430891254011,251,57.7115729820529,17,11,4,32,2,No,0,Referral,East
104667,Oct-2036,1499,159.28140275932117,1339.7185972406787,1495.4586718505211,1281.1340321673083,3.0,13.58456507337037,204,93.45181449868541,19,10,1,38,2,Yes,0,Organic,South
104668,Oct-2036,1299,112.28137065353971,1186.7186293464604,1340.2462060861517,1027.5122842986964,9.0,24.20634504776395,104,101.32717726372421,14,13,2,20,1,Yes,0,Organic,North
104669,Oct-2036,699,139.26079111753583,559.7392088824641,707.6985338902841,491.79501448384656,2.0,37.94419439861757,155,102.36751312408275,28,12,1,10,1,Yes,1,Affiliate,North
104670,Oct-2036,499,27.232072072396107,471.76792792760386,477.2098171603937,461.80324012400695,0.0,9.964687803596917,53,27.90728633803322,7,5,4,15,0,Yes,0,Referral,South
104671,Oct-2036,499,214.12635666431316,284.87364333568684,496.44362749334374,79.5262731806522,9.0,70.34737015503462,245,30.811199898440012,8,11,5,15,0,Yes,0,Referral,West
104672,Oct-2036,1299,94.96671901679025,1204.0332809832098,1273.1310192696942,1117.7350667781755,3.0,,249,66.61202596149305,4,11,5,6,1,Yes,0,Referral,South
104673,Oct-2036,1299,281.63363493244447,1017.3663650675555,1256.2561351875504,1005.9732456748975,0.0,11.393119392657994,119,82.52813100111032,5,9,4,55,1,No,0,Organic,East
104674,Oct-2036,999,322.98359780674605,676.016402193254,976.6266845083456,450.77831825581234,,90.23808393744166,266,79.8545433955806,25,4,3,25,1,No,0,Referral,North
104675,Oct-2036,699,432.3102094748403,266.6897905251597,722.781520122911,95.33307935576732,7.0,66.3567111693924,204,86.69734846318507,11,11,2,1,2,Yes,0,Paid Search,North
104676,Oct-2036,1299,38.91951050794955,1260.0804894920504,1314.5877638808693,1059.9503006356144,12.0,20.13018885643612,96,,6,9,4,6,0,Yes,1,Referral,South
104677,Oct-2036,999,14.507683020016287,984.4923169799837,992.5488329781963,947.5463649510931,1.0,21.945952028890577,163,63.799306991445214,6,10,4,13,3,Yes,0,Referral,South
104678,Oct-2036,999,233.12064411032773,765.8793558896723,1021.026682459695,753.9657961915066,0.0,11.913559698165706,166,29.98403547734125,14,10,2,11,2,Yes,0,Organic,North
104679,Oct-2036,1299,291.9216066079173,1007.0783933920827,1359.8220970501395,953.881578142635,2.0,23.196815249447667,167,,18,6,3,24,1,No,0,Organic,North
104680,Oct-2036,499,247.07431936302865,251.92568063697135,520.3155489891736,242.22989219468317,0.0,9.695788442288176,217,146.57807215714368,12,8,3,20,2,Yes,0,Paid Search,East
104681,Oct-2036,699,279.5660408633113,419.4339591366887,670.8201877637688,383.5864151147634,1.0,20.847544021925316,261,40.55279517270135,17,20,2,26,0,Yes,1,Affiliate,West
104682,Oct-2036,699,315.2192834358041,383.7807165641959,687.2763212236422,220.12465051390876,6.0,73.65606605028717,204,37.51993584712068,9,6,1,25,1,Yes,0,Referral,North
104683,Oct-2036,499,174.27004746350795,324.7299525364921,489.675059604076,237.74201345663013,1.0,71.98793907986195,56,77.72519166188144,7,10,5,52,1,Yes,0,Organic,West
104684,Oct-2036,1299,124.4940103895289,1174.505989610471,1305.9947498204408,1119.4716500503857,0.0,55.03433956008533,200,17.52298155473335,24,9,2,52,0,No,0,Affiliate,North
104685,Oct-2036,699,14.181264951048462,684.8187350489516,670.3698982679905,326.47766704793884,11.0,193.34106800101273,261,57.21605028384672,10,7,3,12,0,No,0,Organic,West
104686,Oct-2036,1299,114.22735137410416,1184.7726486258957,1353.7812303781288,1013.2252977342066,11.0,6.547350891689035,241,106.349783752591,7,8,1,46,1,Yes,0,Organic,South
104687,Oct-2036,1299,132.61339172029244,1166.3866082797076,1335.70037516567,1003.8762320103572,5.0,87.51037626935042,162,57.58577709501935,7,17,4,9,0,No,0,Organic,East
104688,Oct-2036,999,36.03785120108938,962.9621487989107,961.3145296408927,882.2295301080486,3.0,35.73261869086204,292,57.32693457201133,14,6,4,45,0,Yes,0,Organic,North
104689,Nov-2036,499,145.41309586115233,353.5869041388477,486.73799885971994,171.57284396449705,1.0,167.01406017435062,147,6.096627790127773,1,9,4,36,1,Yes,0,Organic,West
104690,Nov-2036,1299,22.514523950462063,1276.485476049538,1252.6339616764653,1033.430108345704,10.0,93.05536770383402,78,41.320650543707046,26,13,5,9,1,Yes,1,Affiliate,South
104691,Nov-2036,1499,283.5998803616603,1215.4001196383397,1495.6506148134104,1089.8023239482782,3.0,80.5977956900615,238,22.102577979300065,19,15,3,33,3,Yes,0,Referral,North
104692,Nov-2036,499,201.09893630149918,297.9010636985008,518.4670851374382,22.212159068773246,16.0,35.68890462972757,221,16.289275083436124,21,6,1,40,2,Yes,0,Affiliate,North
104693,Nov-2036,699,94.84755733940233,604.1524426605977,709.10941888388,416.9477045956585,6.0,97.20473806493919,164,47.25181798134074,23,12,3,34,2,Yes,1,Organic,East
104694,Nov-2036,999,172.66087293913023,826.3391270608697,1009.542106383629,628.3133883462503,1.0,183.02573871461934,246,82.4045105636705,12,13,5,24,0,No,0,Referral,West
104695,Nov-2036,699,17.38922851702202,681.610771482978,669.2569433328636,488.31552361802676,5.0,118.2952478649512,204,44.57487951555548,17,11,5,53,2,Yes,0,Affiliate,North
104696,Nov-2036,699,29.556868425688364,669.4431315743117,727.399983881251,525.1614609003387,8.0,24.2816706739729,189,95.35385746583997,11,10,2,45,0,Yes,0,Affiliate,South
104697,Nov-2036,499,73.93744340673328,425.0625565932667,488.05974671786936,261.7755704491065,5.0,88.2869861441602,194,81.39851078767049,7,8,3,45,0,Yes,0,Referral,North
104698,Nov-2036,699,126.96863155090789,572.0313684490922,726.9693962916243,502.1821936532556,1.0,54.84917479583652,86,31.50148908117802,16,12,4,33,1,No,0,Paid Search,West
104699,Nov-2036,1299,166.9442174986829,1132.055782501317,1293.028113428341,954.5319935302759,5.0,102.5237889710412,83,35.144763417820414,26,8,2,33,1,Yes,0,Affiliate,South
104700,Nov-2036,699,167.4187640275207,531.5812359724794,701.011722842546,465.26548155794853,1.0,51.31575441453084,271,8.401662042265032,5,8,3,29,1,Yes,0,Paid Search,West
104701,Nov-2036,999,8.253319979676036,990.746680020324,1009.4894458739794,811.9451577001206,11.0,13.801522320203397,213,180.38652115873535,15,11,2,38,4,No,1,Paid Search,North
104702,Nov-2036,999,140.312534052941,858.687465947059,977.8721034326851,847.2960310306743,0.0,11.391434916384718,183,23.655526710839375,23,10,2,48,2,Yes,0,Referral,South
104703,Nov-2036,1499,51.83336153021345,1447.1666384697864,1549.2998134229776,1401.3823616436657,0.0,,145,58.84957282214201,23,5,1,49,1,Yes,0,Referral,South
104704,Nov-2036,999,259.07600849407606,739.9239915059239,1044.789105390227,589.9417910304937,7.0,44.98220047543015,209,46.22563198999155,27,11,2,13,0,Yes,0,Referral,West
104705,Nov-2036,699,519.070263782754,179.92973621724605,683.8664801364428,46.34495784524904,6.0,43.58477837199701,122,141.3998869778033,26,12,5,18,2,Yes,0,Affiliate,North
104706,Nov-2036,999,54.16191288565062,944.8380871143494,949.0640387951237,861.5061731744602,3.0,38.33191393988925,171,64.8750384896581,22,8,4,59,2,Yes,0,Organic,South
104707,Nov-2036,499,60.82174150262334,438.17825849737665,500.278083987106,277.1804711791989,2.0,130.99778731817776,199,51.105977169435036,22,7,1,35,0,No,0,Paid Search,South
104708,Nov-2036,999,11.57233468327101,987.427665316729,1008.2756479301637,795.4546736194624,10.0,41.972991697266565,59,119.97925829348397,13,12,2,47,1,Yes,0,Organic,North
104709,Nov-2036,1299,23.100845436339142,1275.8991545636609,1242.297470412816,1138.6944721199127,3.0,,78,58.85192272102906,26,12,1,59,1,No,0,Affiliate,West
104710,Nov-2036,499,127.35932221030603,371.640677789694,507.6274592028504,129.8348241391098,10.0,,188,25.76224170537587,9,15,4,59,0,Yes,1,Paid Search,West
104711,Nov-2036,1499,312.2175988944034,1186.7824011055966,1467.8307152976183,939.6017905028675,10.0,97.18061060272916,141,74.84760896993266,26,13,4,2,2,Yes,0,Paid Search,North
104712,Nov-2036,1299,126.6781594142784,1172.3218405857217,1358.5808160896956,987.5439452920116,1.0,169.77789529371006,243,15.578617585645473,27,12,1,25,3,Yes,0,Organic,West
104713,Nov-2036,699,111.17252289183904,587.827477108161,718.6708994090873,513.418614065099,1.0,59.40886304306206,105,22.594527287574884,24,8,3,58,1,Yes,0,Referral,North
104714,Nov-2036,699,294.03287724256654,404.96712275743346,669.1234448377647,223.1958340553614,6.0,91.7712887020721,134,36.53812304111264,1,11,4,6,7,Yes,0,Paid Search,East
104715,Nov-2036,699,87.07241633579,611.92758366421,730.7603941536513,520.9743487904253,4.0,30.953234873784666,298,18.361830133233166,12,11,5,25,2,No,1,Affiliate,South
104716,Nov-2036,1299,152.5379274690799,1146.46207253092,1263.5670235836253,1051.4390627209289,1.0,80.02300980999118,144,39.923551912563504,0,8,5,53,3,Yes,0,Referral,West
104717,Nov-2036,1299,39.411592174442234,1259.5884078255579,1337.7527078851429,1006.4938068156607,5.0,178.0946010098972,107,3.480476553165542,27,10,2,20,1,Yes,0,Organic,South
104718,Nov-2036,1299,352.2160201143084,946.7839798856917,1317.6121103474436,717.0833521332985,0.0,229.70062775239316,282,57.76363145181024,17,10,3,14,4,Yes,0,Paid Search,East
104719,Dec-2036,499,275.82122880430154,223.17877119569846,500.8113525038782,72.80432623171035,5.0,75.37444496398811,101,71.91286443007274,29,11,3,50,0,Yes,0,Referral,East
104720,Dec-2036,499,131.641515655996,367.358484344004,520.5899127533911,335.783990091115,0.0,31.574494252889025,110,32.65494576138276,13,8,2,4,1,Yes,0,Paid Search,South
104721,Dec-2036,699,102.06680617551288,596.9331938244871,706.4006872319613,497.06863743845145,,99.86455638603567,66,10.724498428126537,2,9,4,8,1,Yes,1,Affiliate,North
104722,Dec-2036,999,146.17926520359134,852.8207347964087,1034.8364688019346,713.8093124587554,6.0,49.0114223376534,268,50.06553320156513,14,10,1,34,3,Yes,0,Referral,West
104723,Dec-2036,699,133.3940905667039,565.6059094332961,721.9060997323411,430.5593875145481,9.0,0.0465219187479633,79,81.25116056830723,8,5,3,28,1,No,1,Referral,West
104724,Dec-2036,1499,35.61835983872081,1463.3816401612792,1524.8090731494633,1454.1965599945597,0.0,9.185080166719459,282,14.247402996484563,25,10,3,56,3,Yes,0,Referral,East
104725,Dec-2036,499,279.9200941710449,219.07990582895508,498.5193116920154,-39.21408345408014,,213.29398928303522,298,261.6929294175683,12,6,4,2,1,Yes,0,Organic,East
104726,Dec-2036,1299,122.74346637067372,1176.2565336293262,1246.8004018385348,981.9598010387132,2.0,164.29673259061303,121,59.159668198334714,22,18,1,17,4,No,0,Paid Search,North
104727,Dec-2036,499,377.8008451255374,121.19915487446258,481.73434257631186,-101.53096884944378,5.0,147.73012372390636,86,83.9638828060682,4,12,5,4,1,Yes,0,Referral,North
104728,Dec-2036,1299,200.61788529150988,1098.38211470849,1303.2617956723582,982.720353358874,0.0,115.66176134961597,182,221.20647048484093,4,9,3,55,2,Yes,0,Organic,South
104729,Dec-2036,1499,152.53039801556315,1346.4696019844368,1473.8477195077883,1158.7968409064401,11.0,22.67276107799661,203,68.60827500819822,21,5,4,48,1,Yes,1,Affiliate,West
104730,Dec-2036,1499,3.7948139818860795,1495.2051860181139,1455.2063383169263,1396.307817621615,2.0,68.89736839649882,247,25.017034317166054,1,10,3,34,3,No,0,Referral,North
104731,Dec-2036,499,107.52661280619134,391.47338719380866,522.3076261128543,194.4399780227646,0.0,197.03340917104407,129,29.813054138583816,0,10,5,27,1,Yes,0,Referral,West
104732,Dec-2036,1299,5.285766518267764,1293.7142334817322,1345.5836236015077,1027.9112918233504,,85.80294165838177,178,102.69502590534641,26,7,2,19,1,No,0,Affiliate,East
104733,Dec-2036,1499,46.032200902725634,1452.9677990972743,1488.5495910081872,1185.5560021534309,9.0,132.4117969438434,186,90.95249546588673,16,7,4,28,0,Yes,0,Affiliate,South
104734,Dec-2036,699,180.30809884582087,518.6919011541792,724.9391567569658,439.90567341341705,0.0,,262,103.96641260070865,18,9,1,38,0,No,0,Affiliate,South
104735,Dec-2036,699,112.06975900724692,586.930240992753,668.2063792690556,359.18017500030146,8.0,107.7500659924516,120,78.04630325174438,16,11,2,34,1,No,0,Organic,South
104736,Dec-2036,1299,238.8647901634667,1060.1352098365332,1246.9396447948916,1025.7885631141044,0.0,34.34664672242877,156,70.21781455344743,8,12,1,32,1,No,0,Organic,North
104737,Dec-2036,499,145.42805007912463,353.57194992087534,521.3571128910808,231.24411062937918,6.0,32.327839291496176,241,85.9496718598119,9,11,5,41,1,Yes,0,Affiliate,North
104738,Dec-2036,1499,121.16291182261979,1377.83708817738,1527.3009829448836,1049.0745584151045,11.0,163.76252976227565,256,67.32209514715346,28,7,1,31,0,Yes,0,Paid Search,North
104739,Dec-2036,499,390.38483391232126,108.61516608767874,512.1891176334346,-14.15787638689163,3.0,77.77304247457037,201,20.357830236300217,14,6,3,6,0,No,0,Organic,North
104740,Dec-2036,699,176.73871606302026,522.2612839369797,722.2690413028587,407.060010617994,0.0,115.20127331898566,182,29.92179951490507,12,8,5,6,1,Yes,0,Referral,East
104741,Dec-2036,1499,140.33861789969106,1358.6613821003089,1432.0282527972063,1323.459841235696,0.0,35.201540864612824,228,94.48637610127165,28,11,2,28,1,Yes,0,Affiliate,East
104742,Dec-2036,499,47.587089591834825,451.4129104081652,509.86910559489115,287.3318650609163,4.0,104.0810453472489,215,223.90098119482923,30,10,3,8,0,Yes,0,Organic,West
104743,Dec-2036,999,8.890378119644708,990.1096218803552,984.6943329900022,890.2869828860725,5.0,24.822638994282798,296,106.88640215998514,20,10,3,1,0,No,0,Organic,South
104744,Dec-2036,1299,242.46012220705217,1056.539877792948,1340.3083010013756,922.120443219978,2.0,104.41943457296985,206,150.00623791915694,24,9,5,16,0,No,1,Affiliate,East
104745,Dec-2036,1299,235.28351974018312,1063.7164802598168,1284.4108042515481,911.9393834264505,5.0,76.77709683336631,223,13.137415412075645,20,10,1,42,1,No,0,Referral,West
104746,Dec-2036,999,338.58944867388,660.41055132612,1025.7346643894366,432.41575625942863,3.0,182.99479506669132,229,111.57540953738837,16,10,1,19,2,No,0,Referral,West
104747,Dec-2036,699,207.46939119633788,491.5306088036621,727.0502331253408,416.4023542080699,,60.128254595592246,170,88.57583590149395,26,10,2,18,2,No,0,Affiliate,North
104748,Dec-2036,1499,102.82765950725451,1396.1723404927454,1474.9096608054708,1299.7479983984238,5.0,21.424342094321673,223,64.33957753596611,27,12,5,30,0,Yes,0,Paid Search,West
104749,Dec-2036,1299,211.32123345243804,1087.678766547562,1295.0205189726234,994.744735267968,3.0,47.93403127959389,124,,22,8,2,16,2,No,0,Referral,West
104750,Jan-2037,999,140.3639277355271,858.6360722644729,1002.7386914677961,713.8098636570908,1.0,129.82620860738206,117,72.26806975757206,6,11,4,33,1,No,0,Affiliate,North
104751,Jan-2037,999,253.84621608885237,745.1537839111477,1017.7654608049047,624.5861490335803,2.0,,236,97.90760805753489,3,6,5,59,1,No,0,Organic,East
104752,Jan-2037,699,310.11981922224527,388.88018077775473,723.0529549765233,251.22834580014825,4.0,77.6518349776065,187,53.501123673549294,2,14,4,28,1,Yes,0,Affiliate,East
104753,Jan-2037,699,129.7732384339455,569.2267615660545,678.7562596836394,398.3872594285127,8.0,50.8395021375418,147,28.544854171036164,0,9,2,47,3,No,1,Affiliate,East
104754,Jan-2037,499,360.87715677776873,138.12284322223127,521.2373895573724,30.10578283888745,3.0,63.01706038334381,298,134.84719847331124,6,15,4,16,0,Yes,0,Affiliate,North
104755,Jan-2037,1299,292.60167211458236,1006.3983278854176,1336.0971191053916,718.2828132310818,12.0,108.1155146543358,181,41.8366418005281,4,13,4,11,3,Yes,0,Organic,West
104756,Jan-2037,499,152.1221207317285,346.8778792682715,481.0127665189783,207.7279828533717,3.0,94.1498964148998,101,66.01386879456479,25,8,3,6,1,No,1,Referral,North
104757,Jan-2037,999,230.4891930069526,768.5108069930474,982.6003923472267,581.2797250959396,2.0,157.23108189710774,123,6.951777193436385,16,12,3,14,1,Yes,1,Paid Search,West
104758,Jan-2037,1499,186.65962643762202,1312.3403735623779,1461.7293046341138,1242.2819205106537,0.0,70.05845305172414,274,26.40973179261764,16,10,2,48,0,Yes,0,Paid Search,South
104759,Jan-2037,1499,152.63927913651523,1346.3607208634849,1447.8874544533905,1195.2741547003675,4.0,91.08656616311728,287,113.21409465609088,14,6,2,36,1,Yes,0,Affiliate,South
104760,Jan-2037,699,379.5774067767612,319.4225932232388,709.1168611508347,210.5382762158258,1.0,93.88431700741299,67,107.28449405118528,2,15,1,22,2,No,0,Referral,South
104761,Jan-2037,1499,212.11253531888295,1286.887464681117,1433.9124999508529,1244.3094965204384,1.0,27.577968160678736,125,71.74303727146663,2,13,4,40,0,No,1,Organic,East
104762,Jan-2037,1499,49.08379672427283,1449.9162032757272,1513.8057382029754,1380.1145022520186,2.0,39.80170102370854,228,8.340610227647415,1,12,1,23,3,Yes,0,Referral,East
104763,Jan-2037,1499,26.64363876856696,1472.356361231433,1548.1240805618004,1310.6372929106751,1.0,146.71906832075786,200,29.7187290646108,7,16,1,31,0,Yes,0,Organic,North
104764,Jan-2037,999,31.548369545732697,967.4516304542673,985.2032644931272,887.3011649845911,0.0,80.15046546967619,157,176.99032249703177,12,14,5,28,2,No,0,Organic,East
104765,Jan-2037,1499,208.7405401101808,1290.2594598898193,1497.452086285233,880.1330819707737,16.0,170.12637791904552,202,54.50042972571344,27,9,1,19,1,No,0,Organic,North
104766,Jan-2037,1499,109.0183593217131,1389.9816406782868,1445.6569890223159,1212.0539717896975,,,109,95.21283693144315,23,10,1,51,0,Yes,0,Affiliate,North
104767,Jan-2037,1499,189.9952459935333,1309.0047540064668,1532.0393869150917,1081.7398284753517,3.0,182.26492553111495,86,28.871631129496812,5,19,4,22,0,Yes,0,Referral,East
104768,Jan-2037,499,262.36755419536473,236.63244580463527,519.3964289322961,146.73430370209232,0.0,89.89814210254295,245,52.768323791381356,4,9,1,1,0,Yes,1,Organic,East
104769,Jan-2037,999,393.4456236518746,605.5543763481254,1022.2529499071795,233.30827552115522,18.0,102.24610082697015,126,29.194459286324705,12,5,4,3,2,Yes,0,Referral,North
104770,Jan-2037,699,111.78321195739716,587.2167880426028,672.6471856509992,425.82702866673213,1.0,146.3897593758707,195,38.752561303219245,29,2,4,8,0,Yes,1,Referral,North
104771,Jan-2037,499,19.02607287998765,479.9739271200124,491.2884737390469,464.76051395339584,0.0,15.213413166616519,175,25.066266252799384,21,11,1,13,1,Yes,0,Paid Search,North
104772,Jan-2037,1299,365.0882478396872,933.9117521603127,1256.548600617331,777.1122144280405,7.0,51.799537732272285,78,44.64718542616028,0,14,4,51,0,Yes,0,Paid Search,West
104773,Jan-2037,999,24.85209867828857,974.1479013217114,1007.9345595643045,871.02689013402,4.0,43.12101118769136,157,46.40493461404906,17,8,2,1,0,Yes,0,Paid Search,East
104774,Jan-2037,999,29.57144489469505,969.4285551053049,1021.2281553369982,913.3945669279889,3.0,11.033988177316012,79,87.30013304546317,6,5,2,29,0,Yes,0,Affiliate,North
104775,Jan-2037,1299,361.9740311960278,937.0259688039722,1360.7432678063524,835.8850067761176,3.0,56.14096202785454,289,10.404856488293522,16,5,4,13,3,No,0,Referral,South
104776,Jan-2037,1299,277.9477833284975,1021.0522166715025,1299.378944847535,860.6731716301024,6.0,70.37904504140012,168,16.97909270261426,7,8,2,42,1,Yes,0,Referral,North
104777,Jan-2037,1299,208.18084094714183,1090.8191590528581,1316.8321834756064,1004.0765992304828,5.0,11.74255982237527,151,53.3249238552415,18,5,5,29,1,Yes,0,Referral,West
104778,Jan-2037,699,144.00948030558314,554.9905196944169,671.4995806167549,457.8930024644932,,7.097517229923717,269,19.050016546176643,15,7,3,30,1,Yes,0,Affiliate,East
104779,Jan-2037,1499,121.29551791256952,1377.7044820874305,1447.3224951345685,1060.3739545738329,13.0,122.33052751359759,56,21.166566392008765,13,9,2,16,0,Yes,0,Paid Search,North
104780,Jan-2037,999,71.90087700067936,927.0991229993207,972.1962951306024,830.6043900058983,4.0,36.494732993422446,265,147.4336276384467,19,12,1,41,1,Yes,0,Organic,South
104781,Feb-2037,1499,116.03481908695008,1382.9651809130498,1432.1941119409207,1277.9129444216032,6.0,15.052236491446564,218,83.35100019155084,22,11,2,34,1,Yes,0,Affiliate,East
104782,Feb-2037,1499,144.31015427631334,1354.6898457236866,1485.2356122088743,1198.964912167548,9.0,20.724933556138634,123,44.797071578081244,9,9,5,55,2,Yes,0,Organic,West
104783,Feb-2037,1299,14.933987032730613,1284.0660129672694,1357.609635306191,995.5351720426336,12.0,108.53084092463591,86,27.71293185904039,22,7,5,40,3,No,0,Paid Search,North
104784,Feb-2037,699,51.572578083305274,647.4274219166947,709.6889683678469,395.20539052349216,,207.22203139320257,76,155.1707918527149,1,9,5,3,1,Yes,0,Paid Search,North
104785,Feb-2037,499,103.43018986370348,395.5698101362965,495.8080504029432,359.1201612635938,1.0,21.44964887270273,70,14.047624977588512,20,10,2,29,1,Yes,0,Organic,East
104786,Feb-2037,699,159.3512942520376,539.6487057479624,698.5721918077254,428.7644426140191,2.0,80.88426313394322,277,103.102664307272,23,8,3,30,1,No,0,Paid Search,East
104787,Feb-2037,1499,159.3721441301192,1339.6278558698807,1446.0291244776101,1179.3047305528864,6.0,70.32312531699421,92,161.64515971631678,15,7,1,55,2,Yes,0,Affiliate,North
104788,Feb-2037,699,363.42185235182154,335.57814764817846,670.812177884848,74.80615849373012,8.0,140.77198915444833,100,53.62089470754865,24,16,3,58,1,Yes,0,Referral,North
104789,Feb-2037,1299,195.06659064390706,1103.9334093560929,1267.6979625726506,1050.9911714221234,2.0,22.942237933969366,142,68.92942879393104,12,18,2,52,1,Yes,0,Referral,West
104790,Feb-2037,499,83.27495197015462,415.72504802984537,489.34412501413055,300.42171438686273,6.0,25.303333642982622,120,71.91495951576752,4,4,3,34,3,No,0,Paid Search,East
104791,Feb-2037,1299,125.95739979603205,1173.042600203968,1250.0079207170413,1142.0603234544592,1.0,15.982276749508785,62,86.44561161755122,17,10,4,4,3,Yes,0,Referral,East
104792,Feb-2037,499,208.41867750133218,290.5813224986678,508.5511938769781,84.18060677090563,5.0,131.4007157277622,158,62.77669047647289,19,2,1,48,1,Yes,1,Affiliate,West
104793,Feb-2037,1499,177.3135151854002,1321.6864848145997,1562.4341350707844,1215.3668787819395,4.0,46.31960603266012,230,67.91116928577327,10,10,4,8,3,Yes,0,Referral,North
104794,Feb-2037,499,219.39431030539177,279.60568969460826,482.75183647531975,185.39379449545572,4.0,34.21189519915252,264,26.979681684104534,4,16,4,47,0,Yes,0,Referral,East
104795,Feb-2037,499,195.2453728245522,303.7546271754478,515.872650050981,218.6604117910667,1.0,70.0942153843811,240,7.949423663883285,21,11,3,48,0,No,0,Affiliate,East
104796,Feb-2037,499,119.6826881771999,379.3173118228001,488.9363531315989,162.92434426657425,5.0,141.39296755622584,163,98.5601750327782,27,8,4,18,2,Yes,0,Affiliate,West
104797,Feb-2037,699,85.70480507124006,613.2951949287599,706.4721732531399,552.855925606824,1.0,45.43926932193591,234,17.677649300345134,21,11,1,22,2,No,0,Organic,West
104798,Feb-2037,699,79.25253552480406,619.7474644751959,670.2500310667662,545.2411083655089,3.0,29.506356109687015,202,140.0906931995414,12,9,4,10,1,Yes,1,Paid Search,North
104799,Feb-2037,1499,38.967445845352955,1460.032554154647,1459.9209971165542,1453.6295641607467,0.0,6.402989993900341,174,46.97837146195781,27,8,2,51,1,No,0,Affiliate,North
104800,Feb-2037,499,20.145685947056933,478.8543140529431,481.9381664244731,333.99791554204376,1.0,129.85639851089934,154,188.6547887177717,0,15,1,14,2,Yes,0,Referral,East
104801,Feb-2037,999,370.615671703497,628.384328296503,965.1616649261816,614.0156227571972,,14.368705539305807,286,67.41559421188337,5,18,2,51,0,No,0,Affiliate,West
104802,Feb-2037,1499,164.9652181975267,1334.0347818024734,1563.9765255205568,1244.7362520690872,1.0,74.29852973338612,190,36.76079091452837,10,12,2,54,0,No,0,Affiliate,South
104803,Feb-2037,499,131.36382586699986,367.63617413300017,492.20576886420616,367.08971894132446,0.0,0.5464551916756761,86,82.12231975976653,9,8,5,46,0,Yes,0,Paid Search,West
104804,Feb-2037,499,90.49388205925125,408.50611794074877,483.83461155728236,165.7828360925688,4.0,182.72328184817997,207,173.80740620642402,0,9,5,31,3,Yes,0,Affiliate,East
104805,Feb-2037,699,201.46549311971194,497.53450688028806,676.0233797738233,413.4912760567967,3.0,39.043230823491335,267,56.36175128161426,15,13,2,35,3,No,1,Referral,East
104806,Feb-2037,1499,294.4396663267288,1204.560333673271,1524.9221667529944,980.495695619177,8.0,104.06463805409403,189,54.291448410651036,12,10,4,46,1,Yes,0,Affiliate,South
104807,Feb-2037,499,236.7917371506888,262.2082628493112,509.9025601385206,133.43294171781952,2.0,98.7753211314917,298,50.80351600312418,20,10,2,2,1,No,1,Organic,West
104808,Feb-2037,499,260.59069047738126,238.40930952261874,522.9398921744917,51.759007428896865,3.0,141.65030209372188,242,36.1940497503781,26,10,2,2,1,No,0,Affiliate,South
104809,Mar-2037,1499,79.61654613792255,1419.3834538620774,1517.8992544866053,1177.6967931328015,12.0,61.68666072927587,67,63.195985692420024,15,8,5,35,0,Yes,0,Referral,South
104810,Mar-2037,999,149.50449098599444,849.4955090140056,994.8847300740573,794.0986374790452,0.0,55.39687153496038,171,70.28816528922036,14,12,3,34,2,Yes,1,Affiliate,South
104811,Mar-2037,1499,81.19462657692486,1417.8053734230753,1457.6496848268082,1317.3668350625271,1.0,85.43853836054807,134,186.47165967083114,6,11,3,29,1,No,0,Organic,East
104812,Mar-2037,1499,162.84376785638906,1336.1562321436109,1429.9462491978538,1128.9851405623608,9.0,72.17109158125015,166,36.797338726351974,13,7,3,6,2,No,1,Referral,South
104813,Mar-2037,999,302.71092096698527,696.2890790330148,1037.0406156959243,488.3948304762626,1.0,192.8942485567522,167,152.51185971133296,29,10,2,4,2,Yes,0,Organic,North
104814,Mar-2037,1499,202.72846138846097,1296.271538611539,1542.2993540357274,1077.5176367398913,9.0,83.75390187164774,111,73.43259307679476,23,18,2,1,2,Yes,1,Referral,East
104815,Mar-2037,499,345.20572391952624,153.79427608047376,513.7787202981812,32.3189681003208,1.0,106.47530798015296,73,82.67656431592475,10,10,4,35,4,No,0,Affiliate,North
104816,Mar-2037,1499,115.37716674598299,1383.622833254017,1472.3256501403753,1204.9912736704428,1.0,163.63155958357433,109,32.501541302004895,26,12,5,48,2,No,0,Referral,North
104817,Mar-2037,999,53.16467351795437,945.8353264820456,984.7733690607739,797.4513067321466,7.0,,194,47.571925743445135,12,8,2,47,0,No,0,Affiliate,East
104818,Mar-2037,1299,211.4554184033135,1087.5445815966864,1335.845658526329,957.8060253096811,1.0,,155,40.798239620423466,4,11,1,26,0,Yes,0,Organic,East
104819,Mar-2037,1499,164.26300358673828,1334.7369964132617,1527.116130477731,1096.0042011937467,12.0,58.732795219515076,109,88.48689482903542,17,6,1,29,0,Yes,1,Referral,West
104820,Mar-2037,699,188.7242703797601,510.2757296202399,709.4575319864163,412.3631370890183,3.0,52.91259253122156,58,23.127417994264178,2,21,5,11,2,Yes,0,Affiliate,East
104821,Mar-2037,499,170.78641955597976,328.21358044402024,501.7292616549439,244.6678820357124,3.0,38.54569840830781,229,21.999005640090655,11,11,1,51,2,No,0,Referral,South
104822,Mar-2037,499,91.86787519782285,407.13212480217715,492.43131737786905,350.67432598585356,0.0,56.4577988163236,281,5.964271521274674,6,9,1,4,2,No,1,Affiliate,West
104823,Mar-2037,699,173.48832573239997,525.5116742676,715.8640790773896,414.4392208758546,2.0,81.07245339174547,269,82.97261085218669,25,8,5,22,0,Yes,1,Referral,South
104824,Mar-2037,699,266.8044642995005,432.1955357004995,689.277463710329,399.3327663604741,1.0,,192,17.309742802788676,19,16,2,33,1,Yes,1,Affiliate,North
104825,Mar-2037,1499,279.1329249482345,1219.8670750517654,1534.1818984706756,935.1310890504774,9.0,149.73598600128796,126,52.32700088731611,14,10,2,34,0,Yes,1,Affiliate,East
104826,Mar-2037,699,91.25800809775538,607.7419919022446,677.3607617603815,517.7255738954473,4.0,30.01641800679738,205,14.675916962701358,0,11,4,31,2,No,0,Organic,North
104827,Mar-2037,1299,177.72071180765818,1121.279288192342,1310.7505143141645,845.1877069769287,6.0,186.09158121541324,294,53.456617867177215,18,9,2,10,3,Yes,1,Affiliate,West
104828,Mar-2037,999,327.2533299457905,671.7466700542095,984.7464166653348,593.9859921940662,3.0,32.760677860143375,130,51.00910991719731,9,15,1,35,0,No,0,Paid Search,North
104829,Mar-2037,699,93.85311011285708,605.146889887143,721.9675867003093,559.3096443371466,0.0,45.8372455499964,175,33.87315898340635,13,12,1,53,0,Yes,0,Referral,West
104830,Mar-2037,699,72.0664320680938,626.9335679319062,700.3067549031445,566.7201966255806,4.0,0.2133713063256124,186,70.63628925149692,14,13,4,59,0,Yes,0,Referral,South
104831,Mar-2037,1299,245.3283556762645,1053.6716443237356,1315.1095421036791,820.9178674001771,10.0,82.75377692355849,105,32.19231525201265,1,13,5,28,0,Yes,0,Organic,East
104832,Mar-2037,499,224.27510483765747,274.72489516234253,478.2045313045651,224.85766090707634,,19.867234255266197,262,96.9150462299348,24,12,1,23,3,Yes,0,Paid Search,South
104833,Mar-2037,499,49.56287019214666,449.43712980785335,498.76246984053734,362.4711481851326,5.0,,143,113.25438767865072,16,9,2,49,2,Yes,0,Affiliate,West
104834,Mar-2037,1499,17.935271634901397,1481.0647283650985,1541.0816993000394,1232.0270386075354,10.0,99.03768975756326,176,,24,18,2,12,3,No,0,Referral,West
104835,Mar-2037,1299,175.38673227556166,1123.6132677244384,1345.7622992677811,965.7190516396671,1.0,142.89421608477127,252,52.99512290818795,30,12,2,29,1,Yes,0,Referral,South
104836,Mar-2037,999,99.76834825620884,899.2316517437912,1021.0948492590288,760.8632056834023,7.0,33.36844606038896,271,80.14064642131837,9,14,1,2,0,No,0,Affiliate,South
104837,Mar-2037,999,52.08915055540962,946.9108494445904,990.8654698250973,725.8645897171048,7.0,116.04625972748572,85,52.85161884522694,4,9,3,13,1,Yes,0,Paid Search,South
104838,Mar-2037,1299,67.53569713818423,1231.4643028618157,1267.496165020158,1036.6329692281085,3.0,149.83133363370706,177,73.5772475401493,27,10,1,36,0,Yes,0,Referral,East
104839,Mar-2037,999,222.313177804149,776.6868221958509,987.9262233415669,565.4873849041238,8.0,91.19943729172715,233,54.95752015784835,5,11,1,47,1,Yes,0,Paid Search,South
104840,Apr-2037,499,131.83071469068065,367.1692853093193,502.073802048611,349.4833677238148,0.0,17.685917585504498,266,59.269213222164616,5,14,3,26,1,Yes,0,Organic,North
104841,Apr-2037,999,337.9324854022393,661.0675145977607,949.6294821440065,453.16099022432854,4.0,147.90652437343212,248,144.7239927040852,27,4,3,17,3,Yes,1,Organic,South
104842,Apr-2037,999,100.46848925024872,898.5315107497513,1040.1595431271453,698.6790627045461,8.0,,69,8.470145030610885,5,11,2,43,1,No,1,Paid Search,West
104843,Apr-2037,1299,310.5590845784578,988.4409154215422,1278.6989556512958,666.6976617667864,9.0,186.7432536547558,104,61.19344093586912,24,12,2,33,0,Yes,0,Organic,West
104844,Apr-2037,1299,108.73159442805738,1190.2684055719426,1337.5552447569614,1094.4531699616732,4.0,35.81523561026928,295,60.88223159919399,13,7,2,59,0,Yes,0,Paid Search,West
104845,Apr-2037,999,91.38943968523438,907.6105603147656,1002.4440981660329,734.6930771778739,,7.9174831368918035,109,31.31648571251794,12,13,1,57,1,Yes,1,Affiliate,South
104846,Apr-2037,699,36.14326039779036,662.8567396022097,710.336995595305,353.9477141058404,10.0,158.90902549636925,212,78.5216707376874,12,4,5,22,0,No,0,Referral,South
104847,Apr-2037,1299,205.80982189713112,1093.190178102869,1332.7087455241556,956.3410780445201,8.0,16.849100058348668,251,50.813326923037195,24,12,4,2,0,No,0,Organic,East
104848,Apr-2037,1499,69.21143927922887,1429.788560720771,1467.2076939825827,1339.3136528309963,4.0,30.474907889774762,276,34.591495768578376,26,5,5,10,2,No,0,Paid Search,South
104849,Apr-2037,1499,248.1484373517501,1250.85156264825,1514.901853417777,1156.09288430401,0.0,94.75867834423973,178,58.787642663842306,9,9,3,39,1,Yes,0,Paid Search,West
104850,Apr-2037,499,31.60368780501136,467.39631219498864,511.55710791081407,334.71921475427547,,102.67709744071318,255,150.3461908392795,15,13,1,26,0,Yes,0,Paid Search,South
104851,Apr-2037,999,12.684715228429269,986.3152847715708,1026.0655505131974,897.5030783677897,5.0,13.812206403781076,94,229.80474421971456,6,9,1,30,1,Yes,0,Referral,North
104852,Apr-2037,699,7.054245998078187,691.9457540019218,693.1286279597039,531.091015082918,6.0,70.85473891900376,246,44.53930802778178,2,10,4,22,0,Yes,1,Referral,South
104853,Apr-2037,499,64.08600391278031,434.9139960872197,510.4029048743342,288.1862727995099,8.0,26.727723287709793,217,40.839879135073936,14,11,5,11,2,No,0,Referral,South
104854,Apr-2037,999,263.0491129319401,735.95088706806,979.2098296789821,621.3327394760498,2.0,84.61814759201016,285,50.463382605140296,22,11,3,22,1,Yes,0,Organic,West
104855,Apr-2037,1299,330.47478403459854,968.5252159654015,1250.19216977949,955.4116139139127,0.0,13.113602051488819,215,11.927218119569378,4,11,4,24,0,Yes,0,Referral,East
104856,Apr-2037,1499,76.48877412719673,1422.5112258728032,1440.9768251940843,1296.7681554732033,3.0,80.7430703995999,297,46.35719512520038,24,6,1,58,1,Yes,1,Paid Search,West
104857,Apr-2037,699,144.41242784327213,554.5875721567279,699.3985822544785,551.8308566995321,0.0,2.7567154571957815,296,8.151501458572413,7,3,4,29,1,Yes,1,Referral,West
104858,Apr-2037,1499,208.79007708870137,1290.2099229112987,1481.500692128453,1199.0820739647681,3.0,46.12784894653049,275,26.31103812638717,25,7,2,51,1,No,0,Organic,South
104859,Apr-2037,1299,110.48251635193137,1188.5174836480687,1264.2450775180962,1076.6114913796966,0.0,111.90599226837216,73,73.917891704954,27,9,5,10,1,No,0,Referral,West
104860,Apr-2037,999,204.09091527515957,794.9090847248405,988.1287343489377,630.8799692995933,6.0,74.02911542524711,53,22.96926287390362,21,5,3,34,1,Yes,1,Paid Search,South
104861,Apr-2037,1299,149.51046341951624,1149.4895365804837,1287.5484479256475,841.3997866583875,9.0,173.08974992209625,140,64.409872608688,4,13,2,46,1,No,0,Affiliate,South
104862,Apr-2037,1299,119.58481454921623,1179.4151854507838,1305.9591531605668,1080.6739779467093,5.0,23.741207504074467,246,41.16435660713352,25,11,5,25,3,Yes,0,Organic,North
104863,Apr-2037,1499,20.37788338825169,1478.6221166117484,1432.732411049638,1388.7600592744504,2.0,59.86205733729805,156,31.693111270735127,1,10,2,21,3,No,0,Paid Search,West
104864,Apr-2037,699,167.88518375096038,531.1148162490397,727.5206687477643,387.876943838982,7.0,38.23787241005769,62,100.40023741832432,26,8,4,54,2,Yes,0,Referral,South
104865,Apr-2037,1299,265.0050845577669,1033.9949154422332,1282.3989313230488,988.4683536936241,3.0,0.526561748608998,281,56.37166782098402,27,13,3,59,1,Yes,1,Organic,East
104866,Apr-2037,1499,56.60665827116607,1442.393341728834,1516.2953347123753,1319.35067688358,7.0,18.042664845254027,198,71.32135074040583,18,7,4,39,1,Yes,0,Organic,East
104867,Apr-2037,699,86.19247610271952,612.8075238972805,685.4673890383018,404.9157276558405,0.0,207.89179624143998,150,40.85196760541308,10,8,4,13,1,No,0,Paid Search,North
104868,Apr-2037,999,111.65392292456357,887.3460770754364,1025.141424421316,808.2348648745918,0.0,79.11121220084458,209,90.92795989227952,10,14,5,2,0,Yes,1,Organic,South
104869,Apr-2037,999,331.1724773769023,667.8275226230977,994.8738005150373,613.048545655311,1.0,39.77897696778663,215,18.7995908341181,2,9,3,59,1,Yes,0,Organic,West
104870,May-2037,499,295.43399225853,203.56600774147,490.10757739510944,67.24523371246852,0.0,136.32077402900148,144,116.62988635336373,12,10,3,6,1,Yes,0,Affiliate,West
104871,May-2037,1499,80.34453530608971,1418.6554646939103,1568.5248307619686,1209.8158473019505,7.0,,209,4.050390345114547,19,10,4,1,0,No,0,Organic,West
104872,May-2037,699,204.6618005987828,494.3381994012172,724.5279654541773,433.8248383152594,1.0,45.51336108595778,256,4.986079964891971,18,12,3,57,0,Yes,0,Affiliate,North
104873,May-2037,1299,223.625509578068,1075.374490421932,1257.4746970768533,851.3589720774156,8.0,104.01551834451641,296,34.095266313341774,22,7,1,28,0,Yes,0,Paid Search,South
104874,May-2037,999,328.8405745787599,670.15942542124,1019.0439432412793,644.6201122530756,,25.53931316816437,106,40.51321373666356,28,10,3,22,3,Yes,0,Referral,East
104875,May-2037,699,36.069875544060636,662.9301244559393,716.776898426529,344.07893957311427,2.0,288.85118488282507,225,39.38501454804159,14,12,4,11,1,Yes,0,Paid Search,South
104876,May-2037,1499,21.74061232444265,1477.2593876755573,1429.230074955994,1329.6583617824056,0.0,,207,,5,9,1,39,0,Yes,0,Affiliate,North
104877,May-2037,499,91.17064334839844,407.82935665160153,522.0020887989493,195.35677100110263,13.0,17.47258565049887,284,156.37448678216396,12,10,1,5,1,Yes,0,Referral,West
104878,May-2037,999,68.59089619861533,930.4091038013846,972.3239386838322,804.6697050620951,1.0,110.73939873928948,120,48.7215817558365,23,4,5,18,1,Yes,0,Referral,North
104879,May-2037,699,277.95666809626016,421.04333190373984,727.5453447521195,237.13209333448623,6.0,93.9112385692536,215,118.204551893852,17,12,4,20,2,No,0,Organic,East
104880,May-2037,699,82.83370080531829,616.1662991946818,709.7695301601715,513.5175282552791,2.0,72.64877093940268,272,9.07818392374425,17,11,3,12,0,Yes,0,Organic,North
104881,May-2037,699,6.982671578436737,692.0173284215632,699.8464484459876,540.8344988042609,4.0,91.18282961730236,221,24.142986021584797,0,8,1,21,0,No,1,Referral,East
104882,May-2037,1499,177.1963700978518,1321.8036299021483,1541.8470993330004,1306.8087758326046,,14.994854069543521,203,18.88930528288181,20,14,4,27,2,Yes,0,Referral,East
104883,May-2037,1499,180.28426041448256,1318.7157395855174,1525.236607441466,1183.5203611593506,8.0,15.195378426166897,149,7.2462338175764955,22,12,5,58,1,Yes,0,Organic,West
104884,May-2037,1499,27.954065645839876,1471.0459343541602,1535.0131918509408,1213.350617232089,5.0,182.69531712207117,287,60.02821797653258,24,7,2,50,0,Yes,0,Affiliate,West
104885,May-2037,1299,89.27449113782401,1209.725508862176,1345.4919690778743,1068.4039969586659,5.0,66.32151190351014,156,33.14790341332457,20,12,2,41,0,Yes,1,Referral,North
104886,May-2037,699,168.06918247747512,530.9308175225249,696.9856109755405,479.9107771605312,3.0,6.020040361993665,139,14.400048872345254,26,14,3,34,2,Yes,0,Referral,East
104887,May-2037,999,239.51837960301467,759.4816203969854,991.5803567845566,585.696147500503,9.0,38.78547289648231,157,26.17466230806301,10,9,2,18,2,Yes,0,Referral,North
104888,May-2037,1499,72.13530558131372,1426.8646944186862,1558.9266940297732,1344.5989759814297,5.0,7.265718437256439,179,81.09865860290384,15,9,1,34,1,Yes,0,Referral,South
104889,May-2037,1499,54.84283839471905,1444.1571616052809,1543.6486283133718,1262.3390566605513,4.0,121.81810494472954,92,133.06732510802416,0,12,1,2,1,Yes,0,Referral,West
104890,May-2037,699,379.5065627318329,319.4934372681671,665.3952451473925,224.3605362482022,6.0,,286,34.109157995777046,18,13,4,53,2,Yes,0,Organic,East
104891,May-2037,1499,117.11685231062665,1381.8831476893733,1522.0573944340915,1253.3523917801833,5.0,53.530755909189956,92,28.924674802915252,7,4,3,14,0,No,0,Affiliate,West
104892,May-2037,1299,179.9321165056865,1119.0678834943135,1351.4672019072868,1071.0663889239652,3.0,3.001494570348278,112,35.98325500102769,18,11,4,39,3,Yes,0,Organic,West
104893,May-2037,1299,227.80379476747555,1071.1962052325243,1322.8474707283697,814.5635677936341,2.0,226.63263743889024,122,27.54503640043143,22,12,4,1,0,Yes,0,Paid Search,South
104894,May-2037,1499,64.4263242177505,1434.5736757822494,1507.0107661412712,1214.2361585377084,8.0,100.33751724454112,235,29.2033508520647,15,9,3,28,1,Yes,0,Referral,West
104895,May-2037,699,147.7767645961793,551.2232354038207,676.344728580216,454.0556890647174,0.0,97.16754633910327,166,142.10709311381126,25,13,4,41,0,No,0,Paid Search,South
104896,May-2037,699,47.48595416083958,651.5140458391604,730.4954026279587,485.68785460697154,4.0,105.82619123218882,97,83.9695707694595,2,9,2,27,1,Yes,1,Paid Search,East
104897,May-2037,699,134.30670614791174,564.6932938520882,707.8318386486504,366.26290934546705,,18.430384506621238,54,93.36554421963488,1,14,5,30,0,No,1,Organic,West
104898,May-2037,499,314.7748682203786,184.2251317796214,479.09120720188065,-17.476316530279007,2.0,171.7014483099004,268,22.713894639664126,11,7,4,22,0,Yes,0,Affiliate,West
104899,May-2037,1499,30.18380079336673,1468.8161992066332,1563.1038782010517,1379.2306952568683,3.0,44.58550394976487,125,80.497629921212,28,3,1,12,1,Yes,0,Referral,North
104900,May-2037,699,49.970302769738794,649.0296972302613,700.1607137619966,262.20525995663996,13.0,191.8244372736213,84,42.49397523247887,9,7,1,1,2,No,1,Paid Search,North
104901,Jun-2037,1299,376.52229322399114,922.4777067760089,1254.4735476742878,898.462061019739,0.0,24.015645756269848,142,19.944570180600127,29,9,2,33,3,No,0,Paid Search,South
104902,Jun-2037,999,12.353138951739368,986.6468610482607,971.680721694751,849.4084303209953,2.0,107.23843072726542,193,204.7285540099081,21,7,4,41,1,No,0,Paid Search,North
104903,Jun-2037,999,29.82947966723887,969.1705203327612,1045.7343541867338,875.8247369033727,,63.34578342938844,132,68.82946468849727,1,10,4,48,2,Yes,0,Organic,East
104904,Jun-2037,699,344.28378832682154,354.71621167317846,694.5706554293391,193.30459741289837,6.0,71.41161426028006,226,139.53016967709837,25,9,3,57,1,No,0,Affiliate,South
104905,Jun-2037,999,7.623609384341449,991.3763906156586,990.9754458940901,772.774981504768,9.0,83.60140911089061,109,107.85876275846098,29,11,4,49,0,Yes,0,Referral,North
104906,Jun-2037,999,347.38970516743495,651.610294832565,997.6182028486236,457.9542966804818,11.0,28.655998152083285,156,8.349435235205421,20,7,4,1,1,Yes,0,Referral,West
104907,Jun-2037,499,182.89089938047852,316.1091006195215,509.0059672429198,100.31268496646766,3.0,170.79641565305383,166,23.28533287870152,4,8,1,5,0,Yes,0,Organic,North
104908,Jun-2037,1299,304.0748492008124,994.9251507991876,1281.4661167659287,926.8196274566404,1.0,53.10552334254716,100,80.31129945414217,4,13,3,48,1,Yes,0,Affiliate,South
104909,Jun-2037,1299,172.3279603314301,1126.6720396685698,1288.7434523052586,1005.3096022027197,0.0,121.3624374658501,176,39.18763171587167,5,6,4,5,3,Yes,0,Referral,North
104910,Jun-2037,499,279.5642837674509,219.4357162325491,511.28130398423355,-83.56262050698308,3.0,257.9983367395322,140,69.70159181453455,2,12,2,7,0,Yes,0,Organic,North
104911,Jun-2037,499,39.78614129030794,459.2138587096921,497.06371980291493,334.9730016576384,2.0,94.24085705205371,131,105.62385134520373,9,4,4,20,2,Yes,0,Referral,South
104912,Jun-2037,999,76.36766831719994,922.6323316828001,1020.3358814170169,567.4925027138995,9.0,220.1398289689006,108,7.9390443681421665,4,12,3,26,2,Yes,0,Paid Search,South
104913,Jun-2037,1499,103.86137653135845,1395.1386234686415,1568.2864068813437,1244.7696059067737,3.0,105.36901756186776,113,65.81535588052478,23,10,2,49,2,Yes,0,Referral,East
104914,Jun-2037,999,266.6137773309422,732.3862226690578,1045.2062610664614,631.3576385091095,2.0,71.02858415994832,154,32.924820626497734,19,9,2,6,1,Yes,0,Paid Search,South
104915,Jun-2037,499,200.34832119784204,298.65167880215796,496.3556226755307,203.68006544903437,1.0,79.97161335312357,190,86.69780570441117,29,9,2,26,1,Yes,0,Affiliate,South
104916,Jun-2037,1299,29.121044960469348,1269.8789550395306,1264.475378050479,1174.0691758258831,4.0,35.80977921364744,271,118.11159136585283,4,5,1,3,2,Yes,0,Affiliate,South
104917,Jun-2037,999,59.868245798150184,939.1317542018498,974.1481444704601,905.7804529257423,0.0,33.351301276107556,203,48.62390502640999,30,7,1,39,3,Yes,1,Referral,East
104918,Jun-2037,1499,183.8175778350172,1315.1824221649829,1546.8513733053057,1307.195287642332,0.0,7.987134522650983,119,43.892157257620795,14,7,2,14,2,Yes,0,Paid Search,West
104919,Jun-2037,999,351.1145441726628,647.8854558273372,957.0140394723336,444.0296551986564,8.0,83.85580062868074,180,68.74907043209068,16,8,1,49,1,No,0,Affiliate,South
104920,Jun-2037,699,133.4446892901212,565.5553107098788,666.8749452049503,264.5244977573458,5.0,226.030812952533,264,85.63691338685827,16,8,2,14,0,Yes,0,Referral,South
104921,Jun-2037,999,70.98647537739399,928.013524622606,1017.1235602908712,749.0557143213662,1.0,163.95781030123982,61,179.067640673269,23,17,2,20,0,Yes,0,Paid Search,South
104922,Jun-2037,499,37.55108638224384,461.44891361775615,519.464655513829,395.0589011010597,0.0,66.39001251669646,90,172.267249124274,17,16,5,58,2,Yes,0,Affiliate,West
104923,Jun-2037,1299,299.9218449319587,999.0781550680413,1264.0313250317802,824.9413795354739,5.0,99.13677553256737,154,109.79749483650518,25,2,1,44,5,Yes,0,Affiliate,South
104924,Jun-2037,1299,56.49026107076703,1242.509738929233,1241.1393804086395,1154.341231778272,3.0,43.168507150961005,256,138.36497284959546,9,11,5,9,1,Yes,0,Referral,East
104925,Jun-2037,499,105.45850799787816,393.54149200212186,518.7248502209721,154.82466138397936,5.0,163.7168306181425,114,47.95282492644787,22,8,2,58,1,Yes,1,Organic,North
104926,Jun-2037,699,275.0081889502535,423.9918110497465,688.8057875765512,328.40797734225305,1.0,80.58383370749343,112,37.39493382859509,6,12,2,6,1,No,0,Affiliate,East
104927,Jun-2037,499,226.497792580358,272.502207419642,501.4810702170374,8.054761204133001,4.0,204.447446215509,227,9.86158367882,10,11,5,2,2,Yes,0,Referral,West
104928,Jun-2037,999,110.05088040159855,888.9491195984015,1032.5911184774718,837.568974733244,3.0,6.38014486515754,224,29.272235544562903,13,9,3,38,3,No,1,Paid Search,West
104929,Jun-2037,499,66.12276705007856,432.87723294992145,486.52516236465084,383.601172288139,2.0,,57,80.83278958706119,8,14,2,41,1,Yes,0,Affiliate,West
104930,Jun-2037,499,325.86939476944576,173.13060523055424,504.0509590383301,125.3128422412143,0.0,47.81776298933994,208,28.69434778613955,16,11,1,43,1,No,0,Affiliate,North
104931,Jul-2037,699,16.035638987282198,682.9643610127177,733.3565332454494,470.58425655124506,10.0,62.380104461472726,60,55.65141727717065,1,9,4,33,2,No,0,Organic,North
104932,Jul-2037,999,124.7657777847139,874.2342222152861,1023.106828237352,659.7652149388917,14.0,4.469007276394336,66,72.76951617637361,29,8,4,44,2,Yes,0,Affiliate,East
104933,Jul-2037,1499,30.705178481076132,1468.294821518924,1483.611357726471,1250.215935158436,5.0,143.078886360488,204,88.23423944508903,16,9,4,5,5,No,0,Affiliate,North
104934,Jul-2037,1499,292.66406135244426,1206.3359386475558,1539.175953620908,982.325415582131,8.0,104.01052306542485,173,198.10514602909066,16,10,5,13,0,Yes,1,Organic,West
104935,Jul-2037,1299,93.01369489403928,1205.9863051059608,1236.8782831635735,1140.4941176559666,4.0,,144,54.93711032064576,26,11,2,56,0,No,0,Paid Search,West
104936,Jul-2037,499,66.04490415412131,432.9550958458787,484.7954623159494,217.79891416120466,13.0,20.15618168467404,204,84.25390347857501,19,14,3,15,1,Yes,0,Organic,South
104937,Jul-2037,1299,229.39949584616727,1069.6005041538328,1330.7837246214356,1068.2426677076096,0.0,1.3578364462231818,255,40.24103269259628,23,14,1,45,2,No,0,Affiliate,West
104938,Jul-2037,699,21.061844556256858,677.9381554437432,682.3802956413232,547.2861033418762,,25.652052101866985,164,,9,14,4,55,0,No,1,Paid Search,South
104939,Jul-2037,1499,226.24576574626087,1272.754234253739,1442.9544310526878,1230.1181516256947,,27.636082628044257,172,31.981444195101968,23,9,4,58,3,No,0,Organic,East
104940,Jul-2037,499,106.73486495189925,392.2651350481008,488.685878762377,240.00760897014004,9.0,17.257526077960705,136,,11,8,1,34,0,Yes,0,Referral,North
104941,Jul-2037,699,5.364094226376665,693.6359057736233,676.0263026705978,340.1742322175709,14.0,143.4616735560525,105,72.58030161575084,11,13,4,56,3,Yes,0,Paid Search,South
104942,Jul-2037,699,31.16844356858175,667.8315564314182,693.4531504980762,597.6994190927956,4.0,10.132137338622712,246,174.43606937469153,26,10,5,9,2,Yes,0,Organic,East
104943,Jul-2037,499,67.89598805259149,431.1040119474085,480.2645865233364,305.04787395182166,2.0,96.05613799558682,143,51.468864141485206,14,9,2,26,1,No,0,Organic,East
104944,Jul-2037,699,96.71475894435139,602.2852410556486,722.6055020532546,355.57177178368386,10.0,96.71346927196478,147,34.97928135991701,8,4,2,30,1,No,0,Paid Search,West
104945,Jul-2037,499,6.176871139054384,492.82312886094564,512.9707762214617,319.57411303797454,5.0,98.2490158229711,224,34.77485983780146,17,9,3,56,1,Yes,0,Paid Search,North
104946,Jul-2037,499,185.34191874816554,313.65808125183446,489.3679179601185,146.58222917865606,4.0,107.0758520731784,68,65.25663898180682,15,7,5,22,2,Yes,0,Paid Search,West
104947,Jul-2037,999,3.033361925319781,995.9666380746802,1000.9907014957815,759.4162453306712,10.0,,106,64.04328066809225,28,8,3,25,1,Yes,0,Affiliate,North
104948,Jul-2037,1299,133.81469437659462,1165.1853056234054,1345.119020142679,1118.4780519927315,2.0,16.70725363067399,208,60.47042056289066,6,12,4,40,1,Yes,0,Affiliate,West
104949,Jul-2037,699,380.3543554557027,318.6456445442973,728.9886421275299,215.25634783507223,0.0,103.38929670922506,65,47.72423192063289,27,15,2,4,1,Yes,1,Organic,East
104950,Jul-2037,699,173.75130589187603,525.248694108124,670.4169963685163,390.2617494915372,5.0,59.98694461658678,94,91.29403484105183,13,9,3,47,0,Yes,0,Organic,West
104951,Jul-2037,999,391.138990997469,607.861009002531,1021.1798559953874,585.0963512512626,0.0,22.764657751268427,204,7.150828975072227,3,9,3,28,1,Yes,0,Referral,North
104952,Jul-2037,999,24.76087799675399,974.239122003246,962.5823915872551,866.600893381882,1.0,92.63822862136405,238,79.99605656185678,2,6,5,54,0,Yes,1,Paid Search,West
104953,Jul-2037,999,207.57536571455978,791.4246342854402,951.0513668381597,529.2535446426442,9.0,127.17108964279603,203,37.465271996943535,11,9,4,37,0,No,0,Referral,South
104954,Jul-2037,1499,257.3530438635912,1241.6469561364088,1435.883784854415,1081.9190210516074,5.0,84.72793508480142,280,70.24800020805033,15,7,1,10,0,Yes,0,Paid Search,West
104955,Jul-2037,1499,127.27844901920929,1371.7215509807907,1510.3744397387352,1323.204606427536,2.0,18.51694455325473,206,78.49221056591966,3,8,5,9,3,No,0,Organic,East
104956,Jul-2037,1499,23.333997069441693,1475.6660029305583,1480.5796674813994,1373.7427754403886,5.0,26.92322749016965,162,34.28719511630072,3,10,5,59,0,No,0,Affiliate,West
104957,Jul-2037,499,118.26226389332464,380.73773610667536,479.97188453835116,113.58710521533266,9.0,132.1506308913427,292,217.08519037705847,2,11,4,36,1,Yes,1,Paid Search,East
104958,Jul-2037,699,225.16763197154876,473.83236802845124,697.2054386446582,354.80002735783296,,74.03234067061828,170,22.933507461761415,8,15,1,1,1,Yes,1,Affiliate,East
104959,Jul-2037,1299,220.5864539880838,1078.4135460119162,1300.0692213864347,914.5896062903144,7.0,58.8239397216019,152,128.34660032348643,23,8,5,30,0,Yes,1,Referral,East
104960,Jul-2037,499,149.8045665050332,349.1954334949668,513.3410088844015,340.76360738209064,0.0,8.431826112876124,176,47.36807130457563,13,14,3,11,1,Yes,0,Referral,South
104961,Jul-2037,699,257.67455318060956,441.32544681939044,710.4399714356676,174.74214623014055,4.0,206.5833005892499,93,101.38692499427975,11,9,3,25,1,No,0,Affiliate,North
104962,Aug-2037,699,252.01033457908244,446.98966542091756,696.6210691446304,256.81064430629124,4.0,130.17902111462632,158,10.751114539439872,9,12,3,11,2,No,0,Organic,North
104963,Aug-2037,999,87.15988799285958,911.8401120071404,981.4512011828214,771.7944099891295,6.0,50.04570201801092,206,75.84399123156035,13,10,3,41,1,No,0,Referral,North
104964,Aug-2037,999,32.45035858298485,966.5496414170152,949.2506536017546,854.7599679418468,4.0,51.78967347516845,158,50.42627948447341,11,6,1,55,1,Yes,0,Affiliate,North
104965,Aug-2037,499,172.85206896129466,326.14793103870534,515.5688833827546,157.11745827263087,3.0,124.03047276607447,159,80.8378811613193,11,11,4,5,1,Yes,0,Referral,North
104966,Aug-2037,999,60.40349207755119,938.5965079224488,975.7218411234535,634.0665521608682,,154.52995576158065,160,80.5515587692382,1,12,4,27,0,Yes,0,Organic,East
104967,Aug-2037,699,167.24983210791484,531.7501678920852,678.9539785358025,442.8636673949368,5.0,13.886500497148411,272,96.23821634852466,18,8,1,23,1,Yes,0,Referral,West
104968,Aug-2037,999,311.46358242622784,687.5364175737722,1022.4366217697636,672.8429658149307,0.0,14.693451758841462,179,126.61964455558417,12,15,4,57,3,Yes,0,Organic,West
104969,Aug-2037,1499,202.4990419045317,1296.5009580954684,1434.7902302515515,1096.5031303618312,6.0,109.99782773363731,183,150.41302470267993,9,10,3,19,0,Yes,0,Organic,North
104970,Aug-2037,999,305.55068510660755,693.4493148933925,975.2855971658093,678.0530235578755,1.0,0.39629133551709117,58,,22,13,1,53,1,Yes,0,Referral,East
104971,Aug-2037,699,28.622423878011546,670.3775761219885,694.460581112528,559.5403019892185,1.0,95.83727413276992,64,9.403985086131483,20,8,3,3,5,No,0,Affiliate,North
104972,Aug-2037,499,280.49468864168307,218.50531135831693,496.08497953844443,120.72055572596324,1.0,82.7847556323537,261,36.62947448273931,0,5,4,8,1,No,1,Organic,West
104973,Aug-2037,1299,351.19175179819996,947.8082482018001,1254.5544367685334,846.5712669565625,,71.23698124523762,289,61.64017986149293,0,9,5,48,1,Yes,0,Paid Search,South
104974,Aug-2037,999,157.71864080496306,841.2813591950369,953.05807411271,720.9849463594576,5.0,45.296412835579254,107,37.840112256916086,27,13,1,59,3,Yes,1,Organic,South
104975,Aug-2037,699,428.6464072437227,270.3535927562773,696.9403162013925,149.94488301658424,3.0,75.40870973969305,51,102.33086494370404,7,8,2,49,1,No,0,Referral,West
104976,Aug-2037,1299,47.10825459256736,1251.8917454074326,1280.4845855292983,1134.1189585772468,6.0,27.77278683018594,180,141.32239502127808,5,8,2,36,0,Yes,0,Paid Search,West
104977,Aug-2037,1299,73.33993562886577,1225.6600643711342,1271.0519301546622,1032.5294399532088,11.0,28.13062441792544,296,92.22081611155542,19,9,3,55,2,Yes,1,Affiliate,South
104978,Aug-2037,1499,227.9922660514162,1271.0077339485838,1464.6172665075326,1081.9338414840113,1.0,174.0738924645725,229,15.853528325476667,2,10,4,15,1,Yes,0,Paid Search,North
104979,Aug-2037,1299,156.53586537962263,1142.4641346203773,1299.5425659090129,952.240243934798,1.0,175.22389068557933,104,129.41273290441637,12,8,3,13,0,Yes,0,Paid Search,West
104980,Aug-2037,699,60.851120066252605,638.1488799337474,665.5644091541703,569.7456439548295,3.0,23.40323597891792,102,32.987351331081975,24,14,2,30,2,Yes,0,Paid Search,North
104981,Aug-2037,699,224.29248919389215,474.70751080610785,671.4651535441486,427.2880375043544,3.0,,143,5.8328360291628405,24,11,1,41,1,No,1,Affiliate,West
104982,Aug-2037,999,192.66498159988723,806.3350184001127,981.5378880642161,739.5244128234875,4.0,6.8106055766252,121,19.259943924816643,11,12,3,10,3,No,0,Affiliate,North
104983,Aug-2037,999,79.64679881613014,919.3532011838698,996.9834620833083,826.8683232477034,3.0,47.484877936166384,89,101.0792904374045,19,14,4,59,0,Yes,0,Affiliate,North
104984,Aug-2037,999,172.68619512532473,826.3138048746753,1018.363345791857,782.8724158921998,0.0,43.44138898247549,262,81.98986688518363,15,9,2,34,1,Yes,0,Organic,North
104985,Aug-2037,1299,241.08306247571107,1057.9169375242889,1272.1245963903405,855.5503250328355,1.0,187.36661249145334,88,53.01672957599594,10,14,1,30,0,Yes,1,Affiliate,South
104986,Aug-2037,1299,76.98494562017855,1222.0150543798215,1320.699136873133,1156.8576192425974,2.0,35.15743513722424,220,40.51677197002154,23,11,3,25,1,Yes,0,Organic,North
104987,Aug-2037,1499,212.03949715690652,1286.9605028430935,1482.08379307961,1179.5392656420154,5.0,32.42123720107813,295,,3,7,1,6,1,Yes,0,Organic,East
104988,Aug-2037,999,45.95481269743833,953.0451873025617,1026.4445781102063,905.0864422680886,3.0,2.9587450344730257,190,35.96150608475615,7,10,5,55,1,Yes,0,Affiliate,North
104989,Aug-2037,499,69.14107428301836,429.8589257169816,498.0328800065539,349.98850692319695,0.0,79.8704187937847,153,13.452769195255623,6,15,2,52,0,No,0,Referral,South
104990,Aug-2037,1499,283.3904775864333,1215.6095224135668,1505.2044186711605,1171.1794911970258,,29.430031216540932,154,81.59745920888196,15,10,3,37,2,Yes,0,Affiliate,South
104991,Aug-2037,499,223.64955517277173,275.3504448272283,495.76000785798317,125.26206633263263,5.0,75.08837849459564,289,99.62411905896208,29,13,1,17,3,Yes,0,Affiliate,West
104992,Aug-2037,1299,76.42050097292685,1222.579499027073,1251.3127693977347,1102.1134964067421,6.0,30.466002620331018,214,84.66063390083546,11,11,3,36,1,No,1,Referral,North
104993,Sep-2037,1499,105.09304499489592,1393.906955005104,1449.7079515147964,1165.9231273724558,8.0,107.98382763264826,104,105.67175970602081,5,13,4,40,1,Yes,0,Paid Search,West
104994,Sep-2037,1499,208.76361295117914,1290.236387048821,1484.0841366449897,1247.2976201849071,0.0,42.93876686391373,209,59.53491074438604,22,12,4,32,0,No,0,Referral,North
104995,Sep-2037,699,166.6638740626006,532.3361259373994,670.9574842730852,395.0238654888948,6.0,47.31226044850459,191,102.35617489123412,5,3,3,22,1,Yes,0,Organic,North
104996,Sep-2037,1299,224.18450942207426,1074.8154905779256,1252.2608723221556,992.5638257026769,4.0,22.251664875248714,114,2.812826589762207,10,8,2,55,0,No,0,Organic,West
104997,Sep-2037,1299,163.91779917387558,1135.0822008261243,1315.0731907318482,908.1697316780403,0.0,226.91246914808409,204,49.00785111012349,11,3,3,33,2,Yes,0,Organic,South
104998,Sep-2037,1499,134.08827918248005,1364.9117208175198,1518.972929271355,1186.013740994263,2.0,148.89797982325703,73,83.05457054323938,15,6,3,55,1,Yes,0,Affiliate,South
104999,Sep-2037,1299,130.420543699531,1168.579456300469,1250.6040034336265,1080.6460209770783,3.0,42.933435323390725,164,32.27815298699553,21,13,3,22,2,Yes,0,Affiliate,West
105000,Sep-2037,1499,280.9415176313443,1218.0584823686556,1552.0373904860626,950.7870751957785,5.0,192.27140717287716,162,46.390541383419105,15,12,3,36,0,Yes,0,Organic,North
105001,Sep-2037,699,233.39275037167482,465.6072496283252,723.9351193609912,299.6390402587901,7.0,60.9682093695351,71,47.334085979112224,29,9,2,18,1,Yes,0,Organic,West
105002,Sep-2037,1499,198.56925644945542,1300.4307435505445,1480.9714324590059,1169.5014349466087,8.0,10.929308603935915,127,54.87367154249338,22,10,5,28,0,No,0,Paid Search,West
105003,Sep-2037,1299,160.65997186809332,1138.3400281319066,1298.7351618659532,975.8665727380612,9.0,27.47345539384535,94,24.550265542735886,15,8,5,13,2,Yes,0,Organic,South
105004,Sep-2037,1299,84.14175703437378,1214.8582429656262,1338.1708058298352,1115.3124534485294,3.0,54.54578951709684,185,47.598736756652514,3,12,1,18,2,Yes,1,Organic,South
105005,Sep-2037,1499,113.18956030061534,1385.8104396993847,1538.3797854206891,1174.085299938816,5.0,136.72513976056865,268,99.40286047324598,11,9,2,23,2,No,0,Organic,North
105006,Sep-2037,1499,277.76053493242523,1221.2394650675747,1478.4259330693897,1156.0371615414092,0.0,65.20230352616538,244,16.902906624778815,4,11,2,35,2,No,0,Paid Search,North
105007,Sep-2037,1499,266.46029934434597,1232.539700655654,1471.5829200813835,1005.8675019737509,10.0,76.67219868190327,113,25.768849044858516,8,7,2,18,4,Yes,0,Organic,West
105008,Sep-2037,999,72.17130843654797,926.828691563452,1015.4177890967549,734.9222891444172,3.0,146.9064024190348,146,51.23959434972578,17,14,4,10,2,Yes,0,Affiliate,South
105009,Sep-2037,1299,161.9903817269881,1137.009618273012,1281.2712122966104,923.9368261564093,13.0,18.072792116602663,164,81.75922624985164,8,11,2,51,1,No,0,Referral,North
105010,Sep-2037,1299,209.8160787136878,1089.1839212863122,1323.6096780792257,999.9893975103415,1.0,74.19452377597068,224,17.002900087344273,15,8,4,58,4,No,0,Paid Search,North
105011,Sep-2037,999,201.98212936879963,797.0178706312004,961.9996255087434,501.9077907461169,14.0,85.11007988508344,70,31.524635425049755,20,3,5,2,1,Yes,0,Affiliate,West
105012,Sep-2037,1499,201.0579219676118,1297.9420780323883,1524.7886470409007,1207.1638012507851,2.0,60.77827678160304,209,148.4851555674159,25,8,5,14,6,Yes,0,Paid Search,South
105013,Sep-2037,699,16.551021794791694,682.4489782052083,718.9317105728261,592.5287677442137,0.0,89.92021046099453,281,56.076726204066155,0,9,4,32,0,No,0,Organic,East
105014,Sep-2037,1499,9.421909374262754,1489.5780906257373,1559.650266966098,1484.281501899839,0.0,5.296588725898232,154,78.0623243748591,26,10,3,59,4,Yes,0,Organic,East
105015,Sep-2037,1499,290.42336920335754,1208.5766307966423,1492.431824872438,990.1767537356177,6.0,,94,106.30595074936461,22,10,5,30,3,Yes,1,Organic,West
105016,Sep-2037,999,331.0830238670225,667.9169761329774,1005.0243752814636,602.2253886279634,4.0,5.6915875050139775,93,56.30966903213118,4,9,3,19,1,Yes,0,Paid Search,East
105017,Sep-2037,1299,27.782536685214808,1271.2174633147852,1271.579443714286,1184.8450506462475,0.0,86.37241266853766,90,,18,7,1,5,2,Yes,0,Paid Search,South
105018,Sep-2037,1499,146.6687836026404,1352.3312163973596,1446.6090773385215,1255.4999851921393,2.0,66.83123120522022,145,43.4692209260144,2,9,4,58,0,No,0,Referral,East
105019,Sep-2037,1299,247.6860956799987,1051.3139043200013,1256.5369619183875,926.3848788492307,8.0,4.929025470770618,229,81.59935352404342,0,6,1,48,0,Yes,0,Organic,East
105020,Sep-2037,499,114.45342045116939,384.5465795488306,516.1942185928206,174.74968702062188,2.0,179.79689252820873,265,87.6564285076658,22,9,4,32,2,Yes,0,Organic,South
105021,Sep-2037,1299,21.199457030514623,1277.8005429694854,1304.3875101237954,925.4754768004975,11.0,187.32506616898786,188,33.1210766391349,13,14,1,58,0,Yes,1,Affiliate,North
105022,Sep-2037,699,138.93635734474435,560.0636426552556,690.3540767067589,461.3969201693874,5.0,23.66672248586832,150,30.289617230769544,17,10,1,10,1,Yes,0,Organic,South
105023,Oct-2037,699,78.33136127301411,620.6686387269859,724.4401024779006,506.72506901908645,0.0,113.9435697078995,164,30.20047727833527,7,16,2,5,0,Yes,0,Paid Search,North
105024,Oct-2037,1499,175.09722013746585,1323.902779862534,1441.1086107824062,1283.7058562285138,0.0,40.1969236340203,262,88.3089717825103,13,8,5,14,0,No,0,Paid Search,North
105025,Oct-2037,1299,326.4578433220426,972.5421566779573,1311.2406942628322,908.6356501971434,4.0,3.9065064808139454,67,35.31196101052389,19,11,4,39,1,Yes,0,Paid Search,West
105026,Oct-2037,1499,47.66428469841202,1451.335715301588,1542.583584873615,1371.8549383034042,0.0,79.4807769981837,188,,19,16,5,42,0,Yes,0,Paid Search,North
105027,Oct-2037,999,156.03274695784495,842.9672530421551,961.5292769595443,651.2639638724621,5.0,116.70328916969301,76,40.282853386317385,12,15,2,43,2,Yes,0,Paid Search,West
105028,Oct-2037,699,108.62446524069804,590.3755347593019,672.4762952504645,527.4889021966627,0.0,62.88663256263917,220,80.38780516617469,26,12,5,19,0,Yes,0,Referral,East
105029,Oct-2037,1499,166.3638369687767,1332.6361630312233,1429.052748349018,1281.7160207140876,2.0,20.920142317135806,151,101.68817355427845,20,9,4,11,1,No,0,Paid Search,South
105030,Oct-2037,999,150.69601429393126,848.3039857060687,1043.1517509724815,571.950114238483,8.0,156.35387146758572,242,32.19456429564,15,9,2,35,1,Yes,0,Paid Search,North
105031,Oct-2037,1499,466.4637838959051,1032.5362161040948,1527.8079811462187,783.304392238226,6.0,159.23182386586882,231,50.74227532843708,8,7,3,39,3,Yes,0,Referral,West
105032,Oct-2037,1299,328.7492950617095,970.2507049382905,1243.330052195898,875.6193911695306,6.0,4.6313137687599095,78,48.74967718714672,30,11,2,46,2,Yes,1,Paid Search,South
105033,Oct-2037,1299,39.7122624764678,1259.287737523532,1321.2463915914745,1187.0167017752603,1.0,57.271035748271636,198,43.79683399229988,6,11,4,38,0,Yes,0,Referral,South
105034,Oct-2037,1299,41.983828443298975,1257.016171556701,1273.4891858471608,1060.6989380002783,8.0,76.31723355642282,78,43.5982333627086,2,6,1,22,2,No,0,Organic,West
105035,Oct-2037,1299,56.65712901496633,1242.3428709850336,1248.2524036897614,1095.515508000291,2.0,116.82736298474254,186,72.89462991156978,19,12,5,52,2,Yes,1,Affiliate,South
105036,Oct-2037,499,1.8869419046638427,497.11305809533616,523.5617784230196,340.91304774747664,0.0,156.20001034785955,238,103.74665891818401,24,5,1,59,1,Yes,1,Referral,North
105037,Oct-2037,999,14.203557694696144,984.7964423053038,967.0203137300738,888.6328877189337,1.0,81.16355458637008,239,44.6678111156889,0,12,3,45,1,Yes,0,Affiliate,East
105038,Oct-2037,999,128.59602903662613,870.4039709633739,1028.8241472950408,792.5729335717333,3.0,32.83103739164068,248,21.58790184906331,23,11,1,46,0,Yes,0,Organic,North
105039,Oct-2037,1299,61.23749231860306,1237.762507681397,1348.5443713554023,1028.5387739503121,2.0,179.22373373108476,151,68.51257566161706,7,12,5,30,3,No,0,Affiliate,South
105040,Oct-2037,499,43.10476002408424,455.89523997591573,500.5133600954692,213.46193660946295,2.0,212.43330336645278,272,,13,10,1,52,3,Yes,0,Referral,West
105041,Oct-2037,1299,392.45687725113555,906.5431227488644,1360.8327711087918,861.0932064735715,2.0,15.449916275292942,140,66.84082098469352,12,11,2,30,4,Yes,0,Organic,East
105042,Oct-2037,499,69.49468550883834,429.50531449116164,480.03137631229674,328.8684405642638,1.0,85.63687392689785,296,58.67567023491366,6,5,4,47,1,Yes,0,Affiliate,East
105043,Oct-2037,1299,96.81987266241586,1202.180127337584,1358.8669761472602,1056.8462381039767,2.0,115.33388923360735,283,23.325453269459796,12,11,1,50,0,Yes,0,Referral,East
105044,Oct-2037,699,238.97477843911383,460.02522156088617,668.989071036968,317.035012784056,2.0,112.99020877683019,273,8.831092158890309,21,12,4,11,2,Yes,0,Organic,South
105045,Oct-2037,699,96.41658335107039,602.5834166489296,697.4160617339234,503.72786028980113,3.0,53.85555635912851,54,47.242583173217206,6,11,4,22,2,No,0,Paid Search,North
105046,Oct-2037,1499,10.119178745795665,1488.8808212542044,1552.2185478546592,1220.050902892523,5.0,193.82991836168148,146,67.21598594480345,25,9,4,10,0,Yes,0,Referral,West
105047,Oct-2037,1299,119.04723553779232,1179.9527644622076,1305.9095894304883,1089.7291217897189,1.0,75.22364267248874,64,128.0952543484159,19,15,2,43,1,Yes,0,Affiliate,West
105048,Oct-2037,999,391.0480107475323,607.9519892524677,1007.3376581628723,473.7527316606495,4.0,74.19925759181825,234,56.88179411754139,19,9,4,19,1,Yes,0,Affiliate,West
105049,Oct-2037,1499,92.22694916820907,1406.773050831791,1448.1815452913552,1343.0278308054692,1.0,48.745220026321626,54,11.23172232408082,4,18,1,54,3,No,1,Paid Search,South
105050,Oct-2037,699,40.587991700418016,658.412008299582,732.8559004486563,318.9269837200685,10.0,189.48502457951352,197,23.721114216386358,3,12,4,15,1,Yes,0,Referral,South
105051,Oct-2037,1299,200.42763970188255,1098.5723602981175,1264.0731182929133,940.7969039507541,1.0,142.77545634736336,279,60.25304353231136,3,8,2,35,0,Yes,0,Paid Search,North
105052,Oct-2037,1499,113.29026148080351,1385.7097385191964,1552.803544666543,1301.2435500461506,1.0,69.46618847304572,150,,24,10,4,35,1,Yes,1,Organic,South
105053,Oct-2037,1299,478.6792953207654,820.3207046792346,1358.306576469009,542.8447195253766,0.0,277.475985153858,130,86.67006750104377,5,14,1,1,2,Yes,0,Organic,South
105054,Nov-2037,699,55.57236579280794,643.4276342071921,683.676401234386,474.08017047162457,5.0,94.3474637355676,163,26.757022876815988,13,13,2,47,1,Yes,0,Organic,South
105055,Nov-2037,1499,358.04768642520594,1140.952313574794,1533.5540967636728,1068.7747532609603,2.0,42.17756031383382,53,,2,10,3,45,1,No,0,Affiliate,North
105056,Nov-2037,699,289.6067459866854,409.3932540133146,669.6681441418941,366.76295530007917,0.0,42.630298713235476,233,71.7549596278759,2,14,3,47,0,Yes,0,Paid Search,North
105057,Nov-2037,499,104.23856362537273,394.76143637462724,511.04812100409185,237.38982103503866,2.0,127.37161533958857,262,26.067257119182816,25,6,1,53,0,No,1,Affiliate,West
105058,Nov-2037,699,149.57816464123238,549.4218353587676,697.9051385234783,339.2238056802131,4.0,150.19802967855446,296,42.34180953083866,23,7,5,18,0,Yes,0,Referral,East
105059,Nov-2037,1299,26.414416974658565,1272.5855830253415,1249.3697279288644,1167.863676777128,4.0,,83,17.67995189031982,2,7,4,26,4,Yes,0,Paid Search,West
105060,Nov-2037,999,85.38701644523852,913.6129835547615,1038.424677834303,776.8398244853844,3.0,91.77315906937717,89,86.005588962631,29,10,5,18,2,Yes,0,Affiliate,North
105061,Nov-2037,699,103.38650044771984,595.6134995522801,711.5022658178091,420.5960470672552,9.0,40.01745248502496,246,112.71856207517841,3,14,2,41,0,Yes,0,Referral,North
105062,Nov-2037,999,168.94242372125476,830.0575762787453,965.8921927526277,785.3256584508413,,44.73191782790397,245,160.33764275633104,21,6,4,18,1,Yes,0,Organic,West
105063,Nov-2037,499,19.521615116887517,479.4783848831125,500.63707949137046,251.49534661698863,8.0,107.98303826612387,298,49.536363482063145,8,6,5,43,0,Yes,0,Referral,West
105064,Nov-2037,1499,187.37816044035503,1311.621839559645,1472.8981945495452,996.3646717378217,10.0,165.25716782182317,199,62.08707400644203,21,14,1,18,1,Yes,0,Organic,West
105065,Nov-2037,1499,132.4957894444022,1366.5042105555979,1530.5634699721631,1295.5071649724675,2.0,40.99704558313037,176,58.16356492279978,15,5,2,32,0,Yes,0,Affiliate,East
105066,Nov-2037,999,197.7729361215399,801.2270638784601,1011.7334728408223,694.8500594878072,5.0,31.3770043906528,191,108.3469781450111,18,17,4,38,0,Yes,0,Organic,East
105067,Nov-2037,1499,215.67679706932302,1283.3232029306769,1452.4627408047572,1116.4781439058002,11.0,1.845059024876747,245,28.86038411973845,15,10,3,58,0,Yes,0,Affiliate,South
105068,Nov-2037,699,122.88774673730582,576.1122532626941,680.9736492208717,515.4718905499009,2.0,30.640362712793262,185,42.37040724805177,11,5,4,27,0,Yes,0,Paid Search,East
105069,Nov-2037,999,208.58373322695437,790.4162667730457,1019.4339590017161,680.6929001181832,5.0,,177,64.03264597270655,5,8,2,49,4,Yes,0,Paid Search,North
105070,Nov-2037,1299,139.53886062888824,1159.4611393711118,1321.7535381721916,987.4650608351005,8.0,51.99607853601134,116,103.89033321007895,19,12,3,56,4,Yes,0,Organic,East
105071,Nov-2037,699,239.21675873136786,459.78324126863214,685.8758567210745,408.97844358909026,1.0,35.804797679541906,223,122.68208135407005,20,8,1,29,0,Yes,0,Organic,North
105072,Nov-2037,699,187.93509796316684,511.06490203683313,697.4790531067626,322.5476633466383,10.0,38.51723869019489,206,96.60797112147002,30,13,4,49,0,Yes,1,Affiliate,South
105073,Nov-2037,699,171.724980137525,527.275019862475,696.7069615264792,431.6232113506251,4.0,35.65180851184987,267,45.36161184026475,29,6,5,41,1,No,1,Affiliate,South
105074,Nov-2037,1299,137.7064828639121,1161.293517136088,1250.2150504009135,1102.93770777411,2.0,28.355809361977805,163,77.85620996006071,20,8,5,20,1,Yes,1,Referral,West
105075,Nov-2037,499,305.49790955400147,193.50209044599853,505.04078096434694,72.81454540066169,2.0,90.68754504533685,168,52.652285691297045,2,11,1,35,0,Yes,0,Affiliate,East
105076,Nov-2037,1499,198.62222751540273,1300.3777724845972,1463.6891414682232,1198.7094376051773,6.0,11.668334879419966,143,35.059636322168714,20,3,2,23,1,Yes,0,Organic,South
105077,Nov-2037,999,8.575496759831879,990.4245032401682,994.9936688591856,929.8633001280378,1.0,45.5612031121303,61,57.73137901216659,27,7,1,56,0,Yes,0,Affiliate,East
105078,Nov-2037,499,93.36590768833429,405.6340923116657,477.6308631523675,169.576460416249,0.0,236.0576318954167,256,245.1333873871531,27,6,2,12,0,Yes,0,Referral,East
105079,Nov-2037,999,122.56982300077969,876.4301769992203,1010.3928419328677,740.809529876487,1.0,120.62064712273326,293,28.33118591238407,4,8,3,53,3,Yes,0,Paid Search,South
105080,Nov-2037,1499,149.86522076330326,1349.1347792366967,1549.9058893276842,1185.6304072721623,3.0,118.50437196453436,101,31.205084635402493,6,7,2,35,2,No,0,Organic,South
105081,Nov-2037,1299,171.20488214718083,1127.7951178528192,1308.0401241050308,1050.107026256975,0.0,77.68809159584426,235,49.773251126071294,24,13,3,36,0,Yes,0,Affiliate,North
105082,Nov-2037,699,36.693994286782626,662.3060057132174,705.7668853552534,621.0856161676262,2.0,11.220389545591125,282,101.21150421932273,4,7,4,42,3,Yes,1,Paid Search,East
105083,Nov-2037,699,141.84025675020897,557.1597432497911,711.1141961406752,504.5426012347921,2.0,22.617142014999047,51,11.015135534012721,8,13,4,54,0,Yes,0,Affiliate,South
105084,Dec-2037,1299,112.30543832941561,1186.6945616705843,1259.5541424619514,983.4209883718094,1.0,188.273573298775,50,89.51448613573254,14,11,1,28,1,Yes,0,Referral,South
105085,Dec-2037,499,280.1693091304752,218.8306908695248,477.4826333171652,-1.080886282884478,0.0,219.91157715240928,288,34.034923914734854,20,10,1,37,0,Yes,0,Referral,South
105086,Dec-2037,499,30.590602881446856,468.40939711855316,516.6645841168485,426.8342154690772,1.0,26.575181649475947,104,,19,7,4,20,1,Yes,0,Organic,West
105087,Dec-2037,999,147.91456799902005,851.08543200098,1033.62612235385,776.144275843866,4.0,14.941156157113909,288,64.74812553770906,5,12,5,35,1,Yes,0,Organic,North
105088,Dec-2037,1299,67.75378651914478,1231.2462134808552,1304.799142474252,1090.9465210052813,0.0,140.29969247557395,269,41.37713229115036,7,12,3,54,3,No,0,Affiliate,North
105089,Dec-2037,499,373.5595098623752,125.4404901376248,483.88380451224526,80.12069029023348,1.0,30.319799847391316,153,15.971848958164074,19,10,4,7,3,No,1,Organic,South
105090,Dec-2037,1299,300.79363231841774,998.2063676815823,1340.2100388205597,841.5299976373077,4.0,96.67637004427455,148,103.81368109236492,4,11,5,34,2,No,0,Referral,South
105091,Dec-2037,1499,47.08294984687174,1451.9170501531282,1457.0647228102512,1312.2758401024566,3.0,94.64121005067149,211,48.54667464680636,25,13,2,6,4,No,0,Affiliate,South
105092,Dec-2037,699,54.454357789711466,644.5456422102885,724.2279930459376,546.5596608993262,3.0,52.985981310962266,241,41.227935277600466,16,6,4,19,0,Yes,0,Paid Search,South
105093,Dec-2037,699,254.51079504812637,444.4892049518736,693.6713980394541,306.281290106239,5.0,63.207914845634576,117,29.667503599579643,9,7,5,42,2,Yes,0,Organic,East
105094,Dec-2037,699,204.87396576518418,494.12603423481585,668.0685161937688,369.55852899443323,3.0,79.5675052403826,131,68.89804578709203,27,9,4,8,0,Yes,1,Affiliate,North
105095,Dec-2037,1299,201.11181391755767,1097.8881860824424,1340.1619161067824,910.8014823246165,10.0,37.086703757826044,189,101.9317685149214,30,11,2,48,1,Yes,0,Paid Search,North
105096,Dec-2037,1299,172.90232469115077,1126.0976753088491,1306.8754872731517,1061.7191008401987,,,99,52.95299080719567,0,14,2,30,1,Yes,0,Affiliate,West
105097,Dec-2037,999,264.14398620814967,734.8560137918503,980.8539751371242,636.7951129003034,2.0,68.0609008915469,70,29.571716957789736,29,16,3,2,0,Yes,1,Organic,West
105098,Dec-2037,699,243.7171925276951,455.2828074723049,695.7099463382867,321.6251471293547,8.0,,59,119.02707359368503,15,16,2,16,1,Yes,0,Paid Search,North
105099,Dec-2037,999,115.13326323365995,883.8667367663401,1037.5813652634965,596.6785278929946,1.0,272.1882088733455,134,21.912057115755953,23,9,2,53,0,Yes,0,Referral,West
105100,Dec-2037,699,6.088980008768772,692.9110199912312,678.2505968137457,617.304740030585,1.0,60.60627996064624,153,46.41927583701685,22,10,3,46,0,Yes,0,Organic,West
105101,Dec-2037,999,52.80783134317767,946.1921686568223,959.4185385742644,842.1365654529391,1.0,89.05560320388332,138,108.82398530914419,20,10,4,24,2,Yes,0,Referral,West
105102,Dec-2037,999,137.56335297154794,861.4366470284521,1027.4505296519185,596.3211015830132,6.0,175.11554544543884,163,43.489381852297484,24,10,4,25,0,Yes,1,Affiliate,West
105103,Dec-2037,1499,70.78819970925124,1428.2118002907487,1517.2405429546964,1252.5269894396058,4.0,115.68481085114277,258,14.910632562614806,0,14,3,13,2,No,0,Referral,East
105104,Dec-2037,999,180.11960684104912,818.8803931589509,1035.9599484704083,742.5793466561125,1.0,61.30104650283837,164,,30,8,4,55,4,No,0,Paid Search,West
105105,Dec-2037,1299,113.03621542591081,1185.9637845740892,1274.7616447697587,1005.709342244653,1.0,165.25444232943624,247,121.24662465420917,2,11,4,9,1,Yes,0,Paid Search,North
105106,Dec-2037,999,383.26932437537266,615.7306756246273,1005.1190716059632,599.2107201972697,1.0,1.5199554273576794,63,34.39904189229638,5,13,5,30,0,Yes,0,Referral,North
105107,Dec-2037,699,191.17551269907682,507.8244873009232,667.015235311669,392.47159289595606,5.0,40.3528944049671,278,38.04179090050327,16,14,3,9,1,Yes,0,Organic,West
105108,Dec-2037,999,146.49297845252178,852.5070215474782,1033.6331017423438,765.169952193485,1.0,,217,102.9403959714551,29,9,3,40,0,Yes,0,Paid Search,East
105109,Dec-2037,499,43.940366367639484,455.0596336323605,483.5900648595849,357.4644717523633,4.0,37.59516187999718,153,2.4039578673944635,27,14,1,7,1,Yes,0,Referral,West
105110,Dec-2037,699,1.4785302379205234,697.5214697620795,672.0618543021343,621.5408143569008,3.0,30.980655405178695,131,123.37675391002483,21,6,5,16,2,No,0,Referral,North
105111,Dec-2037,499,231.76249707195228,267.2375029280477,498.229157349568,54.189602817151496,7.0,108.04790011089622,79,,1,10,4,38,4,Yes,0,Referral,West
105112,Dec-2037,699,112.42840068131201,586.571599318688,716.1194691160374,509.86923654648456,4.0,16.70236277220343,250,11.608497650679048,25,10,1,32,1,Yes,1,Affiliate,South
105113,Dec-2037,1299,454.24508976474004,844.75491023526,1261.2987895763713,616.9004443522876,9.0,92.85446588297238,63,44.794122063781835,29,11,5,29,1,Yes,1,Organic,South
105114,Dec-2037,1299,140.03384461976862,1158.9661553802314,1264.3780419239795,962.6854959391025,0.0,196.28065944112893,287,,4,9,4,43,1,Yes,0,Affiliate,South
105115,Jan-2038,1299,170.27067361665044,1128.7293263833496,1275.0456743488542,871.3182756793698,5.0,182.41105070397984,229,41.50104092128741,10,10,5,51,3,No,1,Paid Search,West
105116,Jan-2038,499,8.027637777351373,490.9723622226486,514.5234763769389,306.5022025628375,6.0,94.47015965981112,159,19.415732071364317,9,10,2,40,2,Yes,0,Paid Search,West
105117,Jan-2038,1499,263.69178786183784,1235.3082121381622,1536.0784236880345,1149.490718267545,5.0,10.817493870617291,194,101.94769659127181,14,10,4,51,1,No,1,Referral,East
105118,Jan-2038,699,38.913493510106804,660.0865064898932,682.9128522604652,421.8407636025215,11.0,73.24574288737168,111,47.42532171532852,17,19,5,15,2,Yes,0,Organic,East
105119,Jan-2038,1299,212.92944982928248,1086.0705501707175,1267.1918492583584,858.8389582372666,5.0,152.23159193345086,275,11.036118585039599,16,10,5,11,3,No,1,Affiliate,North
105120,Jan-2038,699,247.4151977004754,451.5848022995246,727.4099631498862,339.7929635862763,3.0,66.79183871324828,159,68.93683813624426,13,4,1,9,2,Yes,0,Referral,North
105121,Jan-2038,499,161.42319108816315,337.57680891183685,504.7293609630864,185.1951966101136,,152.38161230172324,199,15.077795106341881,27,7,5,16,2,No,0,Paid Search,South
105122,Jan-2038,1499,360.83651227647636,1138.1634877235238,1457.7747492528854,1134.6130691792014,0.0,,102,162.14181976059257,29,3,2,25,1,Yes,0,Organic,East
105123,Jan-2038,499,76.71563140197003,422.28436859802997,481.05512013316155,195.90061872605685,10.0,76.38374987197314,209,56.419013031583845,29,5,2,32,1,Yes,0,Affiliate,North
105124,Jan-2038,699,351.0648255745858,347.9351744254142,668.674193871178,269.53795393910747,0.0,78.39722048630671,125,26.73728343340266,27,12,5,45,2,Yes,1,Referral,West
105125,Jan-2038,1499,2.5135222319882757,1496.4864777680118,1460.9780715085133,1236.418986939884,7.0,155.06749082812775,104,26.13302724649665,12,17,4,10,1,Yes,0,Paid Search,West
105126,Jan-2038,1499,245.8834190255563,1253.1165809744437,1531.9825688494398,1100.4321166817515,2.0,122.6844642926921,298,54.65068814369576,19,11,1,10,1,No,1,Paid Search,South
105127,Jan-2038,499,132.91038224502523,366.08961775497477,492.5956407656572,140.88950260135846,8.0,105.20011515361631,257,,1,7,4,30,0,Yes,0,Paid Search,West
105128,Jan-2038,1299,65.02408906640781,1233.975910933592,1359.406901680374,1086.0295243030066,2.0,117.94638663058558,71,31.689349532375537,24,9,5,57,2,No,0,Organic,North
105129,Jan-2038,699,49.353449847841944,649.646550152158,686.7155992208316,587.8784829049115,1.0,46.76806724724655,215,42.81512604142847,11,10,2,20,2,Yes,0,Organic,South
105130,Jan-2038,999,118.71970272998253,880.2802972700175,964.0550711542617,783.9972364818976,4.0,36.2830607881199,227,,26,8,3,41,0,No,0,Paid Search,South
105131,Jan-2038,999,111.14219037831539,887.8578096216846,966.6917288281414,842.4652187192748,1.0,30.392590902409808,152,43.43540330574158,10,12,1,34,4,Yes,0,Paid Search,North
105132,Jan-2038,499,170.74874675453498,328.251253245465,498.42384271250745,326.0016531663118,0.0,,243,14.621636372763172,18,9,4,1,3,Yes,0,Organic,South
105133,Jan-2038,699,236.9777971572887,462.0222028427113,729.5783229759867,260.9217652808895,11.0,36.10043756182184,94,54.90667694424819,11,12,2,32,1,Yes,1,Referral,North
105134,Jan-2038,699,52.984059227358586,646.0159407726414,726.9795709496782,470.5041681597951,3.0,130.51177261284639,168,31.09960342554389,24,10,4,40,2,No,0,Referral,West
105135,Jan-2038,499,360.992121740472,138.007878259528,483.1974796867683,99.02229344972787,,38.98558480980014,57,41.59011316404688,3,8,5,31,0,Yes,1,Referral,West
105136,Jan-2038,699,85.3758345233258,613.6241654766742,716.7883898914141,600.9987043909471,0.0,12.62546108572711,285,150.9245639842195,9,7,4,48,1,No,1,Paid Search,North
105137,Jan-2038,1299,222.26327748328796,1076.736722516712,1331.7840633626136,997.2483505768666,3.0,34.488371939845294,114,43.436380889150655,11,11,1,54,1,No,1,Affiliate,West
105138,Jan-2038,499,160.820085991594,338.179914008406,482.29857605936553,130.51136358445,10.0,57.66855042395599,282,5.422574324911133,6,12,3,11,1,Yes,0,Paid Search,North
105139,Jan-2038,1299,126.15483436133013,1172.8451656386699,1272.7856535699837,1018.9438873808308,,18.901278257838978,217,40.08816858984138,22,6,3,58,3,No,0,Affiliate,South
105140,Jan-2038,699,154.80686187180382,544.1931381281962,669.365098644391,436.872998954171,2.0,77.3201391740252,282,48.719088754712146,5,10,5,41,3,No,0,Affiliate,East
105141,Jan-2038,499,37.1654978195275,461.8345021804725,477.7854741136721,264.9287040935906,13.0,1.9057980868818802,54,79.95706657392246,7,8,1,57,1,Yes,0,Organic,East
105142,Jan-2038,699,103.49206409130824,595.5079359086917,694.9531420863152,529.5559157982369,2.0,35.95202011045476,94,61.342506499768845,26,12,3,19,1,Yes,0,Paid Search,North
105143,Jan-2038,499,10.770630395537921,488.2293696044621,498.2028238869372,121.53461965753309,8.0,246.694749946929,95,60.635843008184594,10,11,2,50,0,Yes,0,Affiliate,West
105144,Jan-2038,699,84.08755966556762,614.9124403344324,666.3388676337371,440.06434506964536,5.0,99.84809526478708,213,64.53430614506931,5,14,4,7,1,Yes,0,Referral,South
105145,Jan-2038,1299,93.99996875784737,1205.0000312421525,1359.5631246214605,1187.3142541786267,0.0,17.685777063525805,194,88.03750315638237,24,11,5,53,1,Yes,0,Paid Search,West
105146,Feb-2038,1299,251.42656353256118,1047.5734364674388,1297.2216428898037,853.4188615315761,3.0,149.15457493586266,218,14.331167932261428,20,8,2,29,0,No,0,Referral,East
105147,Feb-2038,699,110.16897679835333,588.8310232016466,719.1200292552547,354.95835816080273,4.0,173.8726650408439,207,188.19211403182328,26,8,5,42,2,Yes,0,Organic,West
105148,Feb-2038,499,96.23020515151532,402.7697948484847,505.7331174836099,259.87525911619036,,97.89453573229434,229,38.28399373858909,2,12,1,38,2,Yes,0,Organic,West
105149,Feb-2038,999,176.4048199984847,822.5951800015152,1010.9193076716176,750.0386644212252,4.0,12.556515580289975,128,20.785084084994622,20,10,5,53,0,Yes,0,Affiliate,East
105150,Feb-2038,1299,171.70231311870756,1127.2976868812925,1273.4269696478675,874.6592594609411,8.0,132.63842742035138,197,68.97004353021119,19,7,3,36,2,Yes,0,Organic,East
105151,Feb-2038,1299,79.0751194422054,1219.9248805577945,1349.2858355916846,1216.1098605076468,0.0,3.8150200501477727,213,41.94528013598606,18,9,1,33,1,No,0,Organic,West
105152,Feb-2038,999,197.30740710225575,801.6925928977442,978.9937984034337,628.6248392656886,1.0,158.06775363205568,115,96.49043917308282,0,14,5,36,2,Yes,0,Organic,West
105153,Feb-2038,699,128.56233627863344,570.4376637213666,730.5605045187552,509.711166216356,2.0,30.72649750501054,222,32.38110430197546,23,4,2,26,0,No,0,Paid Search,South
105154,Feb-2038,499,78.8804039213992,420.1195960786008,476.0168330690017,392.48079920605716,0.0,27.638796872543672,53,105.45898304204405,30,10,1,29,1,Yes,0,Referral,North
105155,Feb-2038,699,90.54254028732075,608.4574597126792,672.0674681561248,516.532871516989,0.0,91.92458819569026,227,,3,19,1,29,1,No,0,Referral,South
105156,Feb-2038,1499,263.92208272223314,1235.0779172777668,1532.962385847517,922.2566500003061,10.0,162.82126727746066,137,,27,12,5,35,0,No,0,Referral,South
105157,Feb-2038,1299,94.14864080885306,1204.851359191147,1313.1198078615073,950.3938891597945,1.0,239.4574700313524,289,50.47582344089166,18,10,5,3,0,Yes,0,Paid Search,West
105158,Feb-2038,1499,181.33504038073718,1317.6649596192628,1531.5379276943315,1265.5037895578068,,52.16117006145603,104,134.13207370742902,27,6,1,46,0,No,0,Referral,South
105159,Feb-2038,1299,3.8880317256556225,1295.1119682743445,1317.3957978617557,1247.8858302519136,2.0,17.226138022430824,108,18.284124993743905,19,6,4,5,1,No,0,Affiliate,South
105160,Feb-2038,1299,283.8365998070712,1015.1634001929287,1302.533804307999,924.5097373164965,5.0,15.653662876432278,219,85.19932628058469,16,12,4,33,5,Yes,0,Referral,South
105161,Feb-2038,1499,80.04068710098106,1418.9593128990189,1428.725015566169,1230.4093507532868,8.0,68.54996214573205,51,83.70645007779453,27,15,3,11,1,Yes,1,Paid Search,South
105162,Feb-2038,1499,198.03473960926647,1300.9652603907334,1545.3060025003795,1225.4823185045366,3.0,30.482941886196812,95,44.6435828719925,21,10,1,6,1,No,0,Referral,West
105163,Feb-2038,699,119.81182463962838,579.1881753603716,699.7093213345353,450.3370034736014,4.0,68.8511718867702,51,5.7796105185830235,18,7,4,2,0,No,0,Paid Search,East
105164,Feb-2038,1499,196.66009893509502,1302.339901064905,1439.9116784140424,1137.967781663882,2.0,134.37211940102287,227,85.76615501023667,23,17,2,13,1,Yes,0,Affiliate,West
105165,Feb-2038,699,203.21282644376316,495.78717355623684,677.5049148541153,368.4879468644604,7.0,22.29922669177641,178,39.66754709035191,26,10,1,1,2,Yes,1,Referral,South
105166,Feb-2038,699,132.64040877478746,566.3595912252125,710.3240152564354,393.3890484689148,4.0,112.9705427562977,62,119.79307861373826,13,10,4,27,0,Yes,0,Organic,North
105167,Feb-2038,699,73.91574579531235,625.0842542046877,669.4332028093606,591.1320948667164,1.0,18.95215933797118,119,98.89047412152348,30,13,5,40,0,Yes,0,Organic,North
105168,Feb-2038,1299,280.9218131289889,1018.0781868710111,1346.9956746754824,948.8508998216993,4.0,9.227287049311805,71,119.38605329308925,29,13,2,42,1,Yes,0,Paid Search,East
105169,Feb-2038,1299,133.21168052389973,1165.7883194761002,1336.766565975741,1070.2244440785735,4.0,35.56387539752684,66,75.81668420363376,29,8,3,15,2,No,0,Paid Search,North
105170,Feb-2038,1499,194.16072086088792,1304.839279139112,1469.967356292838,1103.2920663211883,3.0,156.54721281792376,236,55.972298491789,28,10,4,35,0,No,1,Paid Search,South
105171,Feb-2038,1299,233.00624278899227,1065.9937572110077,1348.8181604389272,872.481409892875,1.0,178.51234731813264,290,137.32189338521198,9,12,5,30,2,Yes,0,Paid Search,West
105172,Feb-2038,1499,95.13910234283651,1403.8608976571636,1556.7379171977257,1335.5318657195498,4.0,8.329031937613863,135,234.34160426091603,20,15,2,6,0,Yes,0,Organic,West
105173,Feb-2038,1299,212.05625479253547,1086.9437452074644,1342.8857133232782,1057.2124763027136,1.0,14.731268904750706,284,52.21009761889902,8,11,2,34,2,Yes,0,Organic,North
105174,Mar-2038,499,60.28774870509113,438.71225129490887,489.4020074052185,218.9065455635441,8.0,99.80570573136472,119,118.04124825345926,24,12,3,21,1,Yes,0,Affiliate,East
105175,Mar-2038,499,196.50514277742576,302.49485722257424,506.7775292445861,-50.747638540417086,11.0,188.24249576299133,165,29.826229073345434,15,5,5,32,4,Yes,1,Affiliate,West
105176,Mar-2038,1499,152.3643316173445,1346.6356683826555,1491.7182919946385,1167.522140400984,0.0,179.11352798167155,52,20.212012420854197,14,11,4,57,4,Yes,0,Affiliate,East
105177,Mar-2038,1299,99.30058277994519,1199.6994172200548,1304.0509431307078,1105.5042068186206,5.0,19.195210401434256,159,30.29567022883181,26,9,1,55,0,No,0,Organic,West
105178,Mar-2038,1299,155.63906043755978,1143.3609395624403,1287.268710541676,1018.0447768708261,,35.31616269161425,298,,15,14,2,20,0,Yes,0,Affiliate,North
105179,Mar-2038,699,23.376783192461772,675.6232168075383,664.3287680315248,537.0998930171214,6.0,48.52332379041685,247,87.717877905603,17,11,4,35,0,Yes,1,Paid Search,West
105180,Mar-2038,999,187.08479132086768,811.9152086791323,950.0465104748318,778.6222260490455,1.0,18.292982630086886,130,35.26289541809593,20,13,1,9,1,Yes,0,Affiliate,South
105181,Mar-2038,1499,199.53864948273824,1299.4613505172617,1539.9000160694127,1091.730806424124,10.0,57.730544093137816,276,21.798271518453507,22,14,4,52,0,No,0,Organic,North
105182,Mar-2038,999,191.4768167884937,807.5231832115063,1043.5937438551377,749.541081870658,0.0,57.982101340848374,226,22.016476225195582,22,5,4,37,1,Yes,0,Organic,West
105183,Mar-2038,999,330.2604993049179,668.7395006950821,971.9876160141358,617.3385216366742,3.0,6.400979058407977,292,74.63902741167917,9,7,2,6,3,Yes,0,Affiliate,East
105184,Mar-2038,1499,138.60315430739809,1360.3968456926018,1505.6436521157243,1217.6196914019265,5.0,67.77715429067521,227,87.31935611874955,2,11,2,10,1,No,0,Paid Search,West
105185,Mar-2038,1299,146.8652793446514,1152.1347206553487,1273.804643854139,930.5367554334862,10.0,71.59796522186244,150,78.59636801804125,6,14,4,53,2,Yes,0,Paid Search,South
105186,Mar-2038,1499,9.56767186539605,1489.432328134604,1495.6339386936033,1311.9075669909105,6.0,87.52476114369341,288,84.9912638784668,6,10,4,9,1,Yes,1,Referral,East
105187,Mar-2038,999,338.6963389851486,660.3036610148514,960.8531408439627,318.6721130775884,14.0,131.631547937263,84,39.702540637153085,19,12,3,33,0,Yes,0,Organic,South
105188,Mar-2038,1299,29.77720741614081,1269.2227925838592,1328.280420054267,1053.6203850835066,8.0,95.60240750035258,200,184.19570384527438,10,9,1,59,2,Yes,0,Paid Search,East
105189,Mar-2038,499,177.42763280398532,321.5723671960147,499.8110047003047,236.31576476268913,,10.256602433325554,249,40.45697608141013,22,9,5,16,2,Yes,1,Affiliate,North
105190,Mar-2038,1499,76.22627115496982,1422.7737288450303,1470.3277318512098,1279.01399064805,0.0,143.75973819698032,184,33.62936108666998,23,8,5,32,1,Yes,0,Organic,South
105191,Mar-2038,1499,157.4779935209567,1341.5220064790433,1523.5189391648673,1165.526268609201,1.0,160.99573786984223,99,86.05695209594343,2,15,3,38,1,Yes,0,Organic,West
105192,Mar-2038,1299,6.967112655191016,1292.032887344809,1300.4605773414373,1156.6097701157707,,75.42311722903834,59,39.22168191627955,17,9,4,48,2,Yes,0,Organic,East
105193,Mar-2038,499,256.99961637250544,242.00038362749456,494.2237309114701,105.07730983542086,5.0,61.92307379207371,267,33.095203684084254,24,8,4,20,0,Yes,0,Organic,East
105194,Mar-2038,499,35.37844820405522,463.6215517959448,500.65645557800656,403.19811578537156,4.0,0.4234360105732833,232,41.88393534548463,27,12,3,20,0,Yes,0,Paid Search,East
105195,Mar-2038,1299,289.95037357193837,1009.0496264280616,1357.932674974883,946.5837670655677,,17.465859362493966,251,59.75225737593139,11,8,5,3,2,Yes,0,Affiliate,North
105196,Mar-2038,699,38.68674577724519,660.3132542227548,668.8927231602248,449.5392331690149,5.0,135.77402105373997,68,,22,9,2,14,2,Yes,0,Affiliate,North
105197,Mar-2038,1499,267.0254902925287,1231.9745097074713,1562.5544936704705,929.023574965931,7.0,197.95093474154032,72,10.694831161260709,16,17,2,21,1,Yes,0,Referral,East
105198,Mar-2038,1499,50.284214833318245,1448.7157851666818,1442.9873436780044,1416.9139703359124,1.0,16.801814830769437,144,105.90973150867781,25,10,4,8,2,Yes,0,Organic,West
105199,Mar-2038,999,76.24683464817909,922.7531653518209,969.6664640079142,841.4570590619437,3.0,36.296106289877216,113,14.16633701008074,25,12,1,52,3,Yes,1,Referral,East
105200,Mar-2038,1299,149.7784693963056,1149.2215306036944,1361.2455529119843,1117.442474871743,2.0,1.7790557319515727,210,16.170434901334684,8,10,5,55,1,Yes,0,Organic,North
